,NEWORDER,INDPRO,CUMFNS,BOPGTB,ISRATIO,RPI,DPCERA3M086SBEA,PCEPILFE,RSXFS,JTSJOL,ICSA,CCSA,AHETPI,MORTGAGE30US,PERMIT,COMPUTSA,BUSLOANS,M2SL,FEDFUNDS,CPIAUCSL,PPIACO,MICH,EXPINF1YR,TB3MS,TB6MS,GS1,GS2,GS5,GS10,BAMLH0A0HYM2,BAMLC0A0CM,T10Y2YM,T10Y3MM,TWEXBMTH,TWEXBGSMTH,EXSZUS,EXJPUS,EXUSUK,EXUSEU,EXBEUS,EXGEUS,EXDNUS,EXFRUS,EXUSIR,EXITUS,EXNEUS,CCUSMA02LUM618N,EXSPUS,EXGRUS,EXPOUS,EXCAUS,WPU012202,WPU0121,WTISPLC,WPUSI019011,PNGASUSUSDM,USACSCICP02STSAM,UMCSENT,KCFSI,STLFSI4,NFCI,USEPUINDXD,EPUMONETARY,EPUTRADE,VIXCLS,CCSA/ICSA,COMPUTSA/PERMIT,1/EXSZUS,1/EXJPUS,1/EXCAUS,Extended_TWEXBGSMTH,Inverted_TWEXBGSMTH,ECU_EUR_USD
1913-01-01,,,,,,,,,,,,,,,,,,,,,12.1,,,,,,,,,,,,,,,,,,,,,,,,,,,,,,,,,,,,,,,,,,,,,,,,,,,,
1913-02-01,,,,,,,,,,,,,,,,,,,,,12.0,,,,,,,,,,,,,,,,,,,,,,,,,,,,,,,,,,,,,,,,,,,,,,,,,,,,
1913-03-01,,,,,,,,,,,,,,,,,,,,,12.0,,,,,,,,,,,,,,,,,,,,,,,,,,,,,,,,,,,,,,,,,,,,,,,,,,,,
1913-04-01,,,,,,,,,,,,,,,,,,,,,12.0,,,,,,,,,,,,,,,,,,,,,,,,,,,,,,,,,,,,,,,,,,,,,,,,,,,,
1913-05-01,,,,,,,,,,,,,,,,,,,,,11.9,,,,,,,,,,,,,,,,,,,,,,,,,,,,,,,,,,,,,,,,,,,,,,,,,,,,
1913-06-01,,,,,,,,,,,,,,,,,,,,,11.9,,,,,,,,,,,,,,,,,,,,,,,,,,,,,,,,,,,,,,,,,,,,,,,,,,,,
1913-07-01,,,,,,,,,,,,,,,,,,,,,12.0,,,,,,,,,,,,,,,,,,,,,,,,,,,,,,,,,,,,,,,,,,,,,,,,,,,,
1913-08-01,,,,,,,,,,,,,,,,,,,,,12.0,,,,,,,,,,,,,,,,,,,,,,,,,,,,,,,,,,,,,,,,,,,,,,,,,,,,
1913-09-01,,,,,,,,,,,,,,,,,,,,,12.2,,,,,,,,,,,,,,,,,,,,,,,,,,,,,,,,,,,,,,,,,,,,,,,,,,,,
1913-10-01,,,,,,,,,,,,,,,,,,,,,12.2,,,,,,,,,,,,,,,,,,,,,,,,,,,,,,,,,,,,,,,,,,,,,,,,,,,,
1913-11-01,,,,,,,,,,,,,,,,,,,,,12.1,,,,,,,,,,,,,,,,,,,,,,,,,,,,,,,,,,,,,,,,,,,,,,,,,,,,
1913-12-01,,,,,,,,,,,,,,,,,,,,,11.9,,,,,,,,,,,,,,,,,,,,,,,,,,,,,,,,,,,,,,,,,,,,,,,,,,,,
1914-01-01,,,,,,,,,,,,,,,,,,,,,11.8,,,,,,,,,,,,,,,,,,,,,,,,,,,,,,,,,,,,,,,,,,,,,,,,,,,,
1914-02-01,,,,,,,,,,,,,,,,,,,,,11.8,,,,,,,,,,,,,,,,,,,,,,,,,,,,,,,,,,,,,,,,,,,,,,,,,,,,
1914-03-01,,,,,,,,,,,,,,,,,,,,,11.7,,,,,,,,,,,,,,,,,,,,,,,,,,,,,,,,,,,,,,,,,,,,,,,,,,,,
1914-04-01,,,,,,,,,,,,,,,,,,,,,11.7,,,,,,,,,,,,,,,,,,,,,,,,,,,,,,,,,,,,,,,,,,,,,,,,,,,,
1914-05-01,,,,,,,,,,,,,,,,,,,,,11.6,,,,,,,,,,,,,,,,,,,,,,,,,,,,,,,,,,,,,,,,,,,,,,,,,,,,
1914-06-01,,,,,,,,,,,,,,,,,,,,,11.6,,,,,,,,,,,,,,,,,,,,,,,,,,,,,,,,,,,,,,,,,,,,,,,,,,,,
1914-07-01,,,,,,,,,,,,,,,,,,,,,11.6,,,,,,,,,,,,,,,,,,,,,,,,,,,,,,,,,,,,,,,,,,,,,,,,,,,,
1914-08-01,,,,,,,,,,,,,,,,,,,,,12.0,,,,,,,,,,,,,,,,,,,,,,,,,,,,,,,,,,,,,,,,,,,,,,,,,,,,
1914-09-01,,,,,,,,,,,,,,,,,,,,,12.1,,,,,,,,,,,,,,,,,,,,,,,,,,,,,,,,,,,,,,,,,,,,,,,,,,,,
1914-10-01,,,,,,,,,,,,,,,,,,,,,11.7,,,,,,,,,,,,,,,,,,,,,,,,,,,,,,,,,,,,,,,,,,,,,,,,,,,,
1914-11-01,,,,,,,,,,,,,,,,,,,,,11.7,,,,,,,,,,,,,,,,,,,,,,,,,,,,,,,,,,,,,,,,,,,,,,,,,,,,
1914-12-01,,,,,,,,,,,,,,,,,,,,,11.6,,,,,,,,,,,,,,,,,,,,,,,,,,,,,,,,,,,,,,,,,,,,,,,,,,,,
1915-01-01,,,,,,,,,,,,,,,,,,,,,11.8,,,,,,,,,,,,,,,,,,,,,,,,,,,,,,,,,,,,,,,,,,,,,,,,,,,,
1915-02-01,,,,,,,,,,,,,,,,,,,,,11.8,,,,,,,,,,,,,,,,,,,,,,,,,,,,,,,,,,,,,,,,,,,,,,,,,,,,
1915-03-01,,,,,,,,,,,,,,,,,,,,,11.8,,,,,,,,,,,,,,,,,,,,,,,,,,,,,,,,,,,,,,,,,,,,,,,,,,,,
1915-04-01,,,,,,,,,,,,,,,,,,,,,11.8,,,,,,,,,,,,,,,,,,,,,,,,,,,,,,,,,,,,,,,,,,,,,,,,,,,,
1915-05-01,,,,,,,,,,,,,,,,,,,,,11.9,,,,,,,,,,,,,,,,,,,,,,,,,,,,,,,,,,,,,,,,,,,,,,,,,,,,
1915-06-01,,,,,,,,,,,,,,,,,,,,,11.8,,,,,,,,,,,,,,,,,,,,,,,,,,,,,,,,,,,,,,,,,,,,,,,,,,,,
1915-07-01,,,,,,,,,,,,,,,,,,,,,11.9,,,,,,,,,,,,,,,,,,,,,,,,,,,,,,,,,,,,,,,,,,,,,,,,,,,,
1915-08-01,,,,,,,,,,,,,,,,,,,,,11.8,,,,,,,,,,,,,,,,,,,,,,,,,,,,,,,,,,,,,,,,,,,,,,,,,,,,
1915-09-01,,,,,,,,,,,,,,,,,,,,,11.8,,,,,,,,,,,,,,,,,,,,,,,,,,,,,,,,,,,,,,,,,,,,,,,,,,,,
1915-10-01,,,,,,,,,,,,,,,,,,,,,12.1,,,,,,,,,,,,,,,,,,,,,,,,,,,,,,,,,,,,,,,,,,,,,,,,,,,,
1915-11-01,,,,,,,,,,,,,,,,,,,,,12.3,,,,,,,,,,,,,,,,,,,,,,,,,,,,,,,,,,,,,,,,,,,,,,,,,,,,
1915-12-01,,,,,,,,,,,,,,,,,,,,,12.8,,,,,,,,,,,,,,,,,,,,,,,,,,,,,,,,,,,,,,,,,,,,,,,,,,,,
1916-01-01,,,,,,,,,,,,,,,,,,,,,13.3,,,,,,,,,,,,,,,,,,,,,,,,,,,,,,,,,,,,,,,,,,,,,,,,,,,,
1916-02-01,,,,,,,,,,,,,,,,,,,,,13.5,,,,,,,,,,,,,,,,,,,,,,,,,,,,,,,,,,,,,,,,,,,,,,,,,,,,
1916-03-01,,,,,,,,,,,,,,,,,,,,,13.9,,,,,,,,,,,,,,,,,,,,,,,,,,,,,,,,,,,,,,,,,,,,,,,,,,,,
1916-04-01,,,,,,,,,,,,,,,,,,,,,14.1,,,,,,,,,,,,,,,,,,,,,,,,,,,,,,,,,,,,,,,,,,,,,,,,,,,,
1916-05-01,,,,,,,,,,,,,,,,,,,,,14.2,,,,,,,,,,,,,,,,,,,,,,,,,,,,,,,,,,,,,,,,,,,,,,,,,,,,
1916-06-01,,,,,,,,,,,,,,,,,,,,,14.3,,,,,,,,,,,,,,,,,,,,,,,,,,,,,,,,,,,,,,,,,,,,,,,,,,,,
1916-07-01,,,,,,,,,,,,,,,,,,,,,14.4,,,,,,,,,,,,,,,,,,,,,,,,,,,,,,,,,,,,,,,,,,,,,,,,,,,,
1916-08-01,,,,,,,,,,,,,,,,,,,,,14.7,,,,,,,,,,,,,,,,,,,,,,,,,,,,,,,,,,,,,,,,,,,,,,,,,,,,
1916-09-01,,,,,,,,,,,,,,,,,,,,,15.0,,,,,,,,,,,,,,,,,,,,,,,,,,,,,,,,,,,,,,,,,,,,,,,,,,,,
1916-10-01,,,,,,,,,,,,,,,,,,,,,15.7,,,,,,,,,,,,,,,,,,,,,,,,,,,,,,,,,,,,,,,,,,,,,,,,,,,,
1916-11-01,,,,,,,,,,,,,,,,,,,,,16.8,,,,,,,,,,,,,,,,,,,,,,,,,,,,,,,,,,,,,,,,,,,,,,,,,,,,
1916-12-01,,,,,,,,,,,,,,,,,,,,,17.1,,,,,,,,,,,,,,,,,,,,,,,,,,,,,,,,,,,,,,,,,,,,,,,,,,,,
1917-01-01,,,,,,,,,,,,,,,,,,,,,17.6,,,,,,,,,,,,,,,,,,,,,,,,,,,,,,,,,,,,,,,,,,,,,,,,,,,,
1917-02-01,,,,,,,,,,,,,,,,,,,,,18.0,,,,,,,,,,,,,,,,,,,,,,,,,,,,,,,,,,,,,,,,,,,,,,,,,,,,
1917-03-01,,,,,,,,,,,,,,,,,,,,,18.5,,,,,,,,,,,,,,,,,,,,,,,,,,,,,,,,,,,,,,,,,,,,,,,,,,,,
1917-04-01,,,,,,,,,,,,,,,,,,,,,19.7,,,,,,,,,,,,,,,,,,,,,,,,,,,,,,,,,,,,,,,,,,,,,,,,,,,,
1917-05-01,,,,,,,,,,,,,,,,,,,,,20.8,,,,,,,,,,,,,,,,,,,,,,,,,,,,,,,,,,,,,,,,,,,,,,,,,,,,
1917-06-01,,,,,,,,,,,,,,,,,,,,,21.0,,,,,,,,,,,,,,,,,,,,,,,,,,,,,,,,,,,,,,,,,,,,,,,,,,,,
1917-07-01,,,,,,,,,,,,,,,,,,,,,21.2,,,,,,,,,,,,,,,,,,,,,,,,,,,,,,,,,,,,,,,,,,,,,,,,,,,,
1917-08-01,,,,,,,,,,,,,,,,,,,,,21.5,,,,,,,,,,,,,,,,,,,,,,,,,,,,,,,,,,,,,,,,,,,,,,,,,,,,
1917-09-01,,,,,,,,,,,,,,,,,,,,,21.3,,,,,,,,,,,,,,,,,,,,,,,,,,,,,,,,,,,,,,,,,,,,,,,,,,,,
1917-10-01,,,,,,,,,,,,,,,,,,,,,21.1,,,,,,,,,,,,,,,,,,,,,,,,,,,,,,,,,,,,,,,,,,,,,,,,,,,,
1917-11-01,,,,,,,,,,,,,,,,,,,,,21.2,,,,,,,,,,,,,,,,,,,,,,,,,,,,,,,,,,,,,,,,,,,,,,,,,,,,
1917-12-01,,,,,,,,,,,,,,,,,,,,,21.2,,,,,,,,,,,,,,,,,,,,,,,,,,,,,,,,,,,,,,,,,,,,,,,,,,,,
1918-01-01,,,,,,,,,,,,,,,,,,,,,21.6,,,,,,,,,,,,,,,,,,,,,,,,,,,,,,,,,,,,,,,,,,,,,,,,,,,,
1918-02-01,,,,,,,,,,,,,,,,,,,,,21.1,,,,,,,,,,,,,,,,,,,,,,,,,,,,,,,,,,,,,,,,,,,,,,,,,,,,
1918-03-01,,,,,,,,,,,,,,,,,,,,,21.8,,,,,,,,,,,,,,,,,,,,,,,,,,,,,,,,,,,,,,,,,,,,,,,,,,,,
1918-04-01,,,,,,,,,,,,,,,,,,,,,22.1,,,,,,,,,,,,,,,,,,,,,,,,,,,,,,,,,,,,,,,,,,,,,,,,,,,,
1918-05-01,,,,,,,,,,,,,,,,,,,,,22.1,,,,,,,,,,,,,,,,,,,,,,,,,,,,,,,,,,,,,,,,,,,,,,,,,,,,
1918-06-01,,,,,,,,,,,,,,,,,,,,,22.2,,,,,,,,,,,,,,,,,,,,,,,,,,,,,,,,,,,,,,,,,,,,,,,,,,,,
1918-07-01,,,,,,,,,,,,,,,,,,,,,22.7,,,,,,,,,,,,,,,,,,,,,,,,,,,,,,,,,,,,,,,,,,,,,,,,,,,,
1918-08-01,,,,,,,,,,,,,,,,,,,,,23.2,,,,,,,,,,,,,,,,,,,,,,,,,,,,,,,,,,,,,,,,,,,,,,,,,,,,
1918-09-01,,,,,,,,,,,,,,,,,,,,,23.7,,,,,,,,,,,,,,,,,,,,,,,,,,,,,,,,,,,,,,,,,,,,,,,,,,,,
1918-10-01,,,,,,,,,,,,,,,,,,,,,23.5,,,,,,,,,,,,,,,,,,,,,,,,,,,,,,,,,,,,,,,,,,,,,,,,,,,,
1918-11-01,,,,,,,,,,,,,,,,,,,,,23.5,,,,,,,,,,,,,,,,,,,,,,,,,,,,,,,,,,,,,,,,,,,,,,,,,,,,
1918-12-01,,,,,,,,,,,,,,,,,,,,,23.5,,,,,,,,,,,,,,,,,,,,,,,,,,,,,,,,,,,,,,,,,,,,,,,,,,,,
1919-01-01,,4.8739,,,,,,,,,,,,,,,,,,,23.2,,,,,,,,,,,,,,,,,,,,,,,,,,,,,,,,,,,,,,,,,,,,,,,,,,,,
1919-02-01,,4.6585,,,,,,,,,,,,,,,,,,,22.4,,,,,,,,,,,,,,,,,,,,,,,,,,,,,,,,,,,,,,,,,,,,,,,,,,,,
1919-03-01,,4.5238,,,,,,,,,,,,,,,,,,,22.6,,,,,,,,,,,,,,,,,,,,,,,,,,,,,,,,,,,,,,,,,,,,,,,,,,,,
1919-04-01,,4.6046,,,,,,,,,,,,,,,,,,,22.9,,,,,,,,,,,,,,,,,,,,,,,,,,,,,,,,,,,,,,,,,,,,,,,,,,,,
1919-05-01,,4.6315,,,,,,,,,,,,,,,,,,,23.3,,,,,,,,,,,,,,,,,,,,,,,,,,,,,,,,,,,,,,,,,,,,,,,,,,,,
1919-06-01,,4.9277,,,,,,,,,,,,,,,,,,,23.4,,,,,,,,,,,,,,,,,,,,,,,,,,,,,,,,,,,,,,,,,,,,,,,,,,,,
1919-07-01,,5.2239,,,,,,,,,,,,,,,,,,,24.3,,,,,,,,,,,,,,,,,,,,,,,,,,,,,,,,,,,,,,,,,,,,,,,,,,,,
1919-08-01,,5.3047,,,,,,,,,,,,,,,,,,,24.9,,,,,,,,,,,,,,,,,,,,,,,,,,,,,,,,,,,,,,,,,,,,,,,,,,,,
1919-09-01,,5.197,,,,,,,,,,,,,,,,,,,24.3,,,,,,,,,,,,,,,,,,,,,,,,,,,,,,,,,,,,,,,,,,,,,,,,,,,,
1919-10-01,,5.1432,,,,,,,,,,,,,,,,,,,24.4,,,,,,,,,,,,,,,,,,,,,,,,,,,,,,,,,,,,,,,,,,,,,,,,,,,,
1919-11-01,,5.0624,,,,,,,,,,,,,,,,,,,24.9,,,,,,,,,,,,,,,,,,,,,,,,,,,,,,,,,,,,,,,,,,,,,,,,,,,,
1919-12-01,,5.1432,,,,,,,,,,,,,,,,,,,26.0,,,,,,,,,,,,,,,,,,,,,,,,,,,,,,,,,,,,,,,,,,,,,,,,,,,,
1920-01-01,,5.6279,,,,,,,,,,,,,,,,,,,27.2,,,,,,,,,,,,,,,,,,,,,,,,,,,,,,,,,,,,,,,,,,,,,,,,,,,,
1920-02-01,,5.6279,,,,,,,,,,,,,,,,,,,27.1,,,,,,,,,,,,,,,,,,,,,,,,,,,,,,,,,,,,,,,,,,,,,,,,,,,,
1920-03-01,,5.5201,,,,,,,,,,,,,,,,,,,27.3,,,,,,,,,,,,,,,,,,,,,,,,,,,,,,,,,,,,,,,,,,,,,,,,,,,,
1920-04-01,,5.2239,,,,,,,,,,,,,,,,,,,28.5,,,,,,,,,,,,,,,,,,,,,,,,,,,,,,,,,,,,,,,,,,,,,,,,,,,,
1920-05-01,,5.3586,,,,,,,,,,,,,,,,,,,28.8,,,,,,,,,,,,,,,,,,,,,,,,,,,,,,,,,,,,,,,,,,,,,,,,,,,,
1920-06-01,,5.4124,,,,,,,,,,,,,,,,,,,28.7,,,,,,,,,,,,,,,,,,,,,,,,,,,,,,,,,,,,,,,,,,,,,,,,,,,,
1920-07-01,,5.2778,,,,,,,,,,,,,,,,,,,28.6,,,,,,,,,,,,,,,,,,,,,,,,,,,,,,,,,,,,,,,,,,,,,,,,,,,,
1920-08-01,,5.3047,,,,,,,,,,,,,,,,,,,27.8,,,,,,,,,,,,,,,,,,,,,,,,,,,,,,,,,,,,,,,,,,,,,,,,,,,,
1920-09-01,,5.1162,,,,,,,,,,,,,,,,,,,26.8,,,,,,,,,,,,,,,,,,,,,,,,,,,,,,,,,,,,,,,,,,,,,,,,,,,,
1920-10-01,,4.9008,,,,,,,,,,,,,,,,,,,24.9,,,,,,,,,,,,,,,,,,,,,,,,,,,,,,,,,,,,,,,,,,,,,,,,,,,,
1920-11-01,,4.4969,,,,,,,,,,,,,,,,,,,23.0,,,,,,,,,,,,,,,,,,,,,,,,,,,,,,,,,,,,,,,,,,,,,,,,,,,,
1920-12-01,,4.2276,,,,,,,,,,,,,,,,,,,20.8,,,,,,,,,,,,,,,,,,,,,,,,,,,,,,,,,,,,,,,,,,,,,,,,,,,,
1921-01-01,,3.9853,,,,,,,,,,,,,,,,,,,19.6,,,,,,,,,,,,,,,,,,,,,,,,,,,,,,,,,,,,,,,,,,,,,,,,,,,,
1921-02-01,,3.9045,,,,,,,,,,,,,,,,,,,18.1,,,,,,,,,,,,,,,,,,,,,,,,,,,,,,,,,,,,,,,,,,,,,,,,,,,,
1921-03-01,,3.7968,,,,,,,,,,,,,,,,,,,17.7,,,,,,,,,,,,,,,,,,,,,,,,,,,,,,,,,,,,,,,,,,,,,,,,,,,,
1921-04-01,,3.7968,,,,,,,,,,,,,,,,,,,17.0,,,,,,,,,,,,,,,,,,,,,,,,,,,,,,,,,,,,,,,,,,,,,,,,,,,,
1921-05-01,,3.9045,,,,,,,,,,,,,,,,,,,16.6,,,,,,,,,,,,,,,,,,,,,,,,,,,,,,,,,,,,,,,,,,,,,,,,,,,,
1921-06-01,,3.8776,,,,,,,,,,,,,,,,,,,16.1,,,,,,,,,,,,,,,,,,,,,,,,,,,,,,,,,,,,,,,,,,,,,,,,,,,,
1921-07-01,,3.8506,,,,,,,,,,,,,,,,,,,16.1,,,,,,,,,,,,,,,,,,,,,,,,,,,,,,,,,,,,,,,,,,,,,,,,,,,,
1921-08-01,,3.9853,,,,,,,,,,,,,,,,,,,16.1,,,,,,,,,,,,,,,,,,,,,,,,,,,,,,,,,,,,,,,,,,,,,,,,,,,,
1921-09-01,,4.0122,,,,,,,,,,,,,,,,,,,16.1,,,,,,,,,,,,,,,,,,,,,,,,,,,,,,,,,,,,,,,,,,,,,,,,,,,,
1921-10-01,,4.2545,,,,,,,,,,,,,,,,,,,16.2,,,,,,,,,,,,,,,,,,,,,,,,,,,,,,,,,,,,,,,,,,,,,,,,,,,,
1921-11-01,,4.2007,,,,,,,,,,,,,,,,,,,16.2,,,,,,,,,,,,,,,,,,,,,,,,,,,,,,,,,,,,,,,,,,,,,,,,,,,,
1921-12-01,,4.1738,,,,,,,,,,,,,,,,,,,16.0,,,,,,,,,,,,,,,,,,,,,,,,,,,,,,,,,,,,,,,,,,,,,,,,,,,,
1922-01-01,,4.3353,,,,,,,,,,,,,,,,,,,15.7,,,,,,,,,,,,,,,,,,,,,,,,,,,,,,,,,,,,,,,,,,,,,,,,,,,,
1922-02-01,,4.5238,,,,,,,,,,,,,,,,,,,16.0,,,,,,,,,,,,,,,,,,,,,,,,,,,,,,,,,,,,,,,,,,,,,,,,,,,,
1922-03-01,,4.7662,,,,,,,,,,,,,,,,,,,16.0,,,,,,,,,,,,,,,,,,,,,,,,,,,,,,,,,,,,,,,,,,,,,,,,,,,,
1922-04-01,,4.6046,,,,,,,,,,,,,,,,,,,16.1,,,,,,,,,,,,,,,,,,,,,,,,,,,,,,,,,,,,,,,,,,,,,,,,,,,,
1922-05-01,,4.847,,,,,,,,,,,,,,,,,,,16.6,,,,,,,,,,,,,,,,,,,,,,,,,,,,,,,,,,,,,,,,,,,,,,,,,,,,
1922-06-01,,5.0893,,,,,,,,,,,,,,,,,,,16.6,,,,,,,,,,,,,,,,,,,,,,,,,,,,,,,,,,,,,,,,,,,,,,,,,,,,
1922-07-01,,5.0893,,,,,,,,,,,,,,,,,,,17.1,,,,,,,,,,,,,,,,,,,,,,,,,,,,,,,,,,,,,,,,,,,,,,,,,,,,
1922-08-01,,4.9816,,,,,,,,,,,,,,,,,,,17.0,,,,,,,,,,,,,,,,,,,,,,,,,,,,,,,,,,,,,,,,,,,,,,,,,,,,
1922-09-01,,5.2509,,,,,,,,,,,,,,,,,,,17.1,,,,,,,,,,,,,,,,,,,,,,,,,,,,,,,,,,,,,,,,,,,,,,,,,,,,
1922-10-01,,5.5471,,,,,,,,,,,,,,,,,,,17.2,,,,,,,,,,,,,,,,,,,,,,,,,,,,,,,,,,,,,,,,,,,,,,,,,,,,
1922-11-01,,5.7894,,,,,,,,,,,,,,,,,,,17.3,,,,,,,,,,,,,,,,,,,,,,,,,,,,,,,,,,,,,,,,,,,,,,,,,,,,
1922-12-01,,5.951,,,,,,,,,,,,,,,,,,,17.3,,,,,,,,,,,,,,,,,,,,,,,,,,,,,,,,,,,,,,,,,,,,,,,,,,,,
1923-01-01,,5.8163,,,,,,,,,,,,,,,,,,,17.6,,,,,,,,,,,,,,,,,,,,,,,,,,,,,,,,,,,,,,,,,,,,,,,,,,,,
1923-02-01,,5.8971,,,,,,,,,,,,,,,,,,,17.8,,,,,,,,,,,,,,,,,,,,,,,,,,,,,,,,,,,,,,,,,,,,,,,,,,,,
1923-03-01,,6.0856,,,,,,,,,,,,,,,,,,,18.0,,,,,,,,,,,,,,,,,,,,,,,,,,,,,,,,,,,,,,,,,,,,,,,,,,,,
1923-04-01,,6.2203,,,,,,,,,,,,,,,,,,,17.9,,,,,,,,,,,,,,,,,,,,,,,,,,,,,,,,,,,,,,,,,,,,,,,,,,,,
1923-05-01,,6.301,,,,,,,,,,,,,,,,,,,17.5,,,,,,,,,,,,,,,,,,,,,,,,,,,,,,,,,,,,,,,,,,,,,,,,,,,,
1923-06-01,,6.2472,,,,,,,,,,,,,,,,,,,17.3,,,,,,,,,,,,,,,,,,,,,,,,,,,,,,,,,,,,,,,,,,,,,,,,,,,,
1923-07-01,,6.1933,,,,,,,,,,,,,,,,,,,17.0,,,,,,,,,,,,,,,,,,,,,,,,,,,,,,,,,,,,,,,,,,,,,,,,,,,,
1923-08-01,,6.0856,,,,,,,,,,,,,,,,,,,16.9,,,,,,,,,,,,,,,,,,,,,,,,,,,,,,,,,,,,,,,,,,,,,,,,,,,,
1923-09-01,,5.951,,,,,,,,,,,,,,,,,,,17.2,,,,,,,,,,,,,,,,,,,,,,,,,,,,,,,,,,,,,,,,,,,,,,,,,,,,
1923-10-01,,5.9241,,,,,,,,,,,,,,,,,,,17.1,,,,,,,,,,,,,,,,,,,,,,,,,,,,,,,,,,,,,,,,,,,,,,,,,,,,
1923-11-01,,5.9241,,,,,,,,,,,,,,,,,,,17.0,,,,,,,,,,,,,,,,,,,,,,,,,,,,,,,,,,,,,,,,,,,,,,,,,,,,
1923-12-01,,5.7894,,,,,,,,,,,,,,,,,,,16.9,,,,,,,,,,,,,,,,,,,,,,,,,,,,,,,,,,,,,,,,,,,,,,,,,,,,
1924-01-01,,5.924,,,,,,,,,,,,,,,,,,,17.2,,,,,,,,,,,,,,,,,,,,,,,,,,,,,,,,,,,,,,,,,,,,,,,,,,,,
1924-02-01,,6.0318,,,,,,,,,,,,,,,,,,,17.2,,,,,,,,,,,,,,,,,,,,,,,,,,,,,,,,,,,,,,,,,,,,,,,,,,,,
1924-03-01,,5.9241,,,,,,,,,,,,,,,,,,,17.0,,,,,,,,,,,,,,,,,,,,,,,,,,,,,,,,,,,,,,,,,,,,,,,,,,,,
1924-04-01,,5.7356,,,,,,,,,,,,,,,,,,,16.7,,,,,,,,,,,,,,,,,,,,,,,,,,,,,,,,,,,,,,,,,,,,,,,,,,,,
1924-05-01,,5.4932,,,,,,,,,,,,,,,,,,,16.5,,,,,,,,,,,,,,,,,,,,,,,,,,,,,,,,,,,,,,,,,,,,,,,,,,,,
1924-06-01,,5.2509,,,,,,,,,,,,,,,,,,,16.4,,,,,,,,,,,,,,,,,,,,,,,,,,,,,,,,,,,,,,,,,,,,,,,,,,,,
1924-07-01,,5.1701,,,,,,,,,,,,,,,,,,,16.5,,,,,,,,,,,,,,,,,,,,,,,,,,,,,,,,,,,,,,,,,,,,,,,,,,,,
1924-08-01,,5.3586,,,,,,,,,,,,,,,,,,,16.7,,,,,,,,,,,,,,,,,,,,,,,,,,,,,,,,,,,,,,,,,,,,,,,,,,,,
1924-09-01,,5.5471,,,,,,,,,,,,,,,,,,,16.7,,,,,,,,,,,,,,,,,,,,,,,,,,,,,,,,,,,,,,,,,,,,,,,,,,,,
1924-10-01,,5.6817,,,,,,,,,,,,,,,,,,,16.9,,,,,,,,,,,,,,,,,,,,,,,,,,,,,,,,,,,,,,,,,,,,,,,,,,,,
1924-11-01,,5.7894,,,,,,,,,,,,,,,,,,,17.1,,,,,,,,,,,,,,,,,,,,,,,,,,,,,,,,,,,,,,,,,,,,,,,,,,,,
1924-12-01,,5.951,,,,,,,,,,,,,,,,,,,17.5,,,,,,,,,,,,,,,,,,,,,,,,,,,,,,,,,,,,,,,,,,,,,,,,,,,,
1925-01-01,,6.1395,,,,,,,,,,,,,,,,,,,17.7,,,,,,,,,,,,,,,,,,,,,,,,,,,,,,,,,,,,,,,,,,,,,,,,,,,,
1925-02-01,,6.1395,,,,,,,,,,,,,,,,,,,17.9,,,,,,,,,,,,,,,,,,,,,,,,,,,,,,,,,,,,,,,,,,,,,,,,,,,,
1925-03-01,,6.1395,,,,,,,,,,,,,,,,,,,17.9,,,,,,,,,,,,,,,,,,,,,,,,,,,,,,,,,,,,,,,,,,,,,,,,,,,,
1925-04-01,,6.1933,,,,,,,,,,,,,,,,,,,17.5,,,,,,,,,,,,,,,,,,,,,,,,,,,,,,,,,,,,,,,,,,,,,,,,,,,,
1925-05-01,,6.1664,,,,,,,,,,,,,,,,,,,17.5,,,,,,,,,,,,,,,,,,,,,,,,,,,,,,,,,,,,,,,,,,,,,,,,,,,,
1925-06-01,,6.1125,,,,,,,,,,,,,,,,,,,17.7,,,,,,,,,,,,,,,,,,,,,,,,,,,,,,,,,,,,,,,,,,,,,,,,,,,,
1925-07-01,,6.2741,,,,,,,,,,,,,,,,,,,18.0,,,,,,,,,,,,,,,,,,,,,,,,,,,,,,,,,,,,,,,,,,,,,,,,,,,,
1925-08-01,,6.1664,,,,,,,,,,,,,,,,,,,17.9,,,,,,,,,,,,,,,,,,,,,,,,,,,,,,,,,,,,,,,,,,,,,,,,,,,,
1925-09-01,,6.0856,,,,,,,,,,,,,,,,,,,17.8,,,,,,,,,,,,,,,,,,,,,,,,,,,,,,,,,,,,,,,,,,,,,,,,,,,,
1925-10-01,,6.328,,,,,,,,,,,,,,,,,,,17.8,,,,,,,,,,,,,,,,,,,,,,,,,,,,,,,,,,,,,,,,,,,,,,,,,,,,
1925-11-01,,6.4626,,,,,,,,,,,,,,,,,,,18.0,,,,,,,,,,,,,,,,,,,,,,,,,,,,,,,,,,,,,,,,,,,,,,,,,,,,
1925-12-01,,6.5434,,,,,,,,,,,,,,,,,,,17.8,,,,,,,,,,,,,,,,,,,,,,,,,,,,,,,,,,,,,,,,,,,,,,,,,,,,
1926-01-01,,6.4357,,,,,,,,,,,,,,,,,,,17.8,,,,,,,,,,,,,,,,,,,,,,,,,,,,,,,,,,,,,,,,,,,,,,,,,,,,
1926-02-01,,6.4357,,,,,,,,,,,,,,,,,,,17.6,,,,,,,,,,,,,,,,,,,,,,,,,,,,,,,,,,,,,,,,,,,,,,,,,,,,
1926-03-01,,6.5165,,,,,,,,,,,,,,,,,,,17.3,,,,,,,,,,,,,,,,,,,,,,,,,,,,,,,,,,,,,,,,,,,,,,,,,,,,
1926-04-01,,6.5165,,,,,,,,,,,,,,,,,,,17.3,,,,,,,,,,,,,,,,,,,,,,,,,,,,,,,,,,,,,,,,,,,,,,,,,,,,
1926-05-01,,6.4626,,,,,,,,,,,,,,,,,,,17.3,,,,,,,,,,,,,,,,,,,,,,,,,,,,,,,,,,,,,,,,,,,,,,,,,,,,
1926-06-01,,6.5434,,,,,,,,,,,,,,,,,,,17.3,,,,,,,,,,,,,,,,,,,,,,,,,,,,,,,,,,,,,,,,,,,,,,,,,,,,
1926-07-01,,6.5703,,,,,,,,,,,,,,,,,,,17.1,,,,,,,,,,,,,,,,,,,,,,,,,,,,,,,,,,,,,,,,,,,,,,,,,,,,
1926-08-01,,6.6511,,,,,,,,,,,,,,,,,,,17.1,,,,,,,,,,,,,,,,,,,,,,,,,,,,,,,,,,,,,,,,,,,,,,,,,,,,
1926-09-01,,6.7588,,,,,,,,,,,,,,,,,,,17.2,,,,,,,,,,,,,,,,,,,,,,,,,,,,,,,,,,,,,,,,,,,,,,,,,,,,
1926-10-01,,6.7588,,,,,,,,,,,,,,,,,,,17.1,,,,,,,,,,,,,,,,,,,,,,,,,,,,,,,,,,,,,,,,,,,,,,,,,,,,
1926-11-01,,6.7319,,,,,,,,,,,,,,,,,,,17.0,,,,,,,,,,,,,,,,,,,,,,,,,,,,,,,,,,,,,,,,,,,,,,,,,,,,
1926-12-01,,6.705,,,,,,,,,,,,,,,,,,,16.9,,,,,,,,,,,,,,,,,,,,,,,,,,,,,,,,,,,,,,,,,,,,,,,,,,,,
1927-01-01,,6.678,,,,,,,,,,,,,,,,,,,16.4,,,,,,,,,,,,,,,,,,,,,,,,,,,,,,,,,,,,,,,,,,,,,,,,,,,,
1927-02-01,,6.7319,,,,,,,,,,,,,,,,,,,16.6,,,,,,,,,,,,,,,,,,,,,,,,,,,,,,,,,,,,,,,,,,,,,,,,,,,,
1927-03-01,,6.8127,,,,,,,,,,,,,,,,,,,16.5,,,,,,,,,,,,,,,,,,,,,,,,,,,,,,,,,,,,,,,,,,,,,,,,,,,,
1927-04-01,,6.6511,,,,,,,,,,,,,,,,,,,16.3,,,,,,,,,,,,,,,,,,,,,,,,,,,,,,,,,,,,,,,,,,,,,,,,,,,,
1927-05-01,,6.705,,,,,,,,,,,,,,,,,,,16.2,,,,,,,,,,,,,,,,,,,,,,,,,,,,,,,,,,,,,,,,,,,,,,,,,,,,
1927-06-01,,6.678,,,,,,,,,,,,,,,,,,,16.2,,,,,,,,,,,,,,,,,,,,,,,,,,,,,,,,,,,,,,,,,,,,,,,,,,,,
1927-07-01,,6.5972,,,,,,,,,,,,,,,,,,,16.2,,,,,,,,,,,,,,,,,,,,,,,,,,,,,,,,,,,,,,,,,,,,,,,,,,,,
1927-08-01,,6.5972,,,,,,,,,,,,,,,,,,,16.4,,,,,,,,,,,,,,,,,,,,,,,,,,,,,,,,,,,,,,,,,,,,,,,,,,,,
1927-09-01,,6.4895,,,,,,,,,,,,,,,,,,,16.6,,,,,,,,,,,,,,,,,,,,,,,,,,,,,,,,,,,,,,,,,,,,,,,,,,,,
1927-10-01,,6.3549,,,,,,,,,,,,,,,,,,,16.7,,,,,,,,,,,,,,,,,,,,,,,,,,,,,,,,,,,,,,,,,,,,,,,,,,,,
1927-11-01,,6.3549,,,,,,,,,,,,,,,,,,,16.6,,,,,,,,,,,,,,,,,,,,,,,,,,,,,,,,,,,,,,,,,,,,,,,,,,,,
1927-12-01,,6.3818,,,,,,,,,,,,,,,,,,,16.6,,,,,,,,,,,,,,,,,,,,,,,,,,,,,,,,,,,,,,,,,,,,,,,,,,,,
1928-01-01,,6.5165,,,,,,,,,,,,,,,,,,,16.6,,,,,,,,,,,,,,,,,,,,,,,,,,,,,,,,,,,,,,,,,,,,,,,,,,,,
1928-02-01,,6.5703,,,,,,,,,,,,,,,,,,,16.5,,,,,,,,,,,,,,,,,,,,,,,,,,,,,,,,,,,,,,,,,,,,,,,,,,,,
1928-03-01,,6.6242,,,,,,,,,,,,,,,,,,,16.5,,,,,,,,,,,,,,,,,,,,,,,,,,,,,,,,,,,,,,,,,,,,,,,,,,,,
1928-04-01,,6.5972,,,,,,,,,,,,,,,,,,,16.7,,,,,,,,,,,,,,,,,,,,,,,,,,,,,,,,,,,,,,,,,,,,,,,,,,,,
1928-05-01,,6.678,,,,,,,,,,,,,,,,,,,16.8,,,,,,,,,,,,,,,,,,,,,,,,,,,,,,,,,,,,,,,,,,,,,,,,,,,,
1928-06-01,,6.7319,,,,,,,,,,,,,,,,,,,16.7,,,,,,,,,,,,,,,,,,,,,,,,,,,,,,,,,,,,,,,,,,,,,,,,,,,,
1928-07-01,,6.8127,,,,,,,,,,,,,,,,,,,16.8,,,,,,,,,,,,,,,,,,,,,,,,,,,,,,,,,,,,,,,,,,,,,,,,,,,,
1928-08-01,,6.9473,,,,,,,,,,,,,,,,,,,16.8,,,,,,,,,,,,,,,,,,,,,,,,,,,,,,,,,,,,,,,,,,,,,,,,,,,,
1928-09-01,,7.0012,,,,,,,,,,,,,,,,,,,17.0,,,,,,,,,,,,,,,,,,,,,,,,,,,,,,,,,,,,,,,,,,,,,,,,,,,,
1928-10-01,,7.1358,,,,,,,,,,,,,,,,,,,16.7,,,,,,,,,,,,,,,,,,,,,,,,,,,,,,,,,,,,,,,,,,,,,,,,,,,,
1928-11-01,,7.2704,,,,,,,,,,,,,,,,,,,16.5,,,,,,,,,,,,,,,,,,,,,,,,,,,,,,,,,,,,,,,,,,,,,,,,,,,,
1928-12-01,,7.4051,,,,,,,,,,,,,,,,,,,16.5,,,,,,,,,,,,,,,,,,,,,,,,,,,,,,,,,,,,,,,,,,,,,,,,,,,,
1929-01-01,,7.5128,,,,,,,,,,,,,,,,,,,16.5,,,,,,,,,,,,,,,,,,,,,,,,,,,,,,,,,,,,,,,,,,,,,,,,,,,,
1929-02-01,,7.4858,,,,,,,,,,,,,,,,,,,16.4,,,,,,,,,,,,,,,,,,,,,,,,,,,,,,,,,,,,,,,,,,,,,,,,,,,,
1929-03-01,,7.5128,,,,,,,,,,,,,,,,,,,16.6,,,,,,,,,,,,,,,,,,,,,,,,,,,,,,,,,,,,,,,,,,,,,,,,,,,,
1929-04-01,,7.6474,,,,,,,,,,,,,,,,,,,16.5,,,,,,,,,,,,,,,,,,,,,,,,,,,,,,,,,,,,,,,,,,,,,,,,,,,,
1929-05-01,,7.7821,,,,,,,,,,,,,,,,,,,16.3,,,,,,,,,,,,,,,,,,,,,,,,,,,,,,,,,,,,,,,,,,,,,,,,,,,,
1929-06-01,,7.8359,,,,,,,,,,,,,,,,,,,16.4,,,,,,,,,,,,,,,,,,,,,,,,,,,,,,,,,,,,,,,,,,,,,,,,,,,,
1929-07-01,,7.9436,,,,,,,,,,,,,,,,,,,16.6,,,,,,,,,,,,,,,,,,,,,,,,,,,,,,,,,,,,,,,,,,,,,,,,,,,,
1929-08-01,,7.8628,,,,,,,,,,,,,,,,,,,16.6,,,,,,,,,,,,,,,,,,,,,,,,,,,,,,,,,,,,,,,,,,,,,,,,,,,,
1929-09-01,,7.809,,,,,,,,,,,,,,,,,,,16.6,,,,,,,,,,,,,,,,,,,,,,,,,,,,,,,,,,,,,,,,,,,,,,,,,,,,
1929-10-01,,7.6743,,,,,,,,,,,,,,,,,,,16.4,,,,,,,,,,,,,,,,,,,,,,,,,,,,,,,,,,,,,,,,,,,,,,,,,,,,
1929-11-01,,7.2974,,,,,,,,,,,,,,,,,,,16.1,,,,,,,,,,,,,,,,,,,,,,,,,,,,,,,,,,,,,,,,,,,,,,,,,,,,
1929-12-01,,6.9742,,,,,,,,,,,,,,,,,,,16.1,,,,,,,,,,,,,,,,,,,,,,,,,,,,,,,,,,,,,,,,,,,,,,,,,,,,
1930-01-01,,6.9742,,,,,,,,,,,,,,,,,,,15.9,,,,,,,,,,,,,,,,,,,,,,,,,,,,,,,,,,,,,,,,,,,,,,,,,,,,
1930-02-01,,6.9473,,,,,,,,,,,,,,,,,,,15.7,,,,,,,,,,,,,,,,,,,,,,,,,,,,,,,,,,,,,,,,,,,,,,,,,,,,
1930-03-01,,6.8396,,,,,,,,,,,,,,,,,,,15.5,,,,,,,,,,,,,,,,,,,,,,,,,,,,,,,,,,,,,,,,,,,,,,,,,,,,
1930-04-01,,6.7857,,,,,,,,,,,,,,,,,,,15.5,,,,,,,,,,,,,,,,,,,,,,,,,,,,,,,,,,,,,,,,,,,,,,,,,,,,
1930-05-01,,6.678,,,,,,,,,,,,,,,,,,,15.3,,,,,,,,,,,,,,,,,,,,,,,,,,,,,,,,,,,,,,,,,,,,,,,,,,,,
1930-06-01,,6.4895,,,,,,,,,,,,,,,,,,,15.0,,,,,,,,,,,,,,,,,,,,,,,,,,,,,,,,,,,,,,,,,,,,,,,,,,,,
1930-07-01,,6.1933,,,,,,,,,,,,,,,,,,,14.5,,,,,,,,,,,,,,,,,,,,,,,,,,,,,,,,,,,,,,,,,,,,,,,,,,,,
1930-08-01,,6.0587,,,,,,,,,,,,,,,,,,,14.5,,,,,,,,,,,,,,,,,,,,,,,,,,,,,,,,,,,,,,,,,,,,,,,,,,,,
1930-09-01,,5.951,,,,,,,,,,,,,,,,,,,14.5,,,,,,,,,,,,,,,,,,,,,,,,,,,,,,,,,,,,,,,,,,,,,,,,,,,,
1930-10-01,,5.7894,,,,,,,,,,,,,,,,,,,14.3,,,,,,,,,,,,,,,,,,,,,,,,,,,,,,,,,,,,,,,,,,,,,,,,,,,,
1930-11-01,,5.6548,,,,,,,,,,,,,,,,,,,14.0,,,,,,,,,,,,,,,,,,,,,,,,,,,,,,,,,,,,,,,,,,,,,,,,,,,,
1930-12-01,,5.5201,,,,,,,,,,,,,,,,,,,13.7,,,,,,,,,,,,,,,,,,,,,,,,,,,,,,,,,,,,,,,,,,,,,,,,,,,,
1931-01-01,,5.4932,,,,,,,,,,,,,,,,,,,13.5,,,,,,,,,,,,,,,,,,,,,,,,,,,,,,,,,,,,,,,,,,,,,,,,,,,,
1931-02-01,,5.5201,,,,,,,,,,,,,,,,,,,13.2,,,,,,,,,,,,,,,,,,,,,,,,,,,,,,,,,,,,,,,,,,,,,,,,,,,,
1931-03-01,,5.6279,,,,,,,,,,,,,,,,,,,13.1,,,,,,,,,,,,,,,,,,,,,,,,,,,,,,,,,,,,,,,,,,,,,,,,,,,,
1931-04-01,,5.6548,,,,,,,,,,,,,,,,,,,12.9,,,,,,,,,,,,,,,,,,,,,,,,,,,,,,,,,,,,,,,,,,,,,,,,,,,,
1931-05-01,,5.574,,,,,,,,,,,,,,,,,,,12.6,,,,,,,,,,,,,,,,,,,,,,,,,,,,,,,,,,,,,,,,,,,,,,,,,,,,
1931-06-01,,5.4394,,,,,,,,,,,,,,,,,,,12.4,,,,,,,,,,,,,,,,,,,,,,,,,,,,,,,,,,,,,,,,,,,,,,,,,,,,
1931-07-01,,5.3586,,,,,,,,,,,,,,,,,,,12.4,,,,,,,,,,,,,,,,,,,,,,,,,,,,,,,,,,,,,,,,,,,,,,,,,,,,
1931-08-01,,5.1701,,,,,,,,,,,,,,,,,,,12.4,,,,,,,,,,,,,,,,,,,,,,,,,,,,,,,,,,,,,,,,,,,,,,,,,,,,
1931-09-01,,4.9277,,,,,,,,,,,,,,,,,,,12.3,,,,,,,,,,,,,,,,,,,,,,,,,,,,,,,,,,,,,,,,,,,,,,,,,,,,
1931-10-01,,4.7392,,,,,,,,,,,,,,,,,,,12.1,,,,,,,,,,,,,,,,,,,,,,,,,,,,,,,,,,,,,,,,,,,,,,,,,,,,
1931-11-01,,4.6854,,,,,,,,,,,,,,,,,,,12.1,,,,,,,,,,,,,,,,,,,,,,,,,,,,,,,,,,,,,,,,,,,,,,,,,,,,
1931-12-01,,4.6585,,,,,,,,,,,,,,,,,,,11.8,,,,,,,,,,,,,,,,,,,,,,,,,,,,,,,,,,,,,,,,,,,,,,,,,,,,
1932-01-01,,4.5238,,,,,,,,,,,,,,,,,,,11.6,,,,,,,,,,,,,,,,,,,,,,,,,,,,,,,,,,,,,,,,,,,,,,,,,,,,
1932-02-01,,4.4161,,,,,,,,,,,,,,,,,,,11.4,,,,,,,,,,,,,,,,,,,,,,,,,,,,,,,,,,,,,,,,,,,,,,,,,,,,
1932-03-01,,4.3623,,,,,,,,,,,,,,,,,,,11.4,,,,,,,,,,,,,,,,,,,,,,,,,,,,,,,,,,,,,,,,,,,,,,,,,,,,
1932-04-01,,4.0661,,,,,,,,,,,,,,,,,,,11.3,,,,,,,,,,,,,,,,,,,,,,,,,,,,,,,,,,,,,,,,,,,,,,,,,,,,
1932-05-01,,3.9314,,,,,,,,,,,,,,,,,,,11.1,,,,,,,,,,,,,,,,,,,,,,,,,,,,,,,,,,,,,,,,,,,,,,,,,,,,
1932-06-01,,3.7968,,,,,,,,,,,,,,,,,,,11.0,,,,,,,,,,,,,,,,,,,,,,,,,,,,,,,,,,,,,,,,,,,,,,,,,,,,
1932-07-01,,3.6891,,,,,,,,,,,,,,,,,,,11.1,,,,,,,,,,,,,,,,,,,,,,,,,,,,,,,,,,,,,,,,,,,,,,,,,,,,
1932-08-01,,3.7968,,,,,,,,,,,,,,,,,,,11.2,,,,,,,,,,,,,,,,,,,,,,,,,,,,,,,,,,,,,,,,,,,,,,,,,,,,
1932-09-01,,4.0391,,,,,,,,,,,,,,,,,,,11.3,,,,,,,,,,,,,,,,,,,,,,,,,,,,,,,,,,,,,,,,,,,,,,,,,,,,
1932-10-01,,4.1738,,,,,,,,,,,,,,,,,,,11.1,,,,,,,,,,,,,,,,,,,,,,,,,,,,,,,,,,,,,,,,,,,,,,,,,,,,
1932-11-01,,4.1738,,,,,,,,,,,,,,,,,,,11.0,,,,,,,,,,,,,,,,,,,,,,,,,,,,,,,,,,,,,,,,,,,,,,,,,,,,
1932-12-01,,4.093,,,,,,,,,,,,,,,,,,,10.8,,,,,,,,,,,,,,,,,,,,,,,,,,,,,,,,,,,,,,,,,,,,,,,,,,,,
1933-01-01,,4.0122,,,,,,,,,,,,,,,,,,,10.5,,,,,,,,,,,,,,,,,,,,,,,,,,,,,,,,,,,,,,,,,,,,,,,,,,,,
1933-02-01,,4.0391,,,,,,,,,,,,,,,,,,,10.3,,,,,,,,,,,,,,,,,,,,,,,,,,,,,,,,,,,,,,,,,,,,,,,,,,,,
1933-03-01,,3.7968,,,,,,,,,,,,,,,,,,,10.4,,,,,,,,,,,,,,,,,,,,,,,,,,,,,,,,,,,,,,,,,,,,,,,,,,,,
1933-04-01,,4.0661,,,,,,,,,,,,,,,,,,,10.4,,,,,,,,,,,,,,,,,,,,,,,,,,,,,,,,,,,,,,,,,,,,,,,,,,,,
1933-05-01,,4.7392,,,,,,,,,,,,,,,,,,,10.8,,,,,,,,,,,,,,,,,,,,,,,,,,,,,,,,,,,,,,,,,,,,,,,,,,,,
1933-06-01,,5.4663,,,,,,,,,,,,,,,,,,,11.2,,,,,,,,,,,,,,,,,,,,,,,,,,,,,,,,,,,,,,,,,,,,,,,,,,,,
1933-07-01,,5.9779,,,,,,,,,,,,,,,,,,,11.9,,,,,,,,,,,,,,,,,,,,,,,,,,,,,,,,,,,,,,,,,,,,,,,,,,,,
1933-08-01,,5.7356,,,,,,,,,,,,,,,,,,,12.0,,,,,,,,,,,,,,,,,,,,,,,,,,,,,,,,,,,,,,,,,,,,,,,,,,,,
1933-09-01,,5.4124,,,,,,,,,,,,,,,,,,,12.2,,,,,,,,,,,,,,,,,,,,,,,,,,,,,,,,,,,,,,,,,,,,,,,,,,,,
1933-10-01,,5.1432,,,,,,,,,,,,,,,,,,,12.3,,,,,,,,,,,,,,,,,,,,,,,,,,,,,,,,,,,,,,,,,,,,,,,,,,,,
1933-11-01,,4.847,,,,,,,,,,,,,,,,,,,12.3,,,,,,,,,,,,,,,,,,,,,,,,,,,,,,,,,,,,,,,,,,,,,,,,,,,,
1933-12-01,,4.8739,,,,,,,,,,,,,,,,,,,12.2,,,,,,,,,,,,,,,,,,,,,,,,,,,,,,,,,,,,,,,,,,,,,,,,,,,,
1934-01-01,,5.0354,,,,,,,,,,,,,,,,,,,12.4,,,0.72,,,,,,,,,,,,,,,,,,,,,,,,,,,,,,,,,,,,,,,,,,,,,,,,,
1934-02-01,,5.2778,,,,,,,,,,,,,,,,,,,12.7,,,0.62,,,,,,,,,,,,,,,,,,,,,,,,,,,,,,,,,,,,,,,,,,,,,,,,,
1934-03-01,,5.5201,,,,,,,,,,,,,,,,,,,12.7,,,0.24,,,,,,,,,,,,,,,,,,,,,,,,,,,,,,,,,,,,,,,,,,,,,,,,,
1934-04-01,,5.5201,,,,,,,,,,,,,,,,,,,12.7,,,0.15,,,,,,,,,,,,,,,,,,,,,,,,,,,,,,,,,,,,,,,,,,,,,,,,,
1934-05-01,,5.6278,,,,,,,,,,,,,,,,,,,12.7,,,0.16,,,,,,,,,,,,,,,,,,,,,,,,,,,,,,,,,,,,,,,,,,,,,,,,,
1934-06-01,,5.5201,,,,,,,,,,,,,,,,,,,12.9,,,0.15,,,,,,,,,,,,,,,,,,,,,,,,,,,,,,,,,,,,,,,,,,,,,,,,,
1934-07-01,,5.1432,,,,,,,,,,,,,,,,,,,12.9,,,0.15,,,,,,,,,,,,,,,,,,,,,,,,,,,,,,,,,,,,,,,,,,,,,,,,,
1934-08-01,,5.0893,,,,,,,,,,,,,,,,,,,13.2,,,0.19,,,,,,,,,,,,,,,,,,,,,,,,,,,,,,,,,,,,,,,,,,,,,,,,,
1934-09-01,,4.7931,,,,,,,,,,,,,,,,,,,13.4,,,0.21,,,,,,,,,,,,,,,,,,,,,,,,,,,,,,,,,,,,,,,,,,,,,,,,,
1934-10-01,,5.0085,,,,,,,,,,,,,,,,,,,13.2,,,0.27,,,,,,,,,,,,,,,,,,,,,,,,,,,,,,,,,,,,,,,,,,,,,,,,,
1934-11-01,,5.0624,,,,,,,,,,,,,,,,,,,13.2,,,0.25,,,,,,,,,,,,,,,,,,,,,,,,,,,,,,,,,,,,,,,,,,,,,,,,,
1934-12-01,,5.3855,,,,,,,,,,,,,,,,,,,13.3,,,0.23,,,,,,,,,,,,,,,,,,,,,,,,,,,,,,,,,,,,,,,,,,,,,,,,,
1935-01-01,,5.8163,,,,,,,,,,,,,,,,,,,13.6,,,0.2,,,,,,,,,,,,,,,,,,,,,,,,,,,,,,,,,,,,,,,,,,,,,,,,,
1935-02-01,,5.9241,,,,,,,,,,,,,,,,,,,13.7,,,0.19,,,,,,,,,,,,,,,,,,,,,,,,,,,,,,,,,,,,,,,,,,,,,,,,,
1935-03-01,,5.8971,,,,,,,,,,,,,,,,,,,13.7,,,0.15,,,,,,,,,,,,,,,,,,,,,,,,,,,,,,,,,,,,,,,,,,,,,,,,,
1935-04-01,,5.7894,,,,,,,,,,,,,,,,,,,13.8,,,0.15,,,,,,,,,,,,,,,,,,,,,,,,,,,,,,,,,,,,,,,,,,,,,,,,,
1935-05-01,,5.7894,,,,,,,,,,,,,,,,,,,13.8,,,0.15,,,,,,,,,,,,,,,,,,,,,,,,,,,,,,,,,,,,,,,,,,,,,,,,,
1935-06-01,,5.8702,,,,,,,,,,,,,,,,,,,13.8,,,0.15,,,,,,,,,,,,,,,,,,,,,,,,,,,,,,,,,,,,,,,,,,,,,,,,,
1935-07-01,,5.8702,,,,,,,,,,,,,,,,,,,13.7,,,0.15,,,,,,,,,,,,,,,,,,,,,,,,,,,,,,,,,,,,,,,,,,,,,,,,,
1935-08-01,,6.0856,,,,,,,,,,,,,,,,,,,13.9,,,0.16,,,,,,,,,,,,,,,,,,,,,,,,,,,,,,,,,,,,,,,,,,,,,,,,,
1935-09-01,,6.2472,,,,,,,,,,,,,,,,,,,13.9,,,0.2,,,,,,,,,,,,,,,,,,,,,,,,,,,,,,,,,,,,,,,,,,,,,,,,,
1935-10-01,,6.4357,,,,,,,,,,,,,,,,,,,13.9,,,0.2,,,,,,,,,,,,,,,,,,,,,,,,,,,,,,,,,,,,,,,,,,,,,,,,,
1935-11-01,,6.5703,,,,,,,,,,,,,,,,,,,13.9,,,0.16,,,,,,,,,,,,,,,,,,,,,,,,,,,,,,,,,,,,,,,,,,,,,,,,,
1935-12-01,,6.6511,,,,,,,,,,,,,,,,,,,14.0,,,0.15,,,,,,,,,,,,,,,,,,,,,,,,,,,,,,,,,,,,,,,,,,,,,,,,,
1936-01-01,,6.5434,,,,,,,,,,,,,,,,,,,13.9,,,0.2,,,,,,,,,,,,,,,,,,,,,,,,,,,,,,,,,,,,,,,,,,,,,,,,,
1936-02-01,,6.3818,,,,,,,,,,,,,,,,,,,13.9,,,0.2,,,,,,,,,,,,,,,,,,,,,,,,,,,,,,,,,,,,,,,,,,,,,,,,,
1936-03-01,,6.4626,,,,,,,,,,,,,,,,,,,13.7,,,0.2,,,,,,,,,,,,,,,,,,,,,,,,,,,,,,,,,,,,,,,,,,,,,,,,,
1936-04-01,,6.8665,,,,,,,,,,,,,,,,,,,13.7,,,0.2,,,,,,,,,,,,,,,,,,,,,,,,,,,,,,,,,,,,,,,,,,,,,,,,,
1936-05-01,,7.0012,,,,,,,,,,,,,,,,,,,13.5,,,0.2,,,,,,,,,,,,,,,,,,,,,,,,,,,,,,,,,,,,,,,,,,,,,,,,,
1936-06-01,,7.1358,,,,,,,,,,,,,,,,,,,13.7,,,0.2,,,,,,,,,,,,,,,,,,,,,,,,,,,,,,,,,,,,,,,,,,,,,,,,,
1936-07-01,,7.2704,,,,,,,,,,,,,,,,,,,13.9,,,0.15,,,,,,,,,,,,,,,,,,,,,,,,,,,,,,,,,,,,,,,,,,,,,,,,,
1936-08-01,,7.3781,,,,,,,,,,,,,,,,,,,14.0,,,0.2,,,,,,,,,,,,,,,,,,,,,,,,,,,,,,,,,,,,,,,,,,,,,,,,,
1936-09-01,,7.5128,,,,,,,,,,,,,,,,,,,14.0,,,0.16,,,,,,,,,,,,,,,,,,,,,,,,,,,,,,,,,,,,,,,,,,,,,,,,,
1936-10-01,,7.6205,,,,,,,,,,,,,,,,,,,14.0,,,0.13,,,,,,,,,,,,,,,,,,,,,,,,,,,,,,,,,,,,,,,,,,,,,,,,,
1936-11-01,,7.8359,,,,,,,,,,,,,,,,,,,14.2,,,0.11,,,,,,,,,,,,,,,,,,,,,,,,,,,,,,,,,,,,,,,,,,,,,,,,,
1936-12-01,,8.0783,,,,,,,,,,,,,,,,,,,14.5,,,0.12,,,,,,,,,,,,,,,,,,,,,,,,,,,,,,,,,,,,,,,,,,,,,,,,,
1937-01-01,,8.0513,,,,,,,,,,,,,,,,,,,14.8,,,0.17,,,,,,,,,,,,,,,,,,,,,,,,,,,,,,,,,,,,,,,,,,,,,,,,,
1937-02-01,,8.159,,,,,,,,,,,,,,,,,,,14.9,,,0.15,,,,,,,,,,,,,,,,,,,,,,,,,,,,,,,,,,,,,,,,,,,,,,,,,
1937-03-01,,8.3475,,,,,,,,,,,,,,,,,,,15.1,,,0.38,,,,,,,,,,,,,,,,,,,,,,,,,,,,,,,,,,,,,,,,,,,,,,,,,
1937-04-01,,8.3475,,,,,,,,,,,,,,,,,,,15.2,,,0.56,,,,,,,,,,,,,,,,,,,,,,,,,,,,,,,,,,,,,,,,,,,,,,,,,
1937-05-01,,8.3745,,,,,,,,,,,,,,,,,,,15.1,,,0.41,,,,,,,,,,,,,,,,,,,,,,,,,,,,,,,,,,,,,,,,,,,,,,,,,
1937-06-01,,8.2667,,,,,,,,,,,,,,,,,,,15.0,,,0.36,,,,,,,,,,,,,,,,,,,,,,,,,,,,,,,,,,,,,,,,,,,,,,,,,
1937-07-01,,8.3206,,,,,,,,,,,,,,,,,,,15.2,,,0.28,,,,,,,,,,,,,,,,,,,,,,,,,,,,,,,,,,,,,,,,,,,,,,,,,
1937-08-01,,8.2667,,,,,,,,,,,,,,,,,,,15.1,,,0.29,,,,,,,,,,,,,,,,,,,,,,,,,,,,,,,,,,,,,,,,,,,,,,,,,
1937-09-01,,7.9975,,,,,,,,,,,,,,,,,,,15.1,,,0.31,,,,,,,,,,,,,,,,,,,,,,,,,,,,,,,,,,,,,,,,,,,,,,,,,
1937-10-01,,7.4051,,,,,,,,,,,,,,,,,,,14.7,,,0.2,,,,,,,,,,,,,,,,,,,,,,,,,,,,,,,,,,,,,,,,,,,,,,,,,
1937-11-01,,6.678,,,,,,,,,,,,,,,,,,,14.4,,,0.09,,,,,,,,,,,,,,,,,,,,,,,,,,,,,,,,,,,,,,,,,,,,,,,,,
1937-12-01,,6.0856,,,,,,,,,,,,,,,,,,,14.1,,,0.11,,,,,,,,,,,,,,,,,,,,,,,,,,,,,,,,,,,,,,,,,,,,,,,,,
1938-01-01,,5.951,,,,,,,,,,,,,,,,,,,14.0,,,0.1,,,,,,,,,,,,,,,,,,,,,,,,,,,,,,,,,,,,,,,,,,,,,,,,,
1938-02-01,,5.8971,,,,,,,,,,,,,,,,,,,13.8,,,0.08,,,,,,,,,,,,,,,,,,,,,,,,,,,,,,,,,,,,,,,,,,,,,,,,,
1938-03-01,,5.8971,,,,,,,,,,,,,,,,,,,13.7,,,0.08,,,,,,,,,,,,,,,,,,,,,,,,,,,,,,,,,,,,,,,,,,,,,,,,,
1938-04-01,,5.7894,,,,,,,,,,,,,,,,,,,13.5,,,0.09,,,,,,,,,,,,,,,,,,,,,,,,,,,,,,,,,,,,,,,,,,,,,,,,,
1938-05-01,,5.6548,,,,,,,,,,,,,,,,,,,13.5,,,0.05,,,,,,,,,,,,,,,,,,,,,,,,,,,,,,,,,,,,,,,,,,,,,,,,,
1938-06-01,,5.7086,,,,,,,,,,,,,,,,,,,13.5,,,0.05,,,,,,,,,,,,,,,,,,,,,,,,,,,,,,,,,,,,,,,,,,,,,,,,,
1938-07-01,,6.0318,,,,,,,,,,,,,,,,,,,13.6,,,0.07,,,,,,,,,,,,,,,,,,,,,,,,,,,,,,,,,,,,,,,,,,,,,,,,,
1938-08-01,,6.3549,,,,,,,,,,,,,,,,,,,13.4,,,0.06,,,,,,,,,,,,,,,,,,,,,,,,,,,,,,,,,,,,,,,,,,,,,,,,,
1938-09-01,,6.5434,,,,,,,,,,,,,,,,,,,13.5,,,0.08,,,,,,,,,,,,,,,,,,,,,,,,,,,,,,,,,,,,,,,,,,,,,,,,,
1938-10-01,,6.705,,,,,,,,,,,,,,,,,,,13.4,,,0.05,,,,,,,,,,,,,,,,,,,,,,,,,,,,,,,,,,,,,,,,,,,,,,,,,
1938-11-01,,6.9742,,,,,,,,,,,,,,,,,,,13.4,,,0.04,,,,,,,,,,,,,,,,,,,,,,,,,,,,,,,,,,,,,,,,,,,,,,,,,
1938-12-01,,7.055,,,,,,,,,,,,,,,,,,,13.3,,,0.03,,,,,,,,,,,,,,,,,,,,,,,,,,,,,,,,,,,,,,,,,,,,,,,,,
1939-01-01,,7.055,,,,,,,,,,,,,,,,,,,13.3,,,0.03,,,,,,,,,,,,,,,,,,,,,,,,,,,,,,,,,,,,,,,,,,,,,,,,,
1939-02-01,,7.1089,,,,,,,,,,,,,,,,,,,13.3,,,0.03,,,,,,,,,,,,,,,,,,,,,,,,,,,,,,,,,,,,,,,,,,,,,,,,,
1939-03-01,,7.1358,,,,,,,,,,,,,,,,,,,13.2,,,0.03,,,,,,,,,,,,,,,,,,,,,,,,,,,,,,,,,,,,,,,,,,,,,,,,,
1939-04-01,,7.1089,,,,,,,,,,,,,,,,,,,13.1,,,0.03,,,,,,,,,,,,,,,,,,,,,,,,,,,,,,,,,,,,,,,,,,,,,,,,,
1939-05-01,,7.0819,,,,,,,,,,,,,,,,,,,13.1,,,0.03,,,,,,,,,,,,,,,,,,,,,,,,,,,,,,,,,,,,,,,,,,,,,,,,,
1939-06-01,,7.2435,,,,,,,,,,,,,,,,,,,13.0,,,0.03,,,,,,,,,,,,,,,,,,,,,,,,,,,,,,,,,,,,,,,,,,,,,,,,,
1939-07-01,,7.4589,,,,,,,,,,,,,,,,,,,13.0,,,0.04,,,,,,,,,,,,,,,,,,,,,,,,,,,,,,,,,,,,,,,,,,,,,,,,,
1939-08-01,,7.5666,,,,,,,,,,,,,,,,,,,12.9,,,0.05,,,,,,,,,,,,,,,,,,,,,,,,,,,,,,,,,,,,,,,,,,,,,,,,,
1939-09-01,,8.0244,,,,,,,,,,,,,,,,,,,13.6,,,0.14,,,,,,,,,,,,,,,,,,,,,,,,,,,,,,,,,,,,,,,,,,,,,,,,,
1939-10-01,,8.4283,,,,,,,,,,,,,,,,,,,13.7,,,0.05,,,,,,,,,,,,,,,,,,,,,,,,,,,,,,,,,,,,,,,,,,,,,,,,,
1939-11-01,,8.6437,,,,,,,,,,,,,,,,,,,13.6,,,0.05,,,,,,,,,,,,,,,,,,,,,,,,,,,,,,,,,,,,,,,,,,,,,,,,,
1939-12-01,,8.6437,,,,,,,,,,,,,,,,,,,13.7,,,0.04,,,,,,,,,,,,,,,,,,,,,,,,,,,,,,,,,,,,,,,,,,,,,,,,,
1940-01-01,,8.536,,,,,,,,,,,,,,,,,,,13.7,,,0.01,,,,,,,,,,,,,,,,,,,,,,,,,,,,,,,,,,,,,,,,,,,,,,,,,
1940-02-01,,8.2667,,,,,,,,,,,,,,,,,,,13.6,,,0.02,,,,,,,,,,,,,,,,,,,,,,,,,,,,,,,,,,,,,,,,,,,,,,,,,
1940-03-01,,8.0783,,,,,,,,,,,,,,,,,,,13.5,,,0.02,,,,,,,,,,,,,,,,,,,,,,,,,,,,,,,,,,,,,,,,,,,,,,,,,
1940-04-01,,8.2398,,,,,,,,,,,,,,,,,,,13.5,,,0.02,,,,,,,,,,,,,,,,,,,,,,,,,,,,,,,,,,,,,,,,,,,,,,,,,
1940-05-01,,8.4822,,,,,,,,,,,,,,,,,,,13.5,,,0.06,,,,,,,,,,,,,,,,,,,,,,,,,,,,,,,,,,,,,,,,,,,,,,,,,
1940-06-01,,8.7514,,,,,,,,,,,,,,,,,,,13.4,,,0.1,,,,,,,,,,,,,,,,,,,,,,,,,,,,,,,,,,,,,,,,,,,,,,,,,
1940-07-01,,8.8592,,,,,,,,,,,,,,,,,,,13.4,,,0.05,,,,,,,,,,,,,,,,,,,,,,,,,,,,,,,,,,,,,,,,,,,,,,,,,
1940-08-01,,8.913,,,,,,,,,,,,,,,,,,,13.4,,,0.04,,,,,,,,,,,,,,,,,,,,,,,,,,,,,,,,,,,,,,,,,,,,,,,,,
1940-09-01,,9.1015,,,,,,,,,,,,,,,,,,,13.4,,,0.05,,,,,,,,,,,,,,,,,,,,,,,,,,,,,,,,,,,,,,,,,,,,,,,,,
1940-10-01,,9.2361,,,,,,,,,,,,,,,,,,,13.6,,,0.02,,,,,,,,,,,,,,,,,,,,,,,,,,,,,,,,,,,,,,,,,,,,,,,,,
1940-11-01,,9.4516,,,,,,,,,,,,,,,,,,,13.7,,,0.02,,,,,,,,,,,,,,,,,,,,,,,,,,,,,,,,,,,,,,,,,,,,,,,,,
1940-12-01,,9.7747,,,,,,,,,,,,,,,,,,,13.8,,,0.02,,,,,,,,,,,,,,,,,,,,,,,,,,,,,,,,,,,,,,,,,,,,,,,,,
1941-01-01,,10.017,,,,,,,,,,,,,,,,,,,13.9,,,0.02,,,,,,,,,,,,,,,,,,,,,,,,,,,,,,,,,,,,,,,,,,,,,,,,,
1941-02-01,,10.3132,,,,,,,,,,,,,,,,,,,13.9,,,0.04,,,,,,,,,,,,,,,,,,,,,,,,,,,,,,,,,,,,,,,,,,,,,,,,,
1941-03-01,,10.6364,,,,,,,,,,,,,,,,,,,14.0,,,0.11,,,,,,,,,,,,,,,,,,,,,,,,,,,,,,,,,,,,,,,,,,,,,,,,,
1941-04-01,,10.6633,,,,,,,,,,,,,,,,,,,14.4,,,0.1,,,,,,,,,,,,,,,,,,,,,,,,,,,,,,,,,,,,,,,,,,,,,,,,,
1941-05-01,,11.148,,,,,,,,,,,,,,,,,,,14.6,,,0.11,,,,,,,,,,,,,,,,,,,,,,,,,,,,,,,,,,,,,,,,,,,,,,,,,
1941-06-01,,11.2288,,,,,,,,,,,,,,,,,,,15.0,,,0.12,,,,,,,,,,,,,,,,,,,,,,,,,,,,,,,,,,,,,,,,,,,,,,,,,
1941-07-01,,11.3634,,,,,,,,,,,,,,,,,,,15.3,,,0.12,,,,,,,,,,,,,,,,,,,,,,,,,,,,,,,,,,,,,,,,,,,,,,,,,
1941-08-01,,11.4981,,,,,,,,,,,,,,,,,,,15.6,,,0.13,,,,,,,,,,,,,,,,,,,,,,,,,,,,,,,,,,,,,,,,,,,,,,,,,
1941-09-01,,11.4981,,,,,,,,,,,,,,,,,,,15.8,,,0.1,,,,,,,,,,,,,,,,,,,,,,,,,,,,,,,,,,,,,,,,,,,,,,,,,
1941-10-01,,11.6058,,,,,,,,,,,,,,,,,,,15.9,,,0.09,,,,,,,,,,,,,,,,,,,,,,,,,,,,,,,,,,,,,,,,,,,,,,,,,
1941-11-01,,11.6596,,,,,,,,,,,,,,,,,,,15.9,,,0.28,,,,,,,,,,,,,,,,,,,,,,,,,,,,,,,,,,,,,,,,,,,,,,,,,
1941-12-01,,11.8481,,,,,,,,,,,,,,,,,,,16.2,,,0.33,,,,,,,,,,,,,,,,,,,,,,,,,,,,,,,,,,,,,,,,,,,,,,,,,
1942-01-01,,12.0905,,,,,,,,,,,,,,,,,,,16.5,,,0.27,,,,,,,,,,,,,,,,,,,,,,,,,,,,,,,,,,,,,,,,,,,,,,,,,
1942-02-01,,12.3059,,,,,,,,,,,,,,,,,,,16.7,,,0.25,,,,,,,,,,,,,,,,,,,,,,,,,,,,,,,,,,,,,,,,,,,,,,,,,
1942-03-01,,12.4405,,,,,,,,,,,,,,,,,,,16.8,,,0.25,,,,,,,,,,,,,,,,,,,,,,,,,,,,,,,,,,,,,,,,,,,,,,,,,
1942-04-01,,12.0905,,,,,,,,,,,,,,,,,,,17.0,,,0.32,,,,,,,,,,,,,,,,,,,,,,,,,,,,,,,,,,,,,,,,,,,,,,,,,
1942-05-01,,12.1174,,,,,,,,,,,,,,,,,,,17.0,,,0.37,,,,,,,,,,,,,,,,,,,,,,,,,,,,,,,,,,,,,,,,,,,,,,,,,
1942-06-01,,12.1443,,,,,,,,,,,,,,,,,,,17.0,,,0.37,,,,,,,,,,,,,,,,,,,,,,,,,,,,,,,,,,,,,,,,,,,,,,,,,
1942-07-01,,12.4405,,,,,,,,,,,,,,,,,,,17.0,,,0.38,,,,,,,,,,,,,,,,,,,,,,,,,,,,,,,,,,,,,,,,,,,,,,,,,
1942-08-01,,12.8175,,,,,,,,,,,,,,,,,,,17.1,,,0.38,,,,,,,,,,,,,,,,,,,,,,,,,,,,,,,,,,,,,,,,,,,,,,,,,
1942-09-01,,13.1137,,,,,,,,,,,,,,,,,,,17.2,,,0.38,,,,,,,,,,,,,,,,,,,,,,,,,,,,,,,,,,,,,,,,,,,,,,,,,
1942-10-01,,13.5445,,,,,,,,,,,,,,,,,,,17.2,,,0.38,,,,,,,,,,,,,,,,,,,,,,,,,,,,,,,,,,,,,,,,,,,,,,,,,
1942-11-01,,13.8677,,,,,,,,,,,,,,,,,,,17.3,,,0.38,,,,,,,,,,,,,,,,,,,,,,,,,,,,,,,,,,,,,,,,,,,,,,,,,
1942-12-01,,14.1908,,,,,,,,,,,,,,,,,,,17.4,,,0.38,,,,,,,,,,,,,,,,,,,,,,,,,,,,,,,,,,,,,,,,,,,,,,,,,
1943-01-01,,14.3255,,,,,,,,,,,,,,,,,,,17.5,,,0.38,,,,,,,,,,,,,,,,,,,,,,,,,,,,,,,,,,,,,,,,,,,,,,,,,
1943-02-01,,14.7024,,,,,,,,,,,,,,,,,,,17.7,,,0.38,,,,,,,,,,,,,,,,,,,,,,,,,,,,,,,,,,,,,,,,,,,,,,,,,
1943-03-01,,14.8102,,,,,,,,,,,,,,,,,,,17.8,,,0.38,,,,,,,,,,,,,,,,,,,,,,,,,,,,,,,,,,,,,,,,,,,,,,,,,
1943-04-01,,14.9986,,,,,,,,,,,,,,,,,,,17.9,,,0.38,,,,,,,,,,,,,,,,,,,,,,,,,,,,,,,,,,,,,,,,,,,,,,,,,
1943-05-01,,15.1063,,,,,,,,,,,,,,,,,,,17.9,,,0.38,,,,,,,,,,,,,,,,,,,,,,,,,,,,,,,,,,,,,,,,,,,,,,,,,
1943-06-01,,15.0256,,,,,,,,,,,,,,,,,,,17.9,,,0.38,,,,,,,,,,,,,,,,,,,,,,,,,,,,,,,,,,,,,,,,,,,,,,,,,
1943-07-01,,15.4833,,,,,,,,,,,,,,,,,,,17.8,,,0.38,,,,,,,,,,,,,,,,,,,,,,,,,,,,,,,,,,,,,,,,,,,,,,,,,
1943-08-01,,15.8064,,,,,,,,,,,,,,,,,,,17.8,,,0.38,,,,,,,,,,,,,,,,,,,,,,,,,,,,,,,,,,,,,,,,,,,,,,,,,
1943-09-01,,16.2104,,,,,,,,,,,,,,,,,,,17.8,,,0.38,,,,,,,,,,,,,,,,,,,,,,,,,,,,,,,,,,,,,,,,,,,,,,,,,
1943-10-01,,16.4527,,,,,,,,,,,,,,,,,,,17.8,,,0.38,,,,,,,,,,,,,,,,,,,,,,,,,,,,,,,,,,,,,,,,,,,,,,,,,
1943-11-01,,16.6681,,,,,,,,,,,,,,,,,,,17.7,,,0.38,,,,,,,,,,,,,,,,,,,,,,,,,,,,,,,,,,,,,,,,,,,,,,,,,
1943-12-01,,16.4527,,,,,,,,,,,,,,,,,,,17.8,,,0.38,,,,,,,,,,,,,,,,,,,,,,,,,,,,,,,,,,,,,,,,,,,,,,,,,
1944-01-01,,16.6412,,,,,,,,,,,,,,,,,,,17.8,,,0.38,,,,,,,,,,,,,,,,,,,,,,,,,,,,,,,,,,,,,,,,,,,,,,,,,
1944-02-01,,16.7758,,,,,,,,,,,,,,,,,,,17.8,,,0.38,,,,,,,,,,,,,,,,,,,,,,,,,,,,,,,,,,,,,,,,,,,,,,,,,
1944-03-01,,16.7489,,,,,,,,,,,,,,,,,,,17.9,,,0.38,,,,,,,,,,,,,,,,,,,,,,,,,,,,,,,,,,,,,,,,,,,,,,,,,
1944-04-01,,16.7489,,,,,,,,,,,,,,,,,,,17.9,,,0.38,,,,,,,,,,,,,,,,,,,,,,,,,,,,,,,,,,,,,,,,,,,,,,,,,
1944-05-01,,16.6412,,,,,,,,,,,,,,,,,,,17.9,,,0.38,,,,,,,,,,,,,,,,,,,,,,,,,,,,,,,,,,,,,,,,,,,,,,,,,
1944-06-01,,16.5874,,,,,,,,,,,,,,,,,,,18.0,,,0.38,,,,,,,,,,,,,,,,,,,,,,,,,,,,,,,,,,,,,,,,,,,,,,,,,
1944-07-01,,16.5604,,,,,,,,,,,,,,,,,,,17.9,,,0.38,,,,,,,,,,,,,,,,,,,,,,,,,,,,,,,,,,,,,,,,,,,,,,,,,
1944-08-01,,16.7758,,,,,,,,,,,,,,,,,,,17.9,,,0.38,,,,,,,,,,,,,,,,,,,,,,,,,,,,,,,,,,,,,,,,,,,,,,,,,
1944-09-01,,16.6681,,,,,,,,,,,,,,,,,,,17.9,,,0.38,,,,,,,,,,,,,,,,,,,,,,,,,,,,,,,,,,,,,,,,,,,,,,,,,
1944-10-01,,16.722,,,,,,,,,,,,,,,,,,,17.9,,,0.38,,,,,,,,,,,,,,,,,,,,,,,,,,,,,,,,,,,,,,,,,,,,,,,,,
1944-11-01,,16.5873,,,,,,,,,,,,,,,,,,,18.0,,,0.38,,,,,,,,,,,,,,,,,,,,,,,,,,,,,,,,,,,,,,,,,,,,,,,,,
1944-12-01,,16.5335,,,,,,,,,,,,,,,,,,,18.0,,,0.38,,,,,,,,,,,,,,,,,,,,,,,,,,,,,,,,,,,,,,,,,,,,,,,,,
1945-01-01,,16.3719,,,,,,,,,,,,,,,,,,,18.1,,,0.38,,,,,,,,,,,,,,,,,,,,,,,,,,,,,,,,,,,,,,,,,,,,,,,,,
1945-02-01,,16.3181,,,,,,,,,,,,,,,,,,,18.1,,,0.38,,,,,,,,,,,,,,,,,,,,,,,,,,,,,,,,,,,,,,,,,,,,,,,,,
1945-03-01,,16.2104,,,,,,,,,,,,,,,,,,,18.1,,,0.38,,,,,,,,,,,,,,,,,,,,,,,,,,,,,,,,,,,,,,,,,,,,,,,,,
1945-04-01,,15.9142,,,,,,,,,,,,,,,,,,,18.2,,,0.38,,,,,,,,,,,,,,,,,,,,,,,,,,,,,,,,,,,,,,,,,,,,,,,,,
1945-05-01,,15.4833,,,,,,,,,,,,,,,,,,,18.3,,,0.38,,,,,,,,,,,,,,,,,,,,,,,,,,,,,,,,,,,,,,,,,,,,,,,,,
1945-06-01,,15.1333,,,,,,,,,,,,,,,,,,,18.3,,,0.38,,,,,,,,,,,,,,,,,,,,,,,,,,,,,,,,,,,,,,,,,,,,,,,,,
1945-07-01,,14.7832,,,,,,,,,,,,,,,,,,,18.3,,,0.38,,,,,,,,,,,,,,,,,,,,,,,,,,,,,,,,,,,,,,,,,,,,,,,,,
1945-08-01,,13.2483,,,,,,,,,,,,,,,,,,,18.2,,,0.38,,,,,,,,,,,,,,,,,,,,,,,,,,,,,,,,,,,,,,,,,,,,,,,,,
1945-09-01,,12.0635,,,,,,,,,,,,,,,,,,,18.1,,,0.38,,,,,,,,,,,,,,,,,,,,,,,,,,,,,,,,,,,,,,,,,,,,,,,,,
1945-10-01,,11.5788,,,,,,,,,,,,,,,,,,,18.2,,,0.38,,,,,,,,,,,,,,,,,,,,,,,,,,,,,,,,,,,,,,,,,,,,,,,,,
1945-11-01,,12.0097,,,,,,,,,,,,,,,,,,,18.4,,,0.38,,,,,,,,,,,,,,,,,,,,,,,,,,,,,,,,,,,,,,,,,,,,,,,,,
1945-12-01,,12.0635,,,,,,,,,,,,,,,,,,,18.4,,,0.38,,,,,,,,,,,,,,,,,,,,,,,,,,,,,,,,,,,,,,,,,,,,,,,,,
1946-01-01,,11.3903,,,,,,,,,,,,,,,,,,,18.4,,,0.38,,,,,,,,,,,,,,,,,,,,,,,,,,,,,,1.17,,,,,,,,,,,,,,,,,,,
1946-02-01,,10.8249,,,,,,,,,,,,,,,,,,,18.5,,,0.38,,,,,,,,,,,,,,,,,,,,,,,,,,,,,,1.17,,,,,,,,,,,,,,,,,,,
1946-03-01,,11.9558,,,,,,,,,,,,,,,,,,,18.8,,,0.38,,,,,,,,,,,,,,,,,,,,,,,,,,,,,,1.17,,,,,,,,,,,,,,,,,,,
1946-04-01,,11.7404,,,,,,,,,,,,,,,,,,,19.0,,,0.38,,,,,,,,,,,,,,,,,,,,,,,,,,,,,,1.27,,,,,,,,,,,,,,,,,,,
1946-05-01,,11.3096,,,,,,,,,,,,,,,,,,,19.1,,,0.38,,,,,,,,,,,,,,,,,,,,,,,,,,,,,,1.27,,,,,,,,,,,,,,,,,,,
1946-06-01,,12.0097,,,,,,,,,,,,,,,,,,,19.4,,,0.38,,,,,,,,,,,,,,,,,,,,,,,,,,,,,,1.27,,,,,,,,,,,,,,,,,,,
1946-07-01,,12.4136,,,,,,,,,,,,,,,,,,,21.5,,,0.38,,,,,,,,,,,,,,,,,,,,,,,,,,,,,,1.27,,,,,,,,,,,,,,,,,,,
1946-08-01,,12.8714,,,,,,,,,,,,,,,,,,,22.2,,,0.38,,,,,,,,,,,,,,,,,,,,,,,,,,,,,,1.52,,,,,,,,,,,,,,,,,,,
1946-09-01,,13.1137,,,,,,,,,,,,,,,,,,,21.4,,,0.38,,,,,,,,,,,,,,,,,,,,,,,,,,,,,,1.52,,,,,,,,,,,,,,,,,,,
1946-10-01,,13.356,,,,,,,,,,,,,,,,,,,23.1,,,0.38,,,,,,,,,,,,,,,,,,,,,,,,,,,,,,1.52,,,,,,,,,,,,,,,,,,,
1946-11-01,,13.4368,,,,,,,,,,,,,,,,,,,24.1,,,0.38,,,,,,,,,,,,,,,,,,,,,,,,,,,,,,1.52,,,,,,,,,,,,,,,,,,,
1946-12-01,,13.5176,,,,,,,,,,,,,,,,,,,24.3,,,0.38,,,,,,,,,,,,,,,,,,,,,,,,,,,,,,1.62,,,,,,,,,,,,,,,,,,,
1947-01-01,,13.6792,,,,,,,,,,,,,,,11.2894,,,21.48,24.5,,,0.38,,,,,,,,,,,,,,,,,,,,,,,,,,,,,53.1,1.62,,,,,,,,,,,,,,,,,,,
1947-02-01,,13.76,,,,,,,,,,,,,,,11.5179,,,21.62,24.7,,,0.38,,,,,,,,,,,,,,,,,,,,,,,,,,,,,56.5,1.62,,,,,,,,,,,,,,,,,,,
1947-03-01,,13.8407,,,,,,,,,,,,,,,11.7667,,,22.0,25.3,,,0.38,,,,,,,,,,,,,,,,,,,,,,,,,,,,,68.0,1.62,,,,,,,,,,,,,,,,,,,
1947-04-01,,13.733,,,,,,,,,,,,,,,12.0269,,,22.0,25.1,,,0.38,,,,,,,,,,,,,,,,,,,,,,,,,,,,,66.0,1.87,,,,,,,,,,,,,,,,,,,
1947-05-01,,13.7869,,,,,,,,,,,,,,,12.2788,,,21.95,25.0,,,0.38,,,,,,,,,,,,,,,,,,,,,,,,,,,,,66.7,1.87,,,,,,,,,,,,,,,,,,,
1947-06-01,,13.7869,,,,,,,,,,,,,,,12.4832,,,22.08,25.0,,,0.38,,,,,,,,,,,,,,,,,,,,,,,,,,,,,62.1,1.87,,,,,,,,,,,,,,,,,,,
1947-07-01,,13.7061,,,,,,,,,,,,,,,12.78,,,22.23,25.3,,,0.66,,,,,,,,,,,,,,,,,,,,,,,,,,,,,58.0,1.87,,,,,,,,,,,,,,,,,,,
1947-08-01,,13.7869,,,,,,,,,,,,,,,13.0822,,,22.4,25.6,,,0.75,,,,,,,,,,,,,,,,,,,,,,,,,,,,,58.9,1.87,,,,,,,,,,,,,,,,,,,
1947-09-01,,13.8946,,,,,,,,,,,,,,,13.3523,,,22.84,26.1,,,0.8,,,,,,,,,,,,,,,,,,,,,,,,,,,,,67.2,1.87,,,,,,,,,,,,,,,,,,,
1947-10-01,,14.0292,,,,,,,,,,,,,,,13.6287,,,22.91,26.4,,,0.85,,,,,,,,,,,,,,,,,,,,,,,,,,,,,74.4,1.87,,,,,,,,,,,,,,,,,,,
1947-11-01,,14.2177,,,,,,,,,,,,,,,13.8998,,,23.06,26.7,,,0.92,,,,,,,,,,,,,,,,,,,,,,,,,,,,,75.9,2.07,,,,,,,,,,,,,,,,,,,
1947-12-01,,14.2716,,,,,,,,,,,,,,,14.2053,,,23.41,27.2,,,0.95,,,,,,,,,,,,,,,,,,,,,,,,,,,,,76.3,2.07,,,,,,,,,,,,,,,,,,,
1948-01-01,,14.3524,84.4294,,,,,,,,,,,,,,14.4049,,,23.68,27.7,,,0.97,,,,,,,,,,,,,,,,,,,,,,,,,,,,,76.1,2.57,,,,,,,,,,,,,,,,,,,
1948-02-01,,14.3793,83.9649,,,,,,,,,,,,,,14.5635,,,23.67,27.2,,,1.0,,,,,,,,,,,,,,,,,,,,,,,,,,,,,65.0,2.57,,,,,,,,,,,,,,,,,,,
1948-03-01,,14.2177,83.3786,,,,,,,,,,,,,,14.7454,,,23.5,27.2,,,1.0,,,,,,,,,,,,,,,,,,,,,,,,,,,,,62.4,2.57,,,,,,,,,,,,,,,,,,,
1948-04-01,,14.2447,82.7982,,,,,,,,,,,,,,14.9301,,,23.82,27.4,,,1.0,,,,,,,,,,,,,,,,,,,,,,,,,,,,,62.6,2.57,,,,,,,,,,,,,,,,,,,
1948-05-01,,14.487,83.3016,,,,,,,,,,,,,,15.0976,,,24.01,27.5,,,1.0,,,,,,,,,,,,,,,,,,,,,,,,,,,,,61.7,2.57,,,,,,,,,,,,,,,,,,,
1948-06-01,,14.6755,83.6466,,,,,,,,,,,,,,15.2158,,,24.15,27.7,,,1.0,,,,,,,,,,,,,,,,,,,,,,,,,,,,,59.3,2.57,,,,,,,,,,,,,,,,,,,
1948-07-01,,14.6755,83.3785,,,,,,,,,,,,,,15.2705,,,24.4,28.0,,,1.0,,,,,,,,,,,,,,,,,,,,,,,,,,,,,56.2,2.57,,,,,,,,,,,,,,,,,,,
1948-08-01,,14.6216,82.658,,,,,,,,,,,,,,15.212,,,24.43,28.2,,,1.06,,,,,,,,,,,,,,,,,,,,,,,,,,,,,54.9,2.57,,,,,,,,,,,,,,,,,,,
1948-09-01,,14.5139,81.4921,,,,,,,,,,,,,,15.1478,,,24.36,28.1,,,1.09,,,,,,,,,,,,,,,,,,,,,,,,,,,,,55.8,2.57,,,,,,,,,,,,,,,,,,,
1948-10-01,,14.6217,81.689,,,,,,,,,,,,,,15.0945,,,24.31,27.8,,,1.12,,,,,,,,,,,,,,,,,,,,,,,,,,,,,56.4,2.57,,,,,,,,,,,,,,,,,,,
1948-11-01,,14.4332,80.2405,,,,,,,,,,,,,,15.0462,,,24.16,27.8,,,1.14,,,,,,,,,,,,,,,,,,,,,,,,,,,,,58.3,2.57,,,,,,,,,,,,,,,,,,,
1948-12-01,,14.2985,79.3106,,,,,,,,,,,,,,15.0348,,,24.05,27.6,,,1.16,,,,,,,,,,,,,,,,,,,,,,,,,,,,,58.0,2.57,,,,,,,,,,,,,,,,,,,
1949-01-01,,14.1639,77.9438,,,,,,,,,,,,,,14.9254,,,24.01,27.3,,,1.17,,,,,,,,,,,,,,,,,,,,,,,,,,,,,56.8,2.57,,,,,,,,,,,,,,,,,,,
1949-02-01,,14.0292,76.8835,,,,,,,,,,,,,,14.7874,,,23.91,26.8,,,1.17,,,,,,,,,,,,,,,,,,,,,,,,,,,,,55.2,2.57,,,,,,,,,,,,,,,,,,,
1949-03-01,,13.76,75.8871,,,,,,,,,,,,,,14.6621,,,23.91,26.8,,,1.17,,,,,,,,,,,,,,,,,,,,,,,,,,,,,56.9,2.57,,,,,,,,,,,,,,,,,,,
1949-04-01,,13.6792,74.1646,,,,,,,,,,,,,,14.5149,,,23.92,26.5,,,1.17,,,,,,,,,,,,,,,,,,,,,,,,,,,,,57.1,2.57,,,,,,,,,,,,,,,,,,,
1949-05-01,,13.4907,73.1841,,,,,,,,,,,,,,14.3455,,,23.91,26.3,,,1.17,,,,,,,,,,,,,,,,,,,,,,,,,,,,,56.0,2.57,,,,,,,,,,,,,,,,,,,
1949-06-01,,13.4638,73.0837,,,,,,,,,,,,,,14.1386,,,23.92,26.0,,,1.17,,,,,,,,,,,,,,,,,,,,,,,,,,,,,52.8,2.57,,,,,,,,,,,,,,,,,,,
1949-07-01,,13.4368,73.129,,,,,,,,,,,,,,14.0212,,,23.7,26.0,,,1.02,,,,,,,,,,,,,,,,,,,,,,,,,,,,,51.6,2.57,,,,,,,,,,,,,,,,,,,
1949-08-01,,13.5715,73.6079,,,,,,,,,,,,,,13.923,,,23.7,26.0,,,1.04,,,,,,,,,,,,,,,,,,,,,,,,,,,,,51.6,2.57,,,,,,,,,,,,,,,,,,,
1949-09-01,,13.7061,74.8043,,,,,,,,,,,,,,13.8246,,,23.75,26.1,,,1.07,,,,,,,,,,,,,,,,,,,,,,,,,,,,,54.1,2.57,,,,,,,,,,,,,,,,,,,
1949-10-01,,13.1945,71.6831,,,,,,,,,,,,,,13.7376,,,23.67,26.0,,,1.05,,,,,,,,,,,,,,,,,,,,,,,,,,,,,54.6,2.57,,,,,,,,,,,,,,,,,,,
1949-11-01,,13.5446,72.0188,,,,,,,,,,,,,,13.6548,,,23.7,26.0,,,1.08,,,,,,,,,,,,,,,,,,,,,,,,,,,,,55.3,2.57,,,,,,,,,,,,,,,,,,,
1949-12-01,,13.7869,73.6252,,,,,,,,,,,,,,13.5957,,,23.61,25.9,,,1.1,,,,,,,,,,,,,,,,,,,,,,,,,,,,,55.7,2.57,,,,,,,,,,,,,,,,,,,
1950-01-01,,14.0292,74.9361,,,,,,,,,,,,,,13.6493,,,23.51,25.9,,,1.07,,,,,,,,,,,,,,,,,,,,,,,,,,,,,55.5,2.57,,,,,,,,,,,,,,,,,,,
1950-02-01,,14.0831,75.3878,,,,,,,,,,,,,,13.7957,,,23.61,26.1,,,1.12,,,,,,,,,,,,,,,,,,,,,,,,,,,,,55.9,2.57,,,,,,,,,,,,,,,,,,,
1950-03-01,,14.5409,76.3894,,,,,,,,,,,,,,13.9531,,,23.64,26.1,,,1.12,,,,,,,,,,,,,,,,,,,,,,,,,,,,,57.4,2.57,,,,,,,,,,,,,,,,,,,
1950-04-01,,15.0255,79.2129,,,,,,,,,,,,,,14.1119,,,23.65,26.1,,,1.15,,,,,,,,,,,,,,,,,,,,,,,,,,,,,58.2,2.57,,,,,,,,,,,,,,,,,,,
1950-05-01,,15.3756,81.0351,,,,,,,,,,,,,,14.2519,,,23.77,26.4,,,1.16,,,,,,,,,,,,,,,,,,,,,,,,,,,,,57.6,2.57,,,,,,,,,,,,,,,,,,,
1950-06-01,,15.8334,83.1238,,,,,,,,,,,,,,14.388,,,23.88,26.6,,,1.15,,,,,,,,,,,,,,,,,,,,,,,,,,,,,55.5,2.57,,,,,,,,,,,,,,,,,,,
1950-07-01,,16.345,85.4762,,,,,,,,,,,,,,14.7712,,,24.07,27.3,,,1.16,,,,,,,,,,,,,,,,,,,,,,,,,,,,,56.8,2.57,,,,,,,,,,,,,,,,,,,
1950-08-01,,16.8566,88.367,,,,,,,,,,,,,,15.2975,,,24.2,27.9,,,1.2,,,,,,,,,,,,,,,,,,,,,,,,,,,,,55.5,2.57,,,,,,,,,,,,,,,,,,,
1950-09-01,,16.7489,87.2287,,,,,,,,,,,,,,15.8075,,,24.34,28.4,,,1.3,,,,,,,,,,,,,,,,,,,,,,,,,,,,,55.1,2.57,,,,,,,,,,,,,,,,,,,
1950-10-01,,16.8566,87.4758,,,,,,,,,,,,,,16.3104,,,24.5,28.6,,,1.31,,,,,,,,,,,,,,,,,,,,,,,,,,,,,55.2,2.57,,,,,,,,,,,,,,,,,,,
1950-11-01,,16.8297,87.0349,,,,,,,,,,,,,,16.8092,,,24.6,29.0,,,1.36,,,,,,,,,,,,,,,,,,,,,,,,,,,,,55.7,2.57,,,,,,,,,,,,,,,,,,,
1950-12-01,,17.1259,88.0952,,,,,,,,,,,,,,17.3061,,,24.98,29.7,,,1.34,,,,,,,,,,,,,,,,,,,,,,,,,,,,,58.8,2.57,,,,,,,,,,,,,,,,,,,
1951-01-01,,17.1797,88.3302,,,,,,,,,,,,,,17.7542,,,25.38,30.5,,,1.34,,,,,,,,,,,,,,,,,,,,,,,,,,,,,60.8,2.57,,,,,,,,,,,,,,,,,,,
1951-02-01,,17.2875,88.2919,,,,,,,,,,,,,,18.1862,,,25.83,30.9,,,1.36,,,,,,,,,,,,,,,,,,,,,,,,,,,,,62.1,2.57,,,,,,,,,,,,,,,,,,,
1951-03-01,,17.3682,88.3826,,,,,,,,,,,,,,18.6363,,,25.88,30.9,,,1.4,,,,,,,,,,,,,,,,,,,,,,,,,,,,,60.8,2.57,,,,,,,,,,,,,,,,,,,
1951-04-01,,17.3952,88.2029,,,,,,,,,,,,,,19.1031,,,25.92,30.8,,,1.47,,,,,,,,,,,,,,,,,,,,,,,,,,,,,61.6,2.57,,,,,,,,,,,,,,,,,,,
1951-05-01,,17.3413,87.3526,,,,,,,,,,,,,,19.5512,,,25.99,30.7,,,1.55,,,,,,,,,,,,,,,,,,,,,,,,,,,,,60.1,2.57,,,,,,,,,,,,,,,,,,,
1951-06-01,,17.2605,86.6421,,,,,,,,,,,,,,20.0031,,,25.93,30.5,,,1.45,,,,,,,,,,,,,,,,,,,,,,,,,,,,,58.8,2.57,,,,,,,,,,,,,,,,,,,
1951-07-01,,16.9913,84.8692,,,,,,,,,,,,,,20.2509,,,25.91,30.3,,,1.56,,,,,,,,,,,,,,,,,,,,,,,,,,,,,58.1,2.57,,,,,,,,,,,,,,,,,,,
1951-08-01,,16.8297,83.6406,,,,,,,,,,,,,,20.3672,,,25.86,30.1,,,1.62,,,,,,,,,,,,,,,,,,,,,,,,,,,,,58.8,2.57,,,,,,,,,,,,,,,,,,,
1951-09-01,,16.9374,83.7458,,,,,,,,,,,,,,20.4775,,,26.03,30.1,,,1.63,,,,,,,,,,,,,,,,,,,,,,,,,,,,,59.3,2.57,,,,,,,,,,,,,,,,,,,
1951-10-01,,16.9105,83.0578,,,,,,,,,,,,,,20.6053,,,26.16,30.1,,,1.54,,,,,,,,,,,,,,,,,,,,,,,,,,,,,61.2,2.57,,,,,,,,,,,,,,,,,,,
1951-11-01,,17.0451,83.559,,,,,,,,,,,,,,20.7329,,,26.32,30.1,,,1.56,,,,,,,,,,,,,,,,,,,,,,,,,,,,,63.6,2.57,,,,,,,,,,,,,,,,,,,
1951-12-01,,17.1528,83.9073,,,,,,,,,,,,,,20.9657,,,26.47,30.1,,,1.73,,,,,,,,,,,,,,,,,,,,,,,,,,,,,63.8,2.57,,,,,,,,,,,,,,,,,,,
1952-01-01,,17.3413,84.3838,,,,,,,,,,,,,,22.1319,,,26.45,30.0,,,1.57,,,,,,,,,,,,,,,,,,,,,,,,,,,,,63.6,2.57,,,,,,,,,,,,,,,,,,,
1952-02-01,,17.449,84.5965,,,,,,,,,,,,,,22.4316,,,26.41,29.8,,,1.54,,,,,,,,,,,,,,,,,,,,,,,,,,,,,63.0,2.57,,,,,,,,,,,,,,,,,,,
1952-03-01,,17.5029,84.6599,,,,,,,,,,,,,,22.3763,,,26.39,29.8,,,1.59,,,,,,,,,,,,,,,,,,,,,,,,,,,,,63.3,2.57,,,,,,,,,,,,,,,,,,,
1952-04-01,,17.3413,83.5604,,,,,,,,,,,,,,22.138,,,26.46,29.6,,,1.57,,,,,,,,,,,,,,,,,,,,,,,,,,,,,62.4,2.57,,,,,,,,,,,,,,,,,,,
1952-05-01,,17.1798,83.1126,,,,,,,,,,,,,,21.9293,,,26.47,29.6,,,1.67,,,,,,,,,,,,,,,,,,,,,,,,,,,,,60.8,2.57,,,,,,,,,,,,,,,,,,,
1952-06-01,,17.0182,81.8992,,,,,,,,,,,,,,22.0525,,,26.53,29.5,,,1.7,,,,,,,,,,,,,,,,,,,,,,,,,,,,,57.3,2.57,,,,,,,,,,,,,,,,,,,
1952-07-01,,16.7489,79.8012,,,,,,,,,,,,,,22.1461,,,26.68,29.6,,,1.81,,,,,,,,,,,,,,,,,,,,,,,,,,,,,56.5,2.57,,,,,,,,,,,,,,,,,,,
1952-08-01,,17.826,85.0966,,,,,,,,,,,,,,22.3937,,,26.69,29.8,,,1.83,,,,,,,,,,,,,,,,,,,,,,,,,,,,,58.3,2.57,,,,,,,,,,,,,,,,,,,
1952-09-01,,18.4723,87.6912,,,,,,,,,,,,,,22.6967,,,26.63,29.6,,,1.71,,,,,,,,,,,,,,,,,,,,,,,,,,,,,59.3,2.57,,,,,,,,,,,,,,,,,,,
1952-10-01,,18.6608,88.7512,,,,,,,,,,,,,,23.0685,,,26.69,29.5,,,1.74,,,,,,,,,,,,,,,,,,,,,,,,,,,,,59.1,2.57,,,,,,,,,,,,,,,,,,,
1952-11-01,,19.0378,90.1807,,,,,,,,,,,,,,23.4435,,,26.69,29.3,,,1.85,,,,,,,,,,,,,,,,,,,,,,,,,,,,,61.3,2.57,,,,86.2,,,,,,,,,,,,,,,
1952-12-01,,19.1455,90.4905,,,,,,,,,,,,,,23.23,,,26.71,29.1,,,2.09,,,,,,,,,,,,,,,,,,,,,,,,,,,,,60.3,2.57,,,,,,,,,,,,,,,,,,,
1953-01-01,,19.1993,90.5483,,,,,,,,,,,,,,23.4687,,,26.64,29.1,,,1.96,,,,,,,,,,,,,,,,,,,,,,,,,,,,,59.9,2.57,,,,,,,,,,,,,,,,,,,
1953-02-01,,19.307,91.1036,,,,,,,,,,,,,,23.6226,,,26.59,29.1,,,1.97,,,,,,,,,,,,,,,,,,,,,,,,,,,,,59.3,2.57,,,,90.7,,,,,,,,,,,,,,,
1953-03-01,,19.4686,91.4256,,,,,,,,,,,,,,23.6983,,,26.63,29.2,,,2.01,,,,,,,,,,,,,,,,,,,,,,,,,,,,,60.3,2.57,,,,,,,,,,,,,,,,,,,
1953-04-01,,19.5494,91.4983,,,,,,,,,,,,,,23.8228,,,26.69,29.0,,,2.19,,2.36,,2.62,2.83,,,,,,,,,,,,,,,,,,,,,,,,59.6,2.57,,,,,,,,,,,,,,,,,,,
1953-05-01,,19.6571,91.6937,,,,,,,,,,,,,,23.8827,,,26.7,29.1,,,2.16,,2.48,,2.87,3.05,,,,,,,,,,,,,,,,,,,,,,,,58.9,2.57,,,,,,,,,,,,,,,,,,,
1953-06-01,,19.5763,90.6594,,,,,,,,,,,,,,23.7607,,,26.77,29.0,,,2.11,,2.45,,2.94,3.11,,,,,,,,,,,,,,,,,,,,,,,,52.1,2.82,,,,,,,,,,,,,,,,,,,
1953-07-01,,19.8187,90.9787,,,,,,,,,,,,,,23.7782,,,26.79,29.4,,,2.04,,2.38,,2.75,2.93,,,,,,,,,,,,,,,,,,,,,,,,52.1,2.82,,,,,,,,,,,,,,,,,,,
1953-08-01,,19.7109,90.5636,,,,,,,,,,,,,,23.9951,,,26.85,29.3,,,2.04,,2.28,,2.8,2.95,,,,,,,,,,,,,,,,,,,,,,,,52.6,2.82,,,,80.8,,,,,,,,,,,,,,,
1953-09-01,,19.307,88.3263,,,,,,,,,,,,,,24.0138,,,26.89,29.4,,,1.79,,2.2,,2.71,2.87,,,,,,,,,,,,,,,,,,,,,,,,54.2,2.82,,,,,,,,,,,,,,,,,,,
1953-10-01,,19.1455,87.1948,,,,,,,,,,,,,,23.9825,,,26.95,29.2,,,1.38,,1.79,,2.43,2.66,,,,,,,,,,,,,,,,,,,,,,,,55.8,2.82,,,,,,,,,,,,,,,,,,,
1953-11-01,,18.6877,84.7407,,,,,,,,,,,,,,23.87,,,26.85,29.1,,,1.44,,1.67,,2.42,2.68,,,,,,,,,,,,,,,,,,,,,,,,57.6,2.82,,,,80.7,,,,,,,,,,,,,,,
1953-12-01,,18.2299,82.3076,,,,,,,,,,,,,,23.1686,,,26.87,29.2,,,1.6,,1.66,,2.32,2.59,,,,,,,,,,,,,,,,,,,,,,,,57.4,2.82,,,,,,,,,,,,,,,,,,,
1954-01-01,,18.0953,81.3314,,,,,,,,,,,,,,23.0112,,,26.94,29.4,,,1.18,,1.41,,2.17,2.48,,,,,,,,,,,,,,,,,,,,,,,,58.3,2.82,,,,,,,,,,,,,,,,,,,
1954-02-01,,18.1492,80.8402,,,,,,,,,,,,,,22.952,,,26.99,29.3,,,0.97,,1.14,,2.04,2.47,,,,,,,,,,,,,,,,,,,,,,,,58.9,2.82,,,,82.0,,,,,,,,,,,,,,,
1954-03-01,,18.0414,80.2379,,,,,,,,,,,,,,22.927,,,26.93,29.3,,,1.03,,1.13,,1.93,2.37,,,,,,,,,,,,,,,,,,,,,,,,59.8,2.82,,,,,,,,,,,,,,,,,,,
1954-04-01,,17.9337,79.4012,,,,,,,,,,,,,,22.7987,,,26.86,29.4,,,0.97,,0.96,,1.87,2.29,,,,,,,,,,,,,,,,,,,,,,,,59.3,2.82,,,,,,,,,,,,,,,,,,,
1954-05-01,,18.0414,79.7563,,,,,,,,,,,,,,22.6694,,,26.93,29.4,,,0.76,,0.85,,1.92,2.37,,,,,,,,,,,,,,,,,,,,,,,,58.3,2.82,,,,82.9,,,,,,,,,,,,,,,
1954-06-01,,18.0953,79.8726,,,,,,,,,,,,,,22.5139,,,26.94,29.2,,,0.64,,0.82,,1.92,2.38,,,,,,,,,,,,,,,,,,,,,,,,53.1,2.82,,,,,,,,,,,,,,,,,,,
1954-07-01,,18.1222,79.3984,,,,,,,,,,,,,,22.439,,0.8,26.86,29.3,,,0.72,,0.84,,1.85,2.3,,,,,,,,,,,,,,,,,,,,,,,,55.4,2.82,,,,,,,,,,,,,,,,,,,
1954-08-01,,18.0953,78.8093,,,,,,,,,,,,,,22.4422,,1.22,26.85,29.3,,,0.92,,0.88,,1.9,2.36,,,,,,,,,,,,,,,,,,,,,,,,57.4,2.82,,,,,,,,,,,,,,,,,,,
1954-09-01,,18.1222,79.1621,,,,,,,,,,,,,,22.4805,,1.07,26.81,29.2,,,1.01,,1.03,,1.96,2.38,,,,,,,,,,,,,,,,,,,,,,,,58.6,2.82,,,,,,,,,,,,,,,,,,,
1954-10-01,,18.3377,79.7465,,,,,,,,,,,,,,22.5787,,0.85,26.72,29.1,,,0.98,,1.17,,2.02,2.43,,,,,,,,,,,,,,,,,,,,,,,,58.8,2.82,,,,,,,,,,,,,,,,,,,
1954-11-01,,18.6338,80.9104,,,,,,,,,,,,,,22.6956,,0.83,26.78,29.2,,,0.93,,1.14,,2.09,2.48,,,,,,,,,,,,,,,,,,,,,,,,60.5,2.82,,,,87.0,,,,,,,,,,,,,,,
1954-12-01,,18.8762,81.7984,,,,,,,,,,,,,,22.5382,,1.28,26.77,29.0,,,1.15,,1.21,,2.16,2.51,,,,,,,,,,,,,,,,,,,,,,,,60.1,2.82,,,,,,,,,,,,,,,,,,,
1955-01-01,,19.307,83.491,,,,,,,,,,,,,,22.8036,,1.39,26.77,29.2,,,1.22,,1.39,,2.32,2.61,,,,,,,,,,,,,,,,,,,,,,,,60.7,2.82,,,,,,,,,,,,,,,,,,,
1955-02-01,,19.5494,84.1335,,,,,,,,,,,,,,22.9901,,1.29,26.82,29.3,,,1.17,,1.57,,2.38,2.65,,,,,,,,,,,,,,,,,,,,,,,,60.6,2.82,,,,95.9,,,,,,,,,,,,,,,
1955-03-01,,20.0071,85.769,,,,,,,,,,,,,,23.1876,,1.35,26.79,29.2,,,1.28,,1.59,,2.48,2.68,,,,,,,,,,,,,,,,,,,,,,,,60.5,2.82,,,,,,,,,,,,,,,,,,,
1955-04-01,,20.2495,86.7049,,,,,,,,,,,,,,23.3723,,1.43,26.79,29.3,,,1.59,,1.75,,2.55,2.75,,,,,,,,,,,,,,,,,,,,,,,,59.7,2.82,,,,,,,,,,,,,,,,,,,
1955-05-01,,20.5726,87.8619,,,,,,,,,,,,,,23.7085,,1.43,26.77,29.1,,,1.45,,1.9,,2.56,2.76,,,,,,,,,,,,,,,,,,,,,,,,61.0,2.82,,,,99.1,,,,,,,,,,,,,,,
1955-06-01,,20.5996,87.6462,,,,,,,,,,,,,,24.1102,,1.64,26.71,29.3,,,1.41,,1.91,,2.59,2.78,,,,,,,,,,,,,,,,,,,,,,,,58.9,2.82,,,,,,,,,,,,,,,,,,,
1955-07-01,,20.7611,87.6585,,,,,,,,,,,,,,24.5263,,1.68,26.76,29.3,,,1.6,,2.02,,2.72,2.9,,,,,,,,,,,,,,,,,,,,,,,,56.0,2.82,,,,,,,,,,,,,,,,,,,
1955-08-01,,20.7342,87.3323,,,,,,,,,,,,,,24.963,,1.96,26.72,29.4,,,1.9,,2.37,,2.86,2.97,,,,,,,,,,,,,,,,,,,,,,,,52.9,2.82,,,,,,,,,,,,,,,,,,,
1955-09-01,,20.8688,87.4582,,,,,,,,,,,,,,25.3672,,2.18,26.85,29.6,,,2.07,,2.36,,2.85,2.97,,,,,,,,,,,,,,,,,,,,,,,,54.5,2.82,,,,,,,,,,,,,,,,,,,
1955-10-01,,21.2189,88.3671,,,,,,,,,,,,,,25.7546,,2.24,26.82,29.6,,,2.23,,2.39,,2.76,2.88,,,,,,,,,,,,,,,,,,,,,,,,54.7,2.82,,,,,,,,,,,,,,,,,,,
1955-11-01,,21.2727,88.2651,,,,,,,,,,,,,,26.4404,,2.35,26.88,29.5,,,2.24,,2.48,,2.81,2.89,,,,,,,,,,,,,,,,,,,,,,,,54.7,2.82,,,,99.7,,,,,,,,,,,,,,,
1955-12-01,,21.3535,89.0259,,,,,,,,,,,,,,26.7161,,2.48,26.87,29.5,,,2.54,,2.73,,2.93,2.96,,,,,,,,,,,,,,,,,,,,,,,,55.6,2.82,,,,,,,,,,,,,,,,,,,
1956-01-01,,21.4882,88.2309,,,,,,,,,,,,,,27.1736,,2.45,26.83,29.7,,,2.41,,2.58,,2.84,2.9,,,,,,,,,,,,,,,,,,,,,,,,55.4,2.82,,,,,,,,,,,,,,,,,,,
1956-02-01,,21.2997,87.4422,,,,,,,,,,,,,,27.6564,,2.5,26.86,29.8,,,2.32,,2.49,,2.74,2.84,,,,,,,,,,,,,,,,,,,,,,,,56.1,2.82,,,,,,,,,,,,,,,,,,,
1956-03-01,,21.2997,86.9629,,,,,,,,,,,,,,28.5289,,2.5,26.89,29.9,,,2.25,,2.61,,2.93,2.96,,,,,,,,,,,,,,,,,,,,,,,,56.8,2.82,,,,,,,,,,,,,,,,,,,
1956-04-01,,21.4612,87.7998,,,,,,,,,,,,,,29.285,,2.62,26.93,30.1,,,2.6,,2.92,,3.2,3.18,,,,,,,,,,,,,,,,,,,,,,,,58.8,2.82,,,,,,,,,,,,,,,,,,,
1956-05-01,,21.2728,86.3431,,,,,,,,,,,,,,29.6299,,2.75,27.03,30.3,,,2.61,,2.94,,3.08,3.07,,,,,,,,,,,,,,,,,,,,,,,,57.6,2.82,,,,98.2,,,,,,,,,,,,,,,
1956-06-01,,21.0843,85.3322,,,,,,,,,,,,,,30.263,,2.71,27.15,30.3,,,2.49,,2.74,,2.97,3.0,,,,,,,,,,,,,,,,,,,,,,,,54.1,2.82,,,,,,,,,,,,,,,,,,,
1956-07-01,,20.438,81.5224,,,,,,,,,,,,,,30.7252,,2.75,27.29,30.2,,,2.31,,2.76,,3.12,3.11,,,,,,,,,,,,,,,,,,,,,,,,54.3,2.82,,,,,,,,,,,,,,,,,,,
1956-08-01,,21.2727,84.9487,,,,,,,,,,,,,,31.0855,,2.73,27.31,30.4,,,2.6,,3.1,,3.41,3.33,,,,,,,,,,,,,,,,,,,,,,,,55.2,2.82,,,,99.9,,,,,,,,,,,,,,,
1956-09-01,,21.7574,85.9908,,,,,,,,,,,,,,31.4451,,2.95,27.35,30.6,,,2.84,,3.35,,3.47,3.38,,,,,,,,,,,,,,,,,,,,,,,,56.6,2.82,,,,,,,,,,,,,,,,,,,
1956-10-01,,21.9459,86.491,,,,,,,,,,,,,,31.8895,,2.96,27.51,30.6,,,2.9,,3.28,,3.4,3.34,,,,,,,,,,,,,,,,,,,,,,,,57.3,2.82,,,,,,,,,,,,,,,,,,,
1956-11-01,,21.7574,85.8189,,,,,,,,,,,,,,32.2609,,2.88,27.51,30.7,,,2.99,,3.44,,3.56,3.49,,,,,,,,,,,,,,,,,,,,,,,,58.9,2.82,,,,100.2,,,,,,,,,,,,,,,
1956-12-01,,22.0806,86.7793,,,,,,,,,,,,,,32.473,,2.94,27.63,30.8,,,3.21,,3.68,,3.7,3.59,,,,,,,,,,,,,,,,,,,,,,,,59.4,2.82,,,,,,,,,,,,,,,,,,,
1957-01-01,,21.9998,86.151,,,,,,,,,,,,,,32.687,,2.84,27.67,31.0,,,3.11,,3.37,,3.47,3.46,,,,,,,,,,,,,,,,,,1.2449460708,,,,,,60.3,2.82,,,,,,,,,,,,,,,,,,,
1957-02-01,,22.2152,86.9983,,,,,,,,,,,,,,32.6895,,3.0,27.8,31.0,,,3.1,,3.38,,3.39,3.34,,,,,,,,,,,,,,,,,,1.2456971881,,,,,,59.9,3.07,,,,,,,,,,,,,,,,,,,
1957-03-01,,22.1883,86.4136,,,,,,,,,,,,,,33.0407,,2.96,27.86,31.0,,,3.08,,3.42,,3.46,3.41,,,,,,,,,,,,,,,,,,1.2456971881,,,,,,60.2,3.07,,,,,,,,,,,,,,,,,,,
1957-04-01,,21.8921,84.9971,,,,,,,,,,,,,,33.3856,,3.0,27.93,31.1,,,3.07,,3.49,,3.53,3.48,,,,,,,,,,,,,,,,,,1.2465102789,,,,,,59.2,3.07,,,,,,,,,,,,,,,,,,,
1957-05-01,,21.8113,84.2139,,,,,,,,,,,,,,33.6362,,3.0,28.0,31.0,,,3.06,,3.48,,3.64,3.6,,,,,,,,,,,,,,,,,,1.2480794449,,,,,,56.8,3.07,,,,92.9,,,,,,,,,,,,,,,
1957-06-01,,21.8652,84.5773,,,,,,,,,,,,,,34.0596,,3.0,28.11,31.1,,,3.29,,3.65,,3.83,3.8,,,,,,,,,,,,,,,,,,1.2472638752,,,,,,56.6,3.07,,,,,,,,,,,,,,,,,,,
1957-07-01,,21.9998,84.3174,,,,,,,,,,,,,,34.3749,,2.99,28.19,31.3,,,3.16,,3.81,,4.0,3.93,,,,,,,,,,,,,,,,,,1.2451964432,,,,,,55.6,3.07,,,,,,,,,,,,,,,,,,,
1957-08-01,,21.9998,84.1625,,,,,,,,,,,,,,34.5961,,3.24,28.28,31.4,,,3.37,,4.01,,4.0,3.93,,,,,,,,,,,,,,,,,,1.2478910458,,,,,,54.7,3.07,,,,,,,,,,,,,,,,,,,
1957-09-01,,21.8113,83.1858,,,,,,,,,,,,,,34.5474,,3.47,28.32,31.3,,,3.53,,4.07,,4.03,3.92,,,,,,,,,,,,,,,,,,1.2473258486,,,,,,54.2,3.07,,,,,,,,,,,,,,,,,,,
1957-10-01,,21.4882,81.3949,,,,,,,,,,,,,,34.4197,,3.5,28.32,31.2,,,3.58,,4.01,,4.08,3.97,,,,,,,,,,,,,,,,,,1.2438826075,,,,,,55.3,3.07,,,,,,,,,,,,,,,,,,,
1957-11-01,,20.9765,79.4105,,,,,,,,,,,,,,34.3325,,3.28,28.41,31.3,,,3.31,,3.57,,3.72,3.72,,,,,,,,,,,,,,,,,,1.2405211713,,,,,,56.6,3.07,,,,83.7,,,,,,,,,,,,,,,
1957-12-01,,20.5726,77.5488,,,,,,,,,,,,,,33.8853,,2.98,28.47,31.4,,,3.04,,3.18,,3.08,3.21,,,,,,,,,,,,,,,,,,1.2400253843,,,,,,55.8,3.0,,,,,,,,,,,,,,,,,,,
1958-01-01,,20.1956,75.6978,,,,,,,,,,,,,,34.6988,,2.72,28.64,31.5,,,2.44,,2.65,,2.88,3.09,,,,,,,,,,,,,,,,,,1.2403352512,,,,,,55.7,3.07,,,,,,,,,,,,,,,,,,,
1958-02-01,,19.7648,73.7563,,,,,,,,,,,,,,34.8623,,1.67,28.7,31.5,,,1.53,,1.99,,2.78,3.05,,,,,,,,,,,,,,,,,,1.2379827417,,,,,,56.1,3.07,,,,78.5,,,,,,,,,,,,,,,
1958-03-01,,19.5225,72.7431,,,,,,,,,,,,,,34.7528,,1.2,28.87,31.7,,,1.3,,1.84,,2.64,2.98,,,,,,,,,,,,,,,,,,1.2369316731,,,,,,57.0,3.07,,,,,,,,,,,,,,,,,,,
1958-04-01,,19.1993,71.3327,,,,,,,,,,,,,,34.5718,,1.26,28.94,31.6,,,1.13,,1.45,,2.46,2.88,,,,,,,,,,,,,,,,,,1.2365623118,,,,,,57.8,3.07,,,,,,,,,,,,,,,,,,,
1958-05-01,,19.3878,71.9395,,,,,,,,,,,,,,34.4375,,0.63,28.94,31.7,,,0.91,,1.37,,2.41,2.92,,,,,,,,,,,,,,,,,,1.2363763916,,,,,,56.8,3.07,,,,80.9,,,,,,,,,,,,,,,
1958-06-01,,19.8994,73.9457,,,,,,,,,,,,,,34.2718,,0.93,28.91,31.6,,,0.83,,1.23,,2.46,2.97,,,,,,,,,,,,,,,,,,1.2363763916,,,,,,51.7,3.07,,,,,,,,,,,,,,,,,,,
1958-07-01,,20.1956,74.3421,,,,,,,,,,,,,,34.1831,,0.68,28.89,31.6,,,0.91,,1.61,,2.77,3.2,,,,,,,,,,,,,,,,,,1.236438365,,,,,,50.0,3.07,,,,,,,,,,,,,,,,,,,
1958-08-01,,20.5995,75.7329,,,,,,,,,,,,,,34.3612,,1.53,28.94,31.6,,,1.69,,2.5,,3.29,3.54,,,,,,,,,,,,,,,,,,1.2363763916,,,,,,47.3,3.07,,,,,,,,,,,,,,,,,,,
1958-09-01,,20.7881,76.2217,,,,,,,,,,,,,,34.5237,,1.76,28.91,31.6,,,2.44,,3.05,,3.69,3.76,,,,,,,,,,,,,,,,,,1.2360070303,,,,,,49.0,3.07,,,,,,,,,,,,,,,,,,,
1958-10-01,,21.0304,76.4104,,,,,,,,,,,,,,34.7518,,1.8,28.91,31.5,,,2.63,,3.19,,3.78,3.8,,,,,,,,,,,,,,,,,,1.2356996423,,,,,,50.2,3.07,,,,,,,,,,,,,,,,,,,
1958-11-01,,21.6497,79.0691,,,,,,,,,,,,,,34.9156,,2.27,28.95,31.6,,,2.67,,3.1,,3.7,3.74,,,,,,,,,,,,,,,,,,1.2360070303,,,,,,50.2,3.0,,,,90.8,,,,,,,,,,,,,,,
1958-12-01,,21.6767,79.0434,,,,,,,,,,,,,,34.9489,,2.42,28.97,31.6,,,2.77,3.01,3.29,,3.82,3.86,,,,,,,,,,,,,,,,,,1.2359450569,,,,,,50.3,3.0,,,,,,,,,,,,,,,,,,,
1959-01-01,,21.9998,80.1973,,,2583.56,15.188,15.501,,,,,,,,,35.213,286.6,2.48,29.01,31.7,,,2.82,3.09,3.36,,4.01,4.02,,,,,,,,,,,,,,,,,,1.2392817037,,,,,,50.3,3.0,,,,,,,,,,,,,,,,,,,
1959-02-01,,22.4306,81.4428,,,2593.596,15.346,15.513,,,,,,,,,35.2201,287.7,2.43,29.0,31.7,,,2.7,3.13,3.54,,3.96,3.96,,,,,,,,,,,,,,,,,,1.2392197303,,,,,,51.1,3.0,,,,,,,,,,,,,,,,,,,
1959-03-01,,22.7538,82.4769,,,2610.396,15.491,15.531,,,,,,,,,35.1304,289.2,2.8,28.97,31.7,,,2.8,3.13,3.61,,3.99,3.99,,,,,,,,,,,,,,,,,,1.239653544,,,,,,51.6,2.97,,,,,,,,,,,,,,,,,,,
1959-04-01,,23.2384,83.9922,,,2627.446,15.435,15.57,,,,,,,,,35.5581,290.1,2.96,28.98,31.8,,,2.95,3.27,3.72,,4.12,4.12,,,,,,,,,,,,,,,,,,1.2371795666,,,,,,51.4,2.97,,,,,,,,,,,,,,,,,,,
1959-05-01,,23.5885,84.9159,,,2642.72,15.622,15.589,,,,,,,,,36.3064,292.2,2.9,29.04,31.8,,,2.84,3.33,3.96,,4.35,4.31,,,,,,,,,,,,,,,,,,1.2359450569,,,,,,50.3,2.97,,,,95.3,,,,,,,,,,,,,,,
1959-06-01,,23.6155,84.7686,,,2650.841,15.679,15.635,,,,,,,,,37.1404,294.1,3.39,29.11,31.7,,,3.21,3.52,4.07,,4.5,4.34,,,,,,,,,,,,,,,,,,1.2377968215,,,,,,49.1,2.97,,,,,,,,,,,,,,,,,,,
1959-07-01,,23.05,82.9798,,,2649.304,15.626,15.672,,,,,,,,,37.6645,295.2,3.47,29.15,31.7,,,3.2,3.82,4.39,,4.58,4.4,,,,,,,,,,,,,,,,,,1.237548928,,,,,,49.3,2.97,,,,,,,,,,,,,,,,,,,
1959-08-01,,22.2691,79.4676,,,2634.369,15.72,15.697,,,,,,,,,38.089,296.4,3.5,29.18,31.6,,,3.38,3.87,4.42,,4.57,4.43,,,,,,,,,,,,,,,,,,1.2386619699,,,,,,49.8,2.97,,,,,,,,,,,,,,,,,,,
1959-09-01,,22.2421,79.0489,,,2636.381,15.878,15.738,,,,,,,,,38.2605,296.7,3.76,29.25,31.7,,,4.04,4.7,5.0,,4.9,4.68,,,,,,,,,,,,,,,,,,1.2401493311,,,,,,50.3,2.97,,,,,,,,,,,,,,,,,,,
1959-10-01,,22.0806,78.1537,,,2639.735,15.77,15.765,,,,,,,,,38.4113,296.5,3.98,29.35,31.6,,,4.05,4.53,4.8,,4.72,4.53,,,,,,,,,,,,,,,,,,1.2399014375,,,,,,51.2,2.97,,,,,,,,,,,,,,,,,,,
1959-11-01,,22.2152,78.5051,,,2659.765,15.763,15.794,,,,,,,,,38.6978,297.1,4.0,29.35,31.5,,,4.15,4.54,4.81,,4.75,4.53,,,,,,,,,,,,,,,,,,1.2400873577,,,,,,51.9,2.97,,,,93.8,,,,,,,,,,,,,,,
1959-12-01,,23.5885,83.5682,,,2687.012,15.745,15.818,,,,,,,,,39.2932,297.8,3.99,29.41,31.5,,,4.49,4.85,5.14,,5.01,4.69,,,,,,,,,,,,,,,,,,1.2397155174,,,,,,52.0,2.97,,,,,,,,,,,,,,,,,,,
1960-01-01,,24.2078,85.5616,,,2695.694,15.789,15.822,,,,,,,1092.0,,39.6291,298.2,3.99,29.37,31.6,,,4.35,4.74,5.03,,4.92,4.72,,,,,,,,,,,,,,,,,,1.2371795666,,,,,,52.2,2.97,,,107.5944,,,,,,,,,,,,,,,,
1960-02-01,,23.9924,84.6108,,,2698.789,15.858,15.852,,,,,,,1088.0,,39.7872,298.4,3.97,29.41,31.6,,,3.96,4.3,4.66,,4.69,4.49,,,,,,,,,,,,,,,,,,1.2365003384,,,,,,52.6,2.97,,,105.1914,100.0,,,,,,,,,,,,,,,
1960-03-01,,23.777,83.2421,,,2703.859,16.083,15.853,,,,,,,955.0,,40.018,299.3,3.84,29.41,31.8,,,3.31,3.61,4.02,,4.31,4.25,,,,,,,,,,,,,,,,,,1.2363144182,,,,,,53.3,2.97,,,102.7885,,,,,,,,,,,,,,,,
1960-04-01,,23.5885,82.2593,,,2713.243,16.331,15.882,,,,,,,1016.0,,40.5152,300.1,3.92,29.54,31.8,,,3.23,3.55,4.04,,4.29,4.28,,,,,,,,,,,,,,,,,,1.2356996423,,,,,,53.3,2.97,,,100.3855,,,,,,,,,,,,,,,,
1960-05-01,,23.5616,81.4711,,,2719.777,16.002,15.908,,,,,,,1052.0,,40.8926,300.9,3.85,29.57,31.7,,,3.29,3.58,4.21,,4.49,4.35,,,,,,,,,,,,,,,,,,1.2360690036,,,,,,51.2,2.97,,,101.7843,93.3,,,,,,,,,,,,,,,
1960-06-01,,23.2654,80.2236,,,2721.855,15.998,15.917,,,,,,,958.0,,41.3564,302.3,3.32,29.61,31.7,,,2.46,2.74,3.36,,4.12,4.15,,,,,,,,,,,,,,,,,,1.2361929504,,,,,,50.9,2.97,,,103.183,,,,,,,,,,,,,,,,
1960-07-01,,23.1846,79.7275,,,2726.734,16.031,15.945,,,,,,,999.0,,41.3958,304.1,3.23,29.55,31.7,,,2.3,2.71,3.2,,3.79,3.9,,,,,,,,,,,,,,,,,,1.2369316731,,,,,,49.1,2.97,,,104.5817,,,,,,,,,,,,,,,,
1960-08-01,,23.1577,79.0505,,,2722.383,16.016,15.968,,,,,,,994.0,,41.3249,306.9,2.98,29.61,31.6,,,2.3,2.59,2.95,,3.62,3.8,,,,,,,,,,,,,,,,,,1.2422638628,,,,,,48.9,2.97,,,102.0353,97.2,,,,,,,,,,,,,,,
1960-09-01,,22.9153,77.9187,,,2725.93,16.092,15.981,,,,,,,984.0,,41.4006,308.4,2.6,29.61,31.6,,,2.48,2.83,3.07,,3.61,3.8,,,,,,,,,,,,,,,,,,1.2379827417,,,,,,49.9,2.97,,,99.48893,,,,,,,,,,,,,,,,
1960-10-01,,22.8884,77.5287,,,2733.981,16.17,15.99,,,,,,,972.0,,41.5247,309.5,2.47,29.75,31.7,,,2.3,2.73,3.04,,3.76,3.89,,,,,,,,,,,,,,,,,,1.2356996423,,,,,,50.3,2.97,,,96.94253,,,,,,,,,,,,,,,,
1960-11-01,,22.5653,75.7724,,,2722.236,16.114,16.033,,,,,,,979.0,,41.6827,310.9,2.44,29.78,31.7,,,2.37,2.66,3.08,,3.81,3.93,,,,,,,,,,,,,,,,,,1.231463142,,,,,,51.2,2.97,,,97.4805,90.1,,,,,,,,,,,,,,,
1960-12-01,,22.1344,74.2557,,,2709.794,15.916,16.028,,,,,,,951.0,,42.1051,312.4,1.98,29.81,31.7,,,2.25,2.5,2.86,,3.67,3.84,,,,,,,,,,,,,,,,,,1.2314011686,,,,,,52.0,2.97,,,98.01847,,,,,,,,,,,,,,,,
1961-01-01,,22.1613,74.1095,,,2734.05,15.956,16.032,,,,,,,969.0,,42.0358,314.1,1.45,29.84,31.8,,,2.24,2.47,2.81,,3.67,3.84,,,,,,,,,,,,,,,,,,1.2348989462,,,,,,52.6,2.97,,,98.55644,,,,,,,,,,,,,,,,
1961-02-01,,22.1344,73.512,,,2744.703,16.014,16.048,,,,,,,961.0,,41.9503,316.5,2.54,29.84,31.8,,,2.42,2.6,2.93,,3.66,3.78,,,,,,,,,,,,,,,,,,1.2378587949,,,,,,52.6,2.97,,,98.87923,91.6,,,,,,,,,,,,,,,
1961-03-01,,22.2691,73.8637,,,2755.967,16.213,16.053,,,,,,,1000.0,,42.0518,318.3,2.02,29.84,31.8,,,2.39,2.54,2.88,,3.6,3.74,,,,,,,,,,,,,,,,,,1.2368696997,,,,,,52.0,2.97,,,99.20201,,,,,,,,,,,,,,,,
1961-04-01,,22.7268,75.3829,,,2761.873,16.221,16.075,,,,,,,1002.0,,42.2127,319.9,1.49,29.81,31.6,,,2.29,2.47,2.88,,3.57,3.78,,,,,,,,,,,,,,,,,,1.2403972246,,,,,,50.8,2.97,,,99.52479,,,,,,,,,,,,,,,,
1961-05-01,,23.0769,76.356,,,2783.267,16.32,16.096,,,,,,,1027.0,,42.1342,322.2,1.98,29.84,31.5,,,2.29,2.45,2.87,,3.47,3.71,,,,,,,,,,,,,,,,,,1.2405211713,,,,,,49.7,2.97,,,101.9277,92.5,,,,,,,,,,,,,,,
1961-06-01,,23.4,77.3241,,,2809.575,16.359,16.12,,,,,,,1070.0,,42.4519,324.3,1.73,29.84,31.3,,,2.33,2.54,3.06,,3.81,3.88,,,,,,,,,,,,,,,,,,1.238352103,,,,,,50.1,2.97,,,104.3307,,,,,,,,,,,,,,,,
1961-07-01,,23.6693,78.1087,,,2817.586,16.31,16.145,,,,,,,1083.0,,42.5813,325.6,1.17,29.92,31.5,,,2.24,2.45,2.92,,3.84,3.92,,,,,,,,,,,,,,,,,,1.2344676115,,,,,,50.6,2.97,,,106.7336,,,,,,,,,,,,,,,,
1961-08-01,,23.8847,78.9783,,,2819.181,16.368,16.162,,,,,,,1159.0,,42.6567,327.6,2.0,29.94,31.5,,,2.39,2.66,3.06,,3.96,4.04,,,,,,,,,,,,,,,,,,1.2345295849,,,,,,52.7,2.97,,,104.51,99.2,,,,,,,,,,,,,,,
1961-09-01,,23.8578,78.1562,,,2822.627,16.46,16.194,,,,,,,1098.0,,42.7707,329.5,1.88,29.98,31.5,,,2.28,2.68,3.06,,3.9,3.98,,,,,,,,,,,,,,,,,,1.2342841703,,,,,,52.9,2.97,,,102.2864,,,,,,,,,,,,,,,,
1961-10-01,,24.3156,79.5528,,,2850.442,16.563,16.199,,,,,,,1123.0,,42.9778,331.1,2.26,29.98,31.5,,,2.3,2.66,3.05,,3.8,3.92,,,,,,,,,,,,,,,,,,1.2342221969,,,,,,53.0,2.97,,,100.0628,,,,,,,,,,,,,,,,
1961-11-01,,24.6926,80.7658,,,2875.937,16.724,16.202,,,,,,,1152.0,,43.1337,333.4,2.61,29.98,31.5,,,2.48,2.7,3.07,,3.82,3.94,,,,,,,,,,,,,,,,,,1.2342221969,,,,,,53.6,2.97,,,102.5374,93.0,,,,,,,,,,,,,,,
1961-12-01,,24.908,81.6041,,,2893.211,16.84,16.216,,,,,,,1161.0,,43.7997,335.5,2.33,30.01,31.6,,,2.6,2.88,3.18,,3.91,4.06,,,,,,,,,,,,,,,,,,1.2341602235,,,,,,54.0,2.97,,,105.0121,,,,,,,,,,,,,,,,
1962-01-01,,24.6925,80.2408,,,2890.321,16.845,16.235,,,,,,,1122.0,,43.9853,337.5,2.15,30.04,31.7,,,2.72,2.94,3.28,,3.94,4.08,,,,,,,,,,,,,,,,,,1.2341602235,,,,,,53.3,2.97,,,107.4868,,,,,,,,,,,,,,,,
1962-02-01,,25.0964,81.4267,,,2902.573,16.837,16.262,,,,,,,1194.0,,43.8688,340.1,2.37,30.11,31.7,,,2.73,2.93,3.28,,3.89,4.04,,,,,,,,,,,,,,,,,,1.2341602235,,,,,,53.4,2.97,,,105.8729,99.9,,,,,,,,,,,,,,,
1962-03-01,,25.2311,81.8912,,,2922.539,16.976,16.3,,,,,,,1134.0,,44.1012,343.1,2.85,30.17,31.7,,,2.72,2.87,3.06,,3.68,3.93,,,,,,,,,,,,,,,,,,1.2341602235,,,,,,54.0,2.97,,,104.2589,,,,,,,,,,,,,,,,
1962-04-01,,25.285,81.7429,,,2937.504,17.035,16.303,,,,,,,1235.0,,44.5398,345.5,2.78,30.21,31.6,,,2.73,2.83,2.99,,3.6,3.84,,,,,,,,,,,,,,,,,,1.2345295849,,,,,,54.6,2.97,,,102.645,,,,,,,,,,,,,,,,
1962-05-01,,25.258,81.3349,,,2941.678,17.166,16.326,,,,,,,1142.0,,44.8413,347.5,2.36,30.24,31.5,,,2.69,2.78,3.03,,3.66,3.87,,,,,,,,,,,,,,,,,,1.2339767823,,,,,,56.0,2.97,,,101.2822,95.4,,,,,,,,,,,,,,,
1962-06-01,,25.2042,80.9291,,,2945.739,17.08,16.356,,,,,,,1154.0,,45.5419,349.3,2.68,30.21,31.5,,,2.73,2.8,3.03,,3.64,3.91,,,,,,,,,,,,,,,,,,1.2334239797,,,,,,56.0,2.97,,,99.9193,,,,,,,,,,,,,,,,
1962-07-01,,25.4465,81.476,,,2960.008,17.135,16.37,,,,,,,1189.0,,45.7268,350.8,2.71,30.22,31.6,,,2.92,3.08,3.29,,3.8,4.01,,,,,,,,,,,,,,,,,,1.2331165918,,,,,,56.1,2.97,,,98.55644,,,,,,,,,,,,,,,,
1962-08-01,,25.4734,81.4168,,,2964.773,17.183,16.372,,,,,,,1200.0,,45.9234,352.8,2.93,30.28,31.6,,,2.82,2.99,3.2,,3.71,3.98,,,,,,,,,,,,,,,,,,1.2329951239,,,,,,55.3,2.97,,,99.77585,91.6,,,,,,,,,,,,,,,
1962-09-01,,25.635,81.7875,,,2966.166,17.375,16.404,,,,,,,1223.0,,46.3736,354.9,2.9,30.42,31.9,,,2.78,2.93,3.06,,3.7,3.98,,,,,,,,,,,,,,,,,,1.2337313677,,,,,,55.7,2.97,,,100.9952,,,,,,,,,,,,,,,,
1962-10-01,,25.6619,81.3851,,,2981.84,17.289,16.403,,,,,,,1181.0,,46.8487,357.2,2.9,30.38,31.7,,,2.74,2.84,2.98,,3.64,3.93,,,,,,,,,,,,,,,,,,1.2336693943,,,,,,55.7,2.97,,,102.2147,,,,,,,,,,,,,,,,
1962-11-01,,25.7696,81.8392,,,2992.828,17.519,16.415,,,,,,,1236.0,,47.1998,359.8,2.94,30.38,31.7,,,2.83,2.89,3.0,,3.6,3.92,,,,,,,,,,,,,,,,,,1.2334239797,,,,,,56.5,2.97,,,103.4341,95.0,,,,,,,,,,,,,,,
1962-12-01,,25.7696,81.6791,,,3006.868,17.617,16.42,,,,,,,1236.0,,47.4376,362.7,2.93,30.38,31.6,,,2.87,2.91,3.01,,3.56,3.86,,,,,,,,,,,,,,,,,,1.2334239797,,,,,,56.4,2.97,,,104.6535,,,,,,,,,,,,,,,,
1963-01-01,,25.9581,81.9446,,,3025.392,17.612,16.451,,,,,,,1248.0,,47.6623,365.2,2.92,30.44,31.6,,,2.91,2.96,3.04,,3.58,3.83,,,,,,,,,,,,,,,,,,1.2341602235,,,,,,56.8,2.97,,,105.8729,,,,,,,,,,,,,,,,
1963-02-01,,26.2544,82.3778,,,3009.442,17.546,16.47,,,,,,,1212.0,,47.8294,367.9,3.0,30.48,31.5,,,2.92,2.98,3.01,,3.66,3.92,,,,,,,,,,,,,,,,,,1.2349609196,,,,,,57.4,2.97,,,103.4699,98.4,,,,,,,,,,,,,,,
1963-03-01,,26.4159,82.6243,,,3023.049,17.635,16.48,,,,,,,1258.0,,47.9739,370.7,2.98,30.51,31.5,,,2.89,2.95,3.03,,3.68,3.93,,,,,,,,,,,,,,,,,,1.236438365,,,,,,58.1,2.97,,,101.067,,,,,,,,,,,,,,,,
1963-04-01,,26.6582,83.4581,,,3031.344,17.699,16.5,,,,,,,1288.0,,48.3917,373.3,2.9,30.48,31.4,,,2.9,2.98,3.11,,3.74,3.97,,,,,,,,,,,,,,,,,,1.2358830835,,,,,,59.4,2.97,,,98.66404,,,,,,,,,,,,,,,,
1963-05-01,,26.9814,83.9513,,,3044.315,17.71,16.53,,,,,,,1350.0,,48.649,376.1,3.0,30.51,31.5,,,2.93,3.01,3.12,,3.72,3.93,,,,,,,,,,,,,,,,,,1.2360690036,,,,,,56.3,2.97,,,100.3497,91.7,,,,,,,,,,,,,,,
1963-06-01,,27.0622,83.9398,,,3058.664,17.881,16.558,,,,,,,1345.0,,49.2469,378.4,2.99,30.61,31.6,,,2.99,3.08,3.2,,3.81,3.99,,,,,,,,,,,,,,,,,,1.23724154,,,,,,52.7,2.97,,,102.0353,,,,,,,,,,,,,,,,
1963-07-01,,26.9545,83.3448,,,3060.387,17.973,16.573,,,,,,,1321.0,,49.4664,381.1,3.02,30.69,31.7,,,3.18,3.31,3.48,,3.89,4.02,,,,,,,,,,,,,,,,,,1.2371175933,,,,,,50.8,2.97,,,103.721,,,,,,,,,,,,,,,,
1963-08-01,,27.0083,83.5014,,,3071.095,18.037,16.588,,,,,,,1310.0,,49.4768,383.6,3.49,30.75,31.6,,,3.32,3.44,3.53,,3.89,4.0,,,,,,,,,,,,,,,,,,1.2370556199,,,,,,50.8,2.97,,,103.0037,96.4,,,,,,,,,,,,,,,
1963-09-01,,27.2776,83.8227,,,3091.894,18.003,16.618,,,,,,,1413.0,,49.8225,386.0,3.48,30.72,31.6,,,3.38,3.5,3.57,,3.96,4.08,,,,,,,,,,,,,,,,,,1.2371795666,,,,,,53.5,2.97,,,102.2864,,,,,,,,,,,,,,,,
1963-10-01,,27.4661,84.3071,,,3109.05,17.993,16.655,,,,,,,1414.0,,50.4111,388.3,3.5,30.75,31.6,,,3.45,3.58,3.64,,3.97,4.11,,,,,,,,,,,,,,,,,,1.2378587949,,,,,,56.3,2.97,,,101.5691,,,,,,,,,,,,,,,,
1963-11-01,,27.6007,84.2946,,,3115.477,18.127,16.67,,,,,,,1357.0,,51.2382,391.5,3.48,30.78,31.7,,,3.52,3.65,3.74,,4.01,4.12,,,,,,,,,,,,,,,,,,1.2358211101,,,,,,56.4,2.97,,,103.3982,94.4,,,,,,,,,,,,,,,
1963-12-01,,27.5469,84.0095,,,3140.08,18.343,16.694,,,,,,,1423.0,,52.1741,393.2,3.38,30.88,31.6,,,3.52,3.66,3.81,,4.04,4.13,,,,,,,,,,,,,,,,,,1.2353302809,,,,,,56.4,2.97,,,105.2273,,,,,,,,,,,,,,,,
1964-01-01,,27.7892,84.4621,,,3151.381,18.402,16.717,,,,,2.5,,1296.0,,52.4186,395.2,3.48,30.94,31.8,,,3.52,3.64,3.79,,4.07,4.17,,,,,,,,,,,,,,,,,,1.2350823874,,,,,,57.5,2.97,,,107.0564,,,,,,,,,,,,,,,,
1964-02-01,,27.9777,84.6673,,,3164.424,18.532,16.749,,,,,2.5,,1442.0,,52.5482,397.6,3.48,30.91,31.6,,,3.53,3.67,3.78,,4.03,4.15,,,,,,,,,,,,,,,,,,1.2352683076,,,,,,56.9,2.97,,,106.6977,99.5,,,,,,,,,,,,,,,
1964-03-01,,27.9777,84.3575,,,3180.427,18.597,16.765,,,,,2.51,,1313.0,,52.7139,399.8,3.43,30.94,31.6,,,3.54,3.72,3.91,,4.14,4.22,,,,,,,,,,,,,,,,,,1.2351443608,,,,,,53.4,2.97,,,106.3391,,,,,,,,,,,,,,,,
1964-04-01,,28.4355,85.5869,,,3199.779,18.63,16.78,,,,,2.52,,1264.0,,53.229,401.7,3.47,30.95,31.6,,,3.47,3.66,3.91,,4.15,4.23,,,,,,,,,,,,,,,,,,1.2344056381,,,,,,56.9,2.97,,,105.9805,,,,,,,,,,,,,,,,
1964-05-01,,28.597,85.5983,,,3218.991,18.888,16.794,,,,,2.52,,1299.0,,53.7445,404.2,3.5,30.98,31.5,,,3.48,3.6,3.84,,4.05,4.2,,,,,,,,,,,,,,,,,,1.2339767823,,,,,,55.8,2.97,,,106.7336,98.5,,,,,,,,,,,,,,,
1964-06-01,,28.6778,85.449,,,3230.324,18.996,16.806,,,,,2.53,,1280.0,,54.2937,407.1,3.5,31.01,31.5,,,3.48,3.56,3.83,,4.02,4.17,,,,,,,,,,,,,,,,,,1.2357591367,,,,,,42.9,2.97,,,107.4868,,,,,,,,,,,,,,,,
1964-07-01,,28.8663,85.861,,,3247.888,19.136,16.823,,,,,2.54,,1304.0,,54.7159,410.1,3.42,31.02,31.6,,,3.46,3.56,3.72,,4.03,4.19,,,,,,,,,,,,,,,,,,1.2342221969,,,,,,40.0,2.92,,,108.2399,,,,,,,,,,,,,,,,
1964-08-01,,29.0548,86.1105,,,3266.271,19.251,16.845,,,,,2.55,,1306.0,,55.1046,413.4,3.5,31.05,31.6,,,3.5,3.61,3.74,,4.05,4.19,,,,,,,,,,,,,,,,,,1.2331165918,,,,,,39.8,2.92,,,107.9889,100.6,,,,,,,,,,,,,,,
1964-09-01,,29.1625,86.1994,,,3279.764,19.171,16.852,,,,,2.56,,1265.0,,55.7749,416.9,3.45,31.08,31.7,,,3.53,3.68,3.84,,4.08,4.2,,,,,,,,,,,,,,,,,,1.2317085565,,,,,,41.2,2.92,,,107.7378,,,,,,,,,,,,,,,,
1964-10-01,,28.7586,84.6252,,,3281.585,19.296,16.859,,,,,2.55,,1230.0,,56.2908,419.1,3.36,31.12,31.7,,,3.57,3.72,3.86,,4.07,4.19,,,,,,,,,,,,,,,,,,1.2304839625,,,,,,41.3,2.92,,,107.4868,,,,,,,,,,,,,,,,
1964-11-01,,29.6472,86.8484,,,3303.656,19.121,16.883,,,,,2.56,,1254.0,,56.8628,422.0,3.52,31.21,31.7,,,3.64,3.81,3.91,,4.04,4.15,,,,,,,,,,,,,,,,,,1.2303030003,,,,,,41.9,2.92,,,108.2399,99.9,,,,,,,,,,,,,,,
1964-12-01,,29.9973,88.0025,,,3336.322,19.306,16.907,,,,,2.58,,1164.0,,58.3481,424.7,3.85,31.25,31.7,,,3.84,3.95,4.02,,4.09,4.18,,,,,,,,,,,,,,,,,,1.2306079093,,,,,,41.6,2.92,,,108.9931,,,,,,,,,,,,,,,,
1965-01-01,,30.3204,88.5986,,,3357.223,19.443,16.93,,,,,2.58,,1264.0,,59.241,427.5,3.9,31.28,31.8,,,3.81,3.94,3.94,,4.1,4.19,,,,,,,,,,,,,,,,,,1.2303624947,,,,,,41.2,2.92,,,109.7463,,,,,,,,,,,,,,,,
1965-02-01,,30.5089,88.7226,,,3359.115,19.753,16.95,,,,,2.59,,1185.0,,60.0693,430.4,3.98,31.28,31.9,,,3.93,4.0,4.03,,4.15,4.21,,,,,,,,,,,,,,,,,,1.2304244681,,,,,,41.0,2.92,,,110.9657,102.0,,,,,,,,,,,,,,,
1965-03-01,,30.9128,89.2769,,,3375.375,19.814,16.96,,,,,2.61,,1211.0,,61.1489,433.2,4.05,31.31,31.9,,,3.93,4.0,4.06,,4.15,4.21,,,,,,,,,,,,,,,,,,1.2306079093,,,,,,40.1,2.92,,,112.1851,,,,,,,,,,,,,,,,
1965-04-01,,31.0474,89.2868,,,3389.254,19.955,16.98,,,,,2.6,,1162.0,,62.1331,435.4,4.09,31.38,32.0,,,3.93,3.99,4.04,,4.15,4.2,,,,,,,,,,,,,,,,,,1.2304244681,,,,,,39.9,2.92,,,113.4045,,,,,,,,,,,,,,,,
1965-05-01,,31.2898,89.4494,,,3407.894,19.936,17.011,,,,,2.62,,1207.0,,62.925,437.1,4.1,31.48,32.1,,,3.89,3.95,4.03,,4.15,4.21,,,,,,,,,,,,,,,,,,1.2304244681,,,,,,39.2,2.92,,,112.6872,105.4,,,,,,,,,,,,,,,
1965-06-01,,31.5321,89.4582,,,3417.802,19.77,17.007,,,,,2.63,,1241.0,,64.1511,440.1,4.05,31.61,32.4,,,3.8,3.86,3.99,,4.15,4.21,,,,,,,,,,,,,,,,,,1.2304244681,,,,,,38.2,2.92,,,111.9699,,,,,,,,,,,,,,,,
1965-07-01,,31.8283,90.2974,,,3440.831,20.018,17.024,,,,,2.63,,1237.0,,64.8904,442.9,4.09,31.58,32.4,,,3.84,3.9,3.98,,4.15,4.2,,,,,,,,,,,,,,,,,,1.2305459359,,,,,,38.3,2.92,,,111.2526,,,,,,,,,,,,,,,,
1965-08-01,,31.963,89.8508,,,3455.192,20.165,17.056,,,,,2.64,,1249.0,,65.4792,445.8,4.12,31.55,32.4,,,3.84,3.95,4.07,,4.2,4.25,,,,,,,,,,,,,,,,,,1.2304839625,,,,,,40.0,2.92,,,111.0733,103.4,,,,,,,,,,,,,,,
1965-09-01,,32.0438,89.5586,,,3539.729,20.502,17.076,,,,,2.65,,1227.0,,66.3883,449.5,4.02,31.62,32.4,,,3.92,4.07,4.2,,4.25,4.29,,,,,,,,,,,,,,,,,,1.2308508449,,,,,,40.0,2.92,,,110.8939,,,,,,,,,,,,,,,,
1965-10-01,,32.3669,89.7893,,,3524.562,20.789,17.07,,,,,2.66,,1279.0,,67.05,452.6,4.08,31.65,32.5,,,4.03,4.19,4.3,,4.34,4.35,,,,,,,,,,,,,,,,,,1.231463142,,,,,,40.1,2.92,,,110.7146,,,,,,,,,,,,,,,,
1965-11-01,,32.5015,89.6483,,,3550.773,20.78,17.102,,,,,2.67,,1306.0,,67.754,455.7,4.1,31.75,32.6,,,4.09,4.24,4.37,,4.46,4.45,,,,,,,,,,,,,,,,,,1.2305459359,,,,,,41.3,2.92,,,109.6745,102.9,,,,,,,,,,,,,,,
1965-12-01,,32.9054,90.5141,,,3569.718,20.823,17.154,,,,,2.67,,1315.0,,69.1577,459.2,4.32,31.85,32.8,,,4.38,4.55,4.72,,4.72,4.62,,,,,,,,,,,,,,,,,,1.2307913505,,,,,,42.1,2.92,,,108.6344,,,,,,,,,,,,,,,,
1966-01-01,,33.2286,90.8594,,,3578.381,20.956,17.159,,,,,2.68,,1325.0,,69.9831,462.0,4.42,31.88,32.9,,,4.59,4.71,4.88,,4.86,4.61,,,,,,,,,,,,,,,,,,1.232380348,,,,,,42.2,2.92,,,107.5944,,,,,,,,,,,,,,,,
1966-02-01,,33.444,90.9108,,,3596.166,21.097,17.201,,,,,2.69,,1159.0,,70.683,464.6,4.6,32.08,33.2,,,4.65,4.82,4.94,,4.98,4.83,,,,,,,,,,,,,,,,,,1.2328711772,,,,,,41.8,2.92,,,106.0522,100.0,,,,,,,,,,,,,,,
1966-03-01,,33.9018,91.5884,,,3615.405,21.261,17.223,,,,,2.7,,1234.0,,71.521,467.2,4.66,32.18,33.2,,,4.59,4.78,4.97,,4.92,4.87,,,,,,,,,,,,,,,,,,1.2340982501,,,,,,41.5,2.92,,,104.51,,,,,,,,,,,,,,,,
1966-04-01,,33.9556,91.5416,,,3612.477,21.272,17.285,,,,,2.71,,1145.0,,72.3728,469.3,4.67,32.28,33.2,,,4.62,4.74,4.9,,4.83,4.75,,,,,,,,,,,,,,,,,,1.236130977,,,,,,41.3,2.92,,,102.9678,,,,,,,,,,,,,,,,
1966-05-01,,34.2787,91.6379,,,3624.307,21.074,17.331,,,,,2.72,,1078.0,,73.3273,470.1,4.9,32.35,33.2,,,4.64,4.81,4.93,,4.89,4.78,,,,,,,,,,,,,,,,,,1.2339767823,,,,,,43.0,2.92,,,101.3539,95.7,,,,,,,,,,,,,,,
1966-06-01,,34.4403,91.5205,,,3642.069,21.13,17.387,,,,,2.73,,956.0,,75.3919,471.2,5.17,32.38,33.3,,,4.5,4.65,4.97,,4.97,4.81,,,,,,,,,,,,,,,,,,1.2345915582,,,,,,45.1,2.92,,,99.73998,,,,,,,,,,,,,,,,
1966-07-01,,34.6288,91.4046,,,3656.698,21.312,17.438,,,,,2.74,,932.0,,76.7826,470.9,5.3,32.45,33.5,,,4.8,4.93,5.17,,5.17,5.02,,,,,,,,,,,,,,,,,,1.232687736,,,,,,50.0,2.92,,,98.12607,,,,,,,,,,,,,,,,
1966-08-01,,34.6557,91.0801,,,3675.041,21.345,17.47,,,,,2.75,,877.0,,76.9939,472.6,5.53,32.65,33.6,,,4.96,5.27,5.54,,5.5,5.22,,,,,,,,,,,,,,,,,,1.2319514922,,,,,,49.6,2.92,,,97.08598,91.2,,,,,,,,,,,,,,,
1966-09-01,,34.9789,91.2464,,,3697.138,21.542,17.524,,,,,2.76,,774.0,,77.4883,475.4,5.4,32.75,33.6,,,5.37,5.79,5.82,,5.5,5.18,,,,,,,,,,,,,,,,,,1.2373035134,,,,,,50.1,2.97,,,96.04591,,,,,,,,,,,,,,,,
1966-10-01,,35.2212,91.618,,,3712.521,21.448,17.581,,,,,2.77,,739.0,,78.0104,475.7,5.53,32.85,33.4,,,5.35,5.62,5.58,,5.27,5.01,,,,,,,,,,,,,,,,,,1.2394056505,,,,,,45.6,2.97,,,95.00583,,,,,,,,,,,,,,,,
1966-11-01,,34.9788,90.1293,,,3735.585,21.493,17.625,,,,,2.78,,736.0,,78.3726,477.3,5.76,32.88,33.3,,,5.32,5.54,5.54,,5.36,5.16,,,,,,,,,,,,,,,,,,1.2387239433,,,,,,46.3,2.97,,,97.08598,88.3,,,,,,,,,,,,,,,
1966-12-01,,35.0596,90.0246,,,3734.371,21.527,17.679,,,,,2.78,,743.0,,78.976,480.2,5.4,32.92,33.3,,,4.96,5.07,5.2,,5.0,4.84,,,,,,,,,,,,,,,,,,1.2402732778,,,,,,47.4,2.97,,,99.16615,,,,,,,,,,,,,,,,
1967-01-01,,35.225,89.8425,,,3769.197,21.629,17.695,,,209000.0,1118750.0,2.8,,995.0,,79.274,481.6,4.94,32.9,33.4,,,4.72,4.74,4.75,,4.7,4.58,,,,,,,,,,,,,,,,,,1.239157757,,,,,,46.5,2.97,55.2,,101.2463,,,,,,,,,5.3528708133971294,,,,,,,
1967-02-01,,34.8255,88.3949,,,3773.752,21.549,17.727,,,229000.0,1162500.0,2.81,,907.0,,79.558,485.1,5.0,33.0,33.4,,,4.56,4.59,4.71,,4.74,4.63,,,,,,,,,,,,,,,,,,1.233300033,,,,,,43.8,3.0,55.2,,101.8919,94.1,,,,,,,,5.076419213973799,,,,,,,
1967-03-01,,34.6292,87.5162,,,3796.76,21.661,17.754,,,260750.0,1243250.0,2.81,,955.0,,80.1231,489.7,4.53,33.0,33.3,,,4.26,4.22,4.35,,4.54,4.54,,,,,,,,,,,,,,,,,,1.2323208535,,,,,,46.9,3.0,54.0,,102.5374,,,,,,,,,4.7679769894535,,,,,,,
1967-04-01,,34.9558,87.6555,,,3793.589,21.867,17.803,,,263000.0,1281000.0,2.82,,1035.0,,81.185,492.1,4.05,33.1,33.1,,,3.84,3.89,4.11,,4.51,4.59,,,,,,,,,,,,,,,,,,1.2320134656,,,,,,46.1,3.0,53.1,,103.183,,,,,,,,,4.870722433460076,,,,,,,
1967-05-01,,34.6508,86.6106,,,3800.579,21.865,17.842,,,235750.0,1277500.0,2.83,,1076.0,,81.6022,497.2,3.94,33.1,33.3,,,3.6,3.8,4.15,,4.75,4.85,,,,,,,,,,,,,,,,,,1.2305459359,,,,,,45.3,3.0,52.4,,103.5775,95.9,,,,,,,,5.418875927889713,,,,,,,
1967-06-01,,34.6465,86.0691,,,3815.624,21.994,17.887,,,232000.0,1246000.0,2.85,,1169.0,,82.6929,502.0,3.98,33.3,33.5,,,3.54,3.89,4.48,,5.01,5.02,,,,,,,,,,,,,,,,,,1.2306674037,,,,,,43.5,3.0,52.1,,103.972,,,,,,,,,5.370689655172414,,,,,,,
1967-07-01,,34.5676,85.3074,,,3835.148,21.916,17.948,,,227800.0,1246200.0,2.86,,1177.0,,83.7351,506.3,3.79,33.4,33.5,,,4.21,4.72,5.01,,5.23,5.16,,,,,,,,,,,,,,,,,,1.2304244681,,,,,,41.7,3.0,52.1,,104.3665,,,,,,,,,5.470588235294118,,,,,,,
1967-08-01,,35.2299,86.4918,,,3853.272,21.981,18.003,,,212750.0,1209250.0,2.88,,1229.0,,83.5123,510.8,3.9,33.5,33.4,,,4.27,4.83,5.13,,5.31,5.28,,,,,,,,,,,,,,,,,,1.2303624947,,,,,,39.7,3.07,52.1,,102.8961,97.0,,,,,,,,5.6839012925969445,,,,,,,
1967-09-01,,35.1727,86.0644,,,3856.287,22.165,18.067,,,216400.0,1181400.0,2.88,,1279.0,,83.7365,514.7,3.99,33.6,33.4,,,4.42,4.96,5.24,,5.4,5.3,,,,,,,,,,,,,,,,,,1.2304839625,,,,,,39.5,3.07,52.7,,101.4256,,,,,,,,,5.459334565619224,,,,,,,
1967-10-01,,35.4591,86.3701,,,3861.274,21.957,18.134,,,216750.0,1172250.0,2.89,,1280.0,,84.1043,518.2,3.88,33.7,33.4,,,4.56,5.07,5.37,,5.57,5.48,,,,,,,,,,,,,,,,,,1.2304244681,,,,,,40.4,3.07,53.8,,99.95517,,,,,,,,,5.408304498269896,,,,,,,
1967-11-01,,35.9663,87.5349,,,3885.754,22.107,18.192,,,206250.0,1148250.0,2.91,,1297.0,,84.5959,521.2,4.13,33.9,33.4,,,4.73,5.25,5.61,,5.78,5.75,,,,,,,,,,,,,,,,,,1.2305459359,,,,,,39.4,3.07,56.5,,101.4974,92.9,,,,,,,,5.567272727272727,,,,,,,
1967-12-01,,36.3536,88.0043,,,3896.582,22.402,18.237,,,211200.0,1170600.0,2.92,,1315.0,,86.1397,524.8,4.51,34.0,33.7,,,4.97,5.49,5.71,,5.75,5.7,,,,,,,,,,,,,,,,,,1.2309747917,,,,,,40.0,3.07,57.6,,103.0395,,,,,,,,,5.542613636363637,,,,,,,
1968-01-01,,36.3145,87.4099,,,3917.876,22.545,18.318,,,215750.0,1173250.0,2.94,,1179.0,1257.0,86.5509,527.4,4.61,34.1,33.8,,,5.0,5.24,5.43,,5.54,5.53,,,,,,,,,,,,,,,,,,1.2318919977,,,,,,40.4,3.07,59.0,,104.5817,,,,,,,,,5.4380069524913095,1.0661577608142494,,,,,,
1968-02-01,,36.4446,87.4092,,,3947.741,22.568,18.397,,,210750.0,1164000.0,2.95,,1342.0,1174.0,86.5981,530.4,4.71,34.2,34.0,,,4.98,5.17,5.41,,5.59,5.56,,,,,,,,,,,,,,,,,,1.2307293771,,,,,,41.0,3.07,62.3,,102.8602,97.2,,,,,,,,5.523131672597865,0.8748137108792846,,,,,,
1968-03-01,,36.5584,87.1648,,,3981.447,22.946,18.47,,,195200.0,1139200.0,2.97,,1370.0,1323.0,87.114,533.2,5.05,34.3,34.1,,,5.17,5.33,5.58,,5.76,5.74,,,,,,,,,,,,,,,,,,1.2310962595,,,,,,40.8,3.07,63.7,,101.1387,,,,,,,,,5.836065573770492,0.9656934306569344,,,,,,
1968-04-01,,36.6113,86.8701,,,3999.257,22.861,18.538,,,199000.0,1076000.0,2.99,,1286.0,1328.0,88.421,535.7,5.76,34.4,34.1,,,5.38,5.49,5.71,,5.69,5.64,,,,,,,,,,,,,,,,,,1.2329951239,,,,,,39.7,3.07,61.8,,99.4172,,,,,,,,,5.407035175879397,1.0326594090202177,,,,,,
1968-05-01,,37.022,87.586,,,4020.251,23.019,18.608,,,199000.0,1078500.0,3.0,,1297.0,1367.0,88.9726,538.9,6.12,34.5,34.2,,,5.66,5.83,6.14,,6.04,5.87,,,,,,,,,,,,,,,,,,1.232687736,,,,,,39.4,3.07,56.2,,99.4172,92.4,,,,,,,,5.419597989949748,1.053970701619121,,,,,,
1968-06-01,,37.158,87.3914,,,4038.787,23.216,18.681,,,193600.0,1065800.0,3.01,,1300.0,1184.0,89.9295,542.6,6.07,34.7,34.2,,,5.52,5.64,5.98,,5.85,5.72,,,,,,,,,,,,,,,,,,1.2358830835,,,,,,36.5,3.07,55.2,,99.4172,,,,,,,,,5.505165289256198,0.9107692307692308,,,,,,
1968-07-01,,37.101,86.7508,,,4063.454,23.432,18.743,,,196250.0,1060500.0,3.03,,1344.0,1370.0,91.0358,545.6,6.03,34.9,34.3,,,5.31,5.41,5.65,,5.6,5.5,,,,,,,,,,,,,,,,,,1.2386619699,,,,,,35.4,3.07,54.0,,99.4172,,,,,,,,,5.4038216560509555,1.0193452380952381,,,,,,
1968-08-01,,37.2045,86.8043,,,4082.154,23.496,18.816,,,199400.0,1085000.0,3.04,,1357.0,1279.0,91.2381,549.4,6.03,35.0,34.2,,,5.09,5.23,5.43,,5.5,5.42,,,,,,,,,,,,,,,,,,1.2405831447,,,,,,34.2,3.07,53.6,,99.16615,92.4,,,,,,,,5.441323971915748,0.9425202652910832,,,,,,
1968-09-01,,37.3454,86.4809,,,4101.372,23.463,18.892,,,191000.0,1051500.0,3.07,,1464.0,1397.0,91.8452,553.6,5.78,35.1,34.4,,,5.19,5.25,5.45,,5.48,5.46,,,,,,,,,,,,,,,,,,1.2446956983,,,,,,34.3,3.07,53.5,,98.91509,,,,,,,,,5.505235602094241,0.9542349726775956,,,,,,
1968-10-01,,37.4196,86.6552,,,4108.359,23.502,18.969,,,186000.0,1043250.0,3.08,,1421.0,1348.0,92.8125,557.6,5.91,35.3,34.4,,,5.35,5.41,5.57,,5.55,5.58,,,,,,,,,,,,,,,,,,1.2479530192,,,,,,36.1,3.07,53.8,,98.66404,,,,,,,,,5.608870967741935,0.9486277269528501,,,,,,
1968-11-01,,37.9036,87.5147,,,4126.968,23.632,19.041,,,183400.0,1042200.0,3.1,,1436.0,1367.0,94.47,562.4,5.82,35.4,34.5,,,5.45,5.6,5.75,,5.66,5.7,,,,,,,,,,,,,,,,,,1.2440090332,,,,,,37.0,3.07,54.0,,100.9952,91.7,,,,,,,,5.682660850599782,0.9519498607242339,,,,,,
1968-12-01,,38.0233,87.1537,,,4143.746,23.574,19.098,,,199500.0,1075750.0,3.11,,1389.0,1390.0,96.2065,566.8,6.02,35.6,34.6,,,5.96,6.06,6.19,,6.12,6.03,,,,,,,,,,,,,,,,,,1.2435082883,,,,,,36.4,3.07,54.9,,103.3265,,,,,,,,,5.3922305764411025,1.0007199424046076,,,,,,
1969-01-01,,38.2533,87.3262,,,4147.516,23.765,19.17,,,191500.0,1091500.0,3.12,,1459.0,1257.0,97.1481,569.3,6.3,35.7,34.8,,,6.14,6.28,6.34,,6.25,6.04,,,,,,,,,,,,,,,,,,1.2443833525,,,,,,37.0,3.07,57.3,,105.6577,,,,,,,,,5.699738903394256,0.8615490061686086,,,,,,
1969-02-01,,38.4981,87.6949,,,4166.874,23.916,19.236,,,196000.0,1098500.0,3.14,,1495.0,1414.0,98.2963,571.9,6.61,35.8,35.0,,,6.12,6.3,6.41,,6.34,6.19,,,,,,,,,,,,,,,,,,1.2439470599,,,,,,36.7,3.07,57.6,,103.2547,98.2,,,,,,,,5.604591836734694,0.945819397993311,,,,,,
1969-03-01,,38.8,88.0269,,,4185.653,23.811,19.326,,,189000.0,1077800.0,3.16,,1438.0,1558.0,99.2383,574.4,6.79,36.1,35.2,,,6.02,6.16,6.34,,6.41,6.3,,,,,,,,,,,,,,,,,,1.2467606514,,,,,,36.6,3.25,58.6,,100.8518,,,,,,,,,5.7026455026455025,1.0834492350486786,,,,,,
1969-04-01,,38.6573,87.3257,,,4195.731,23.908,19.4,,,184000.0,1035750.0,3.18,,1441.0,1318.0,100.7715,575.7,7.41,36.3,35.3,,,6.11,6.13,6.26,,6.3,6.17,,,,,,,,,,,,,,,,,,1.2463218798,,,,,,36.2,3.35,60.2,,98.44884,,,,,,,,,5.6290760869565215,0.9146426092990978,,,,,,
1969-05-01,,38.5111,86.6446,,,4212.218,24.069,19.478,,,181200.0,1004400.0,3.19,,1328.0,1430.0,101.9454,576.5,8.67,36.4,35.5,,,6.04,6.15,6.42,,6.54,6.32,,,,,,,,,,,,,,,,,,1.24413298,,,,,,36.5,3.35,61.4,,96.61974,91.5,,,,,,,,5.543046357615894,1.0768072289156627,,,,,,
1969-06-01,,38.8874,86.842,,,4226.625,23.976,19.545,,,192000.0,1008750.0,3.21,,1349.0,1455.0,102.5404,578.5,8.9,36.6,35.7,,,6.44,6.75,7.04,,6.75,6.57,,,,,,,,,,,,,,,,,,1.2477026468,,,,,,35.9,3.35,62.2,,94.79064,,,,,,,,,5.25390625,1.0785767234988881,,,,,,
1969-07-01,,39.0927,87.144,,,4249.802,23.945,19.636,,,208750.0,1086500.0,3.22,,1278.0,1432.0,103.0557,579.5,8.61,36.8,35.8,,,7.0,7.24,7.6,,7.01,6.72,,,,,,,,,,,,,,,,,,1.2463838532,,,,,,34.5,3.35,62.4,,92.96153,,,,,,,,,5.204790419161677,1.1205007824726134,,,,,,
1969-08-01,,39.1825,86.9376,,,4276.349,24.165,19.691,,,198400.0,1084000.0,3.24,,1317.0,1393.0,103.3067,580.1,9.19,36.9,35.7,,,6.98,7.19,7.54,,7.03,6.69,,,,,,,,,,,,,,,,,,1.2466367046,,,,,,34.1,3.35,64.7,,90.55859,86.4,,,,,,,,5.463709677419355,1.0577069096431284,,,,,,
1969-09-01,,39.1737,86.4951,,,4287.411,24.195,19.77,,,194750.0,1090500.0,3.26,,1263.0,1367.0,103.8176,582.1,9.15,37.1,35.8,,,7.09,7.32,7.82,,7.57,7.16,,,,,,,,,,,,,,,,,,1.2459475606,,,,,,35.8,3.35,67.3,,88.15565,,,,,,,,,5.599486521181001,1.082343626286619,,,,,,
1969-10-01,,39.1852,86.2607,,,4295.402,24.32,19.855,,,199250.0,1114250.0,3.28,,1216.0,1406.0,104.3372,583.4,9.0,37.3,35.9,,,7.0,7.29,7.64,,7.51,7.1,,,,,,,,,,,,,,,,,,1.238044715,,,,,,37.0,3.35,68.0,,85.75272,,,,,,,,,5.592220828105395,1.15625,,,,,,
1969-11-01,,38.8158,85.0462,,,4299.542,24.292,19.931,,,205000.0,1167800.0,3.3,,1191.0,1404.0,105.1854,585.4,8.85,37.5,36.1,,,7.24,7.62,7.89,,7.53,7.14,,,,,,,,,,,,,,,,,,1.2320134656,,,,,,37.9,3.35,68.6,,85.17888,79.7,,,,,,,,5.696585365853658,1.1788413098236776,,,,,,
1969-12-01,,38.7116,84.2786,,,4308.572,24.27,20.005,,,219750.0,1253750.0,3.31,,1155.0,1402.0,106.5979,587.9,8.97,37.7,36.3,,,7.82,7.9,8.17,,7.96,7.65,,,,,,,,,,,,,,,,,,1.231768051,,,,,,38.6,3.35,69.4,,84.60504,,,,,,,,,5.705346985210467,1.213852813852814,,,,,,
1970-01-01,,37.9948,82.1557,,,4316.303,24.415,20.071,,,247000.0,1365800.0,3.31,,1062.0,1434.0,106.2979,589.6,8.98,37.9,36.5,,,7.87,7.78,8.1,,8.17,7.79,,,,,,,,,,,,,,,,,,1.2318300244,,,,,,38.8,3.35,72.5,,84.0312,,,,,,,,,5.529554655870445,1.3502824858757063,,,,,,
1970-02-01,,37.9698,81.9609,,,4326.879,24.522,20.148,,,258500.0,1421000.0,3.33,,1118.0,1430.0,105.6953,586.3,8.98,38.1,36.7,,,7.13,7.22,7.59,,7.82,7.24,,,,,,,,,,,,,,,,,,1.2314011686,,,,,,39.0,3.35,72.7,,83.06285,78.1,,,,,,,,5.497098646034816,1.2790697674418605,,,,,,
1970-03-01,,37.9205,81.47,,,4343.672,24.397,20.223,,,268250.0,1483500.0,3.36,,1132.0,1317.0,105.4128,587.3,7.76,38.3,36.7,,,6.63,6.58,6.97,,7.21,7.07,,,,,,,,,,,,,,,,,,1.2312797007,,,,,,38.5,3.35,72.5,,82.09451,,,,,,,,,5.530288909599254,1.1634275618374559,,,,,,
1970-04-01,,37.823,80.9255,,,4386.888,24.416,20.303,,,325250.0,1640000.0,3.36,,1224.0,1354.0,105.6766,588.4,8.1,38.5,36.8,,,6.51,6.6,7.06,,7.5,7.39,,,,,,,,,,,,,,,,,,1.2316465832,,,,,,39.1,3.35,75.1,,81.12615,,,,,,,,,5.0422751729438895,1.1062091503267975,,,,,,
1970-05-01,,37.7789,80.4844,,,4361.776,24.584,20.375,,,310400.0,1826400.0,3.37,,1328.0,1334.0,106.0118,591.5,7.95,38.6,36.8,,,6.84,7.02,7.75,,7.97,7.91,,,,,,,,,,,,,,,,,,1.2308508449,,,,,,38.5,3.35,75.2,,81.91518,75.4,,,,,,,,5.884020618556701,1.0045180722891567,,,,,,
1970-06-01,,37.6567,79.992,,,4375.408,24.667,20.448,,,296500.0,1849750.0,3.4,,1322.0,1431.0,106.8358,595.2,7.61,38.8,36.9,,,6.68,6.86,7.55,,7.85,7.84,,,,,,,,,,,,,,,,,,1.2307293771,,,,,,37.5,3.35,73.5,,82.70421,,,,,,,,,6.238617200674536,1.0824508320726172,,,,,,
1970-07-01,,37.7491,79.9912,,,4399.934,24.661,20.526,,,286500.0,1879000.0,3.41,,1324.0,1384.0,107.677,599.1,7.21,38.9,37.1,,,6.45,6.51,7.1,,7.59,7.46,,,,,,,,,,,,,,,,,,1.2304839625,,,,,,37.2,3.31,71.8,,83.49323,,,,,,,,,6.558464223385689,1.0453172205438066,,,,,,
1970-08-01,,37.6818,79.2016,,,4411.13,24.765,20.597,,,285400.0,1939600.0,3.44,,1394.0,1609.0,108.5407,604.9,6.62,39.0,36.9,,,6.41,6.55,6.98,,7.57,7.53,,,,,,,,,,,,,,,,,,1.2305459359,,,,,,38.0,3.31,70.6,,81.62826,77.6,,,,,,,,6.796075683251576,1.154232424677188,,,,,,
1970-09-01,,37.4221,78.2926,,,4408.024,24.887,20.683,,,318500.0,2056250.0,3.45,,1426.0,1383.0,109.5289,611.2,6.29,39.2,37.1,,,6.12,6.46,6.73,,7.29,7.39,,,,,,,,,,,,,,,,,,1.2305459359,,,,,,42.3,3.31,68.6,,79.76329,,,,,,,,,6.456043956043956,0.9698457223001402,,,,,,
1970-10-01,,36.6735,76.3074,,,4392.764,24.736,20.785,,,333600.0,2214200.0,3.45,,1564.0,1437.0,109.774,616.4,6.2,39.4,37.1,,,5.91,6.21,6.43,,7.12,7.33,,,,,,,,,,,,,,,,,,1.2304839625,,,,,,42.1,3.31,68.2,,77.89832,,,,,,,,,6.637290167865707,0.9187979539641944,,,,,,
1970-11-01,,36.4514,75.6084,,,4388.306,24.573,20.892,,,325250.0,2299750.0,3.47,,1502.0,1457.0,110.1744,621.1,5.6,39.6,37.1,,,5.28,5.42,5.51,,6.47,6.84,,,,,,,,,,,,,,,,,,1.2304244681,,,,,,43.2,3.31,65.5,,79.94262,72.4,,,,,,,,7.070714834742506,0.9700399467376831,,,,,,
1970-12-01,,37.2885,77.363,,,4403.338,24.802,20.997,,,306000.0,2210000.0,3.5,,1767.0,1437.0,111.3578,626.5,4.9,39.8,37.1,,,4.87,4.89,5.0,,5.95,6.39,,,,,,,,,,,,,,,,,,1.2310342862,,,,,,42.1,3.56,63.2,,81.98691,,,,,,,,,7.222222222222222,0.8132427843803056,,,,,,
1971-01-01,,37.5753,77.7996,,,4441.241,25.142,21.08,,,298800.0,2100600.0,3.53,,1643.0,1471.0,111.5479,632.9,4.14,39.9,37.3,,,4.44,4.47,4.57,,5.89,6.24,,,,,,,4.3053,358.02,2.4058,,49.64,3.637,7.4846,5.5192,2.4058,623.26,3.5946,1.2305459359,,,,1.0118,63.4,42.6,3.56,62.5,,84.0312,,,,0.6487499999999999,,,,,7.030120481927711,0.8953134510042605,0.2322718509743804,0.002793140048042009,0.9883376161296699,,,
1971-02-01,,37.5037,77.6389,,,4450.084,25.189,21.16,,,284000.0,2100000.0,3.55,,1588.0,1448.0,111.8951,641.0,3.72,39.9,37.7,,,3.7,3.78,3.89,,5.56,6.11,,,,,,,4.2981,357.545,2.4178,,49.63,3.6313,7.4854,5.5183,2.4178,623.6,3.5953,1.2303624947,,,,1.0075,63.6,42.6,3.56,61.3,,84.78436,78.1,,,0.81275,,,,,7.394366197183099,0.9118387909319899,0.23266094320746378,0.0027968507460599365,0.9925558312655086,,,
1971-03-01,,37.4631,77.2808,,,4464.048,25.202,21.228,,,293750.0,2138750.0,3.56,,1759.0,1489.0,111.9877,649.9,3.71,40.0,37.8,,,3.38,3.5,3.69,,5.0,5.7,,,,,,,4.3003,357.5187,2.4187,,49.64,3.6313,7.4808,5.516,2.4187,622.56,3.5951,1.2305459359,,,,1.0064,62.0,41.4,3.56,61.0,,85.53752,,,,0.9937499999999999,,,,,7.280851063829787,0.8465036952814099,0.2325419156803014,0.00279705648963257,0.9936406995230525,,,
1971-04-01,,37.6735,77.49,,,4475.918,25.353,21.307,,,287500.0,2145250.0,3.58,7.31,1745.0,1709.0,112.1496,658.4,4.16,40.1,37.9,,,3.86,4.03,4.3,,5.65,5.83,,,,,,,4.2987,357.5032,2.4179,,49.64,3.6343,7.4887,5.517,2.4179,622.28,3.6003,1.2306079093,,,,1.0077,60.8,41.7,3.56,64.4,,86.29069,,,,1.2836,,,,,7.461739130434783,0.9793696275071633,0.232628469072045,0.0027971777595277468,0.992358836955443,,,
1971-05-01,,37.8646,77.8149,,,4493.209,25.335,21.4,,,292200.0,2170600.0,3.61,7.425,1972.0,1637.0,113.0615,666.7,4.63,40.3,38.1,,,4.14,4.36,5.04,,6.28,6.39,,,,,,,4.1242,357.413,2.4187,,49.59,3.5535,7.4998,5.5268,2.4187,622.72,3.5543,1.2293857942,,,,1.0087,60.2,41.8,3.56,64.4,,86.97211,80.2,,,1.44075,,,,,7.4284736481861735,0.8301217038539553,0.24247126715484216,0.002797883680783855,0.991375037176564,,,
1971-06-01,,38.0234,77.8141,,,4577.424,25.539,21.485,,,296500.0,2186750.0,3.62,7.529999999999999,1903.0,1637.0,114.1265,673.0,4.91,40.5,38.2,,,4.75,4.97,5.64,,6.53,6.52,,,,,,,4.0938,357.4118,2.4188,,49.73,3.5121,7.4949,5.5274,2.4185,624.65,3.5632,1.2327497093,,,,1.0213,63.0,41.7,3.56,63.5,,87.65355,,,,1.16775,,,,,7.375210792580101,0.86022070415134,0.2442718256876252,0.002797893074599104,0.9791442279447762,,,
1971-07-01,,37.9131,77.7503,,,4520.323,25.43,21.567,,,293200.0,2122400.0,3.63,7.604000000000001,2069.0,1699.0,114.3772,679.6,5.31,40.6,38.3,,,5.4,5.63,6.04,,6.85,6.73,,,,,,,4.0946,357.4043,2.4185,,49.67,3.481,7.4993,5.514,2.4185,623.16,3.5591,1.2312797007,,,,1.0213,59.6,38.8,3.56,63.8,,88.33498,,,,1.0554000000000001,,,,,7.2387448840382,0.8211696471725471,0.2442241000341914,0.002797951787373571,0.9791442279447762,,,
1971-08-01,,37.693,76.6371,,,4535.789,25.575,21.597,,,325250.0,2187500.0,3.66,7.6975,2004.0,1896.0,115.6802,685.5,5.57,40.7,38.5,,,4.94,5.22,5.8,,6.55,6.58,,,,,,,4.0306,355.78,2.4346,,49.15,3.4159,7.444,5.5157,2.4346,618.95,3.4929,1.2180892863,,,,1.013,51.3,37.7,3.56,63.5,,88.29911,82.1,,,1.7429999999999999,,,,,6.725595695618755,0.9461077844311377,0.24810201955043915,0.002810725729383327,0.987166831194472,,,
1971-09-01,,38.3056,77.9928,,,4562.531,25.83,21.633,,,320250.0,2239250.0,3.67,7.6875,1996.0,1804.0,116.6745,692.5,5.55,40.8,38.3,,,4.69,4.97,5.41,,6.14,6.14,,,,,,,3.9812,338.021,2.4694,,47.8,3.3567,7.3141,5.5213,2.4694,613.81,3.4124,1.18525331,,,,1.013,46.5,37.8,3.56,63.1,,88.26324,,,,2.201,,,,,6.992193598750976,0.9038076152304609,0.2511805485783181,0.0029583960759834447,0.987166831194472,,,
1971-10-01,,38.5924,78.9544,,,4575.168,25.893,21.667,,,297600.0,2204600.0,3.68,7.628,2026.0,1815.0,117.268,698.4,5.2,40.9,38.3,,,4.46,4.6,4.91,,5.93,5.93,,,,,,,3.975,331.1105,2.4896,,46.86,3.3262,7.2634,5.5332,2.4906,612.31,3.3589,1.1605631149,,,,1.0047,44.4,38.8,3.56,62.9,,88.22739,,,,1.8326,,,,,7.407930107526882,0.8958538993089832,0.25157232704402516,0.003020139802271447,0.9953219866626855,,,
1971-11-01,,38.7561,79.0489,,,4598.431,26.024,21.716,,,287000.0,2145750.0,3.7,7.55,2079.0,1844.0,117.8104,704.6,4.91,41.0,38.3,,,4.22,4.38,4.67,,5.78,5.81,,,,,,,3.9834,328.752,2.4933,,46.36,3.3329,7.2594,5.5262,2.4933,612.59,3.3327,1.1482675961,,,,1.0039,43.2,39.3,3.56,62.5,,92.10078,82.0,,,1.40525,,,,,7.4764808362369335,0.886964886964887,0.2510418235678064,0.003041806589769796,0.9961151509114453,,,
1971-12-01,,39.2035,79.5848,,,4622.5,26.192,21.784,,,273000.0,2087000.0,3.73,7.4799999999999995,2133.0,1895.0,117.7961,710.3,4.14,41.1,38.6,,,4.01,4.23,4.6,,5.69,5.93,,,,,,,3.9041,320.0727,2.5266,,45.49,3.2688,7.1465,5.3947,2.5266,600.57,3.2784,1.1275684868,,,,0.9993,50.2,40.7,3.56,61.5,,95.97417,,,,1.3434000000000001,,,,,7.644688644688645,0.8884200656352556,0.25614097999538943,0.0031242902003201147,1.0007004903432404,,,
1972-01-01,,40.1408,81.3995,,,4644.778,26.196,21.877,,,271200.0,1923200.0,3.8,7.4375,2238.0,1942.0,118.1645,717.7,3.51,41.2,38.8,,,3.38,3.66,4.28,,5.59,5.95,,,,,,,3.8922,312.72,2.5705,,44.42,3.2306,7.0331,5.1738,2.5705,590.94,3.2185,1.101143037,,,,1.0059,48.9,40.0,3.56,62.0,,99.84757,,,,1.1225,,,,,7.091445427728614,0.8677390527256479,0.2569241046194954,0.0031977487848554613,0.9941346058256287,,,
1972-02-01,,40.5459,81.8563,,,4682.524,26.259,21.936,,,263500.0,1926500.0,3.82,7.324999999999999,2169.0,2061.0,118.8982,725.7,3.3,41.4,39.2,,,3.2,3.63,4.27,,5.69,6.08,,,,,,,3.8611,305.187,2.6037,,43.84,3.1858,6.99,5.089,2.5987,586.99,3.1778,1.0865421084,,,,1.0047,48.0,39.7,3.56,62.7,,98.34126,92.8,,,0.7384999999999999,,,,,7.311195445920304,0.950207468879668,0.2589935510605786,0.0032766795440172746,0.9953219866626855,,,
1972-03-01,,40.8263,82.2062,,,4712.202,26.686,21.979,,,262750.0,1898750.0,3.84,7.298,2105.0,1981.0,119.691,733.5,3.83,41.4,39.2,,,3.73,4.12,4.67,,5.87,6.07,,,,,,,3.8567,302.5365,2.6181,,43.94,3.1746,6.9635,5.0416,2.6181,582.73,3.1864,1.0887483608,,,,0.9985,48.9,40.0,3.56,64.8,,96.83493,,,,0.4272,,,,,7.2264509990485255,0.9410926365795724,0.25928902948116267,0.0033053862922325077,1.0015022533800702,,,
1972-04-01,,41.2348,82.8926,,,4718.611,26.764,22.03,,,263000.0,1887800.0,3.86,7.29,2139.0,1970.0,121.2319,738.4,4.17,41.5,39.3,,,3.71,4.23,4.96,,6.17,6.19,,,,,,,3.8509,303.5605,2.6102,,44.11,3.1778,6.9924,5.0406,2.6102,583.5,3.2111,1.0932104442,,,,0.9957,49.9,41.5,3.56,64.7,,95.32861,,,,0.2185,,,,,7.177946768060837,0.9209911173445535,0.2596795554286011,0.003294236239563448,1.0043185698503565,,,
1972-05-01,,41.2405,82.8225,,,4738.426,26.898,22.081,,,267750.0,1875250.0,3.88,7.3725000000000005,2067.0,1896.0,122.692,743.3,4.27,41.6,39.5,,,3.69,4.12,4.64,,5.85,6.13,,,,,,,3.8605,304.3795,2.6124,,43.98,3.1793,6.9775,5.014,2.6124,582.24,3.2129,1.0899134604,,,,0.9889,51.1,41.5,3.56,64.4,,97.69569,88.6,,,0.05875,,,,,7.003734827264239,0.9172714078374455,0.25903380391141045,0.0032853723723181094,1.0112245929821013,,,
1972-06-01,,41.3497,82.893,,,4751.74,26.985,22.126,,,273250.0,1863250.0,3.88,7.372,2183.0,1936.0,123.7672,749.7,4.46,41.7,39.7,,,3.91,4.35,4.93,,5.91,6.11,,,,,,,3.7998,302.4145,2.5691,,43.94,3.1686,6.9767,5.0158,2.5691,583.44,3.1954,1.0892193585,,,,0.9795,50.7,38.5,3.56,64.1,,100.0628,,,,0.11339999999999999,,,,,6.818847209515096,0.8868529546495648,0.26317174588136216,0.003306719750541062,1.0209290454313424,,,
1972-07-01,,41.3035,82.6441,,,4780.516,27.184,22.189,,,297600.0,1949800.0,3.9,7.3950000000000005,2195.0,1930.0,124.6817,759.5,4.55,41.8,40.0,,,3.98,4.5,4.96,,5.97,6.11,,,,,,,3.765,301.0305,2.4447,,43.83,3.1612,6.9597,5.0025,2.4447,581.11,3.1824,1.0862446362,,,,0.984,51.7,40.0,3.56,63.0,,102.4298,,,,0.306,,,,,6.551747311827957,0.8792710706150342,0.2656042496679947,0.0033219225294446905,1.016260162601626,,,
1972-08-01,,41.879,83.5285,,,4824.896,27.33,22.236,,,253500.0,1813250.0,3.92,7.4,2263.0,2102.0,126.0083,768.7,4.81,41.9,40.1,,,4.02,4.55,4.98,,6.02,6.21,,,,,,,3.7808,301.1609,2.4502,,43.87,3.1865,6.9261,5.0036,2.4502,581.31,3.2095,1.0874345251,,,,0.9824,51.4,44.3,3.56,63.0,,100.8159,95.2,,,0.24,,,,,7.152859960552268,0.9288555015466196,0.26449428692340243,0.003320484166437276,1.017915309446254,,,
1972-09-01,,42.2132,83.9714,,,4843.175,27.377,22.31,,,256200.0,1798600.0,3.94,7.42,2393.0,2053.0,126.9574,778.3,4.87,42.1,40.2,,,4.66,5.13,5.52,,6.25,6.55,,,,,,,3.7874,301.119,2.441,,43.97,3.1931,6.9521,5.0058,2.441,581.44,3.229,1.0896159881,,,,0.983,55.4,50.5,3.56,63.3,,99.20201,,,,-0.024200000000000003,,,,,7.0202966432474625,0.8579189302131216,0.26403337381845066,0.0033209462039924414,1.017293997965412,,,
1972-10-01,,42.7494,84.9134,,,4954.863,27.829,22.323,,,251000.0,1753500.0,3.97,7.42,2354.0,1995.0,129.0908,786.9,5.05,42.2,40.1,,,4.74,5.13,5.52,,6.18,6.48,,,,,,,3.7977,301.011,2.3948,,44.17,3.2068,6.9189,5.0236,2.3948,583.28,3.2395,1.0949456989,,,,0.9827,50.7,54.1,3.56,63.2,,97.5881,,,,-0.15975,,,,,6.98605577689243,0.8474936278674596,0.26331727097980356,0.0033221377291859765,1.0176045588684237,,,
1972-11-01,,43.2548,85.7175,,,5005.278,27.938,22.382,,,250750.0,1732000.0,3.99,7.4275,2234.0,1985.0,131.5901,793.9,5.06,42.4,40.3,,,4.78,5.09,5.27,,6.12,6.28,,,,,,,3.7956,300.9885,2.3515,,44.08,3.2036,6.8921,5.0405,2.351,584.5,3.2295,1.092838604,,,,0.9874,52.2,57.2,3.56,63.2,,94.43199,90.7,,,-0.22475,,,,,6.90727816550349,0.8885407341092211,0.2634629571082306,0.003322386071228635,1.0127607859023697,,,
1972-12-01,,43.7367,86.5759,,,5023.731,28.045,22.449,,,242400.0,1694600.0,4.0,7.442,2419.0,2121.0,133.1093,802.3,5.33,42.5,41.1,,,5.07,5.3,5.52,,6.16,6.36,,,,,,,3.77,301.2405,2.3449,,44.11,3.1988,6.849,5.0873,2.3449,583.23,3.2298,1.0933839697,,,,0.9968,66.0,67.4,3.56,63.2,,91.27589,,,,-0.2602,,,,,6.990924092409241,0.8768085985944605,0.26525198938992045,0.0033196067593832834,1.0032102728731942,,,
1973-01-01,,44.0529,86.9787,,,5003.812,28.319,22.463,,,228500.0,1621250.0,4.03,7.4375,2271.0,2162.0,135.4135,810.3,5.94,42.7,41.6,,,5.41,5.62,5.89,,6.34,6.46,,,,,33.9689,,3.7293,301.7882,2.3563,,44.12,3.1962,6.8797,5.0837,2.3563,585.43,3.2171,1.0937533311,63.47,,26.82,0.9993,63.2,68.2,3.56,63.8,,88.11979,,,,0.040999999999999995,,,,,7.095185995623632,0.9520035226772346,0.26814683720805516,0.0033135821745184204,1.0007004903432404,31.20349377799624,0.03204769334853041,
1973-02-01,,44.6827,88.0795,,,5022.151,28.493,22.534,,,222000.0,1588500.0,4.05,7.4399999999999995,2226.0,2124.0,140.7983,814.1,6.58,43.0,42.4,,,5.6,5.83,6.19,,6.6,6.64,,,,,32.5799,,3.417,278.4206,2.4272,,41.77,3.0055,6.5097,4.7731,2.4275,574.07,3.0246,1.039851363,61.22,,25.95,0.9956,64.7,59.5,3.56,65.6,,86.36241,81.9,,,0.66675,,,,,7.155405405405405,0.954177897574124,0.292654375182909,0.0035916882586992487,1.004419445560466,29.927572189200703,0.03341400343730013,
1973-03-01,,44.7045,87.9606,,,5028.119,28.53,22.625,,,227200.0,1570000.0,4.06,7.458,2062.0,2196.0,144.9576,815.3,7.09,43.4,43.4,,,6.09,6.51,6.85,,6.8,6.71,,,,,31.5849,,3.2171,261.9014,2.4724,,39.41,2.8132,6.1449,4.5156,2.4724,568.17,2.8714,0.9754337517,58.2,,24.41,0.9967,62.6,59.3,3.56,72.0,,84.60504,,,,1.1874,,,,,6.910211267605634,1.0649854510184287,0.3108389543377576,0.003818230830381204,1.0033109260559847,29.013575082756095,0.03446662457651898,
1973-04-01,,44.6387,87.5274,,,5037.899,28.418,22.756,,,239000.0,1553750.0,4.09,7.5424999999999995,1908.0,2195.0,147.5343,819.7,7.12,43.7,43.6,,,6.26,6.52,6.85,,6.67,6.67,,,,,31.7681,,3.2406,265.4914,2.4837,,40.17,2.8368,6.2121,4.5539,2.4837,589.24,2.9507,0.9955726216,58.08,,25.27,1.0007,66.0,61.2,3.56,74.1,,82.84766,,,,1.24075,,,,,6.5010460251046025,1.15041928721174,0.30858482996975867,0.0037666003493898484,0.99930048965724,29.18186078114871,0.03426786274869742,
1973-05-01,,44.9429,87.814,,,5059.894,28.478,22.844,,,240250.0,1559250.0,4.1,7.6525,1931.0,2299.0,149.9659,826.8,7.84,43.9,44.5,,,6.36,6.62,6.89,,6.8,6.85,,,,,31.5727,,3.1728,264.6505,2.5306,,39.45,2.7909,6.1551,4.4772,2.5306,589.62,2.8962,0.9776722302,58.06,,24.97,1.0008,81.9,64.1,3.56,74.7,,81.05443,77.0,,,1.14475,,,,,6.490114464099896,1.190574831693423,0.31517902168431666,0.003778568338242323,0.9992006394884093,29.00236828406401,0.03447994281727234,
1973-06-01,,45.0035,87.5399,,,5074.122,28.407,22.943,,,238800.0,1567200.0,4.12,7.734,2051.0,2258.0,152.8292,833.3,8.49,44.2,45.5,,,7.19,7.23,7.31,,6.69,6.9,,,,,31.0864,,3.0532,264.4981,2.5762,,37.54,2.5796,5.8387,4.261,2.5762,595.7,2.7345,0.9293082035,58.04,,23.71,0.9984,100.6,73.7,3.56,75.9,,79.26118,,,,1.1846,,,,,6.562814070351759,1.1009263773768894,0.32752521944189705,0.0037807454949581867,1.001602564102564,28.55565793947706,0.03501932969359252,
1973-07-01,,45.1636,87.5919,,,5089.133,28.633,23.041,,,242750.0,1601750.0,4.15,8.05,1819.0,2066.0,155.3291,836.5,10.4,44.2,44.9,,,8.01,8.12,8.39,,7.33,7.13,,,,,30.638,,2.8233,264.5538,2.5375,,35.53,2.336,5.5435,4.057,2.5375,581.43,2.5845,0.878834603,57.53,,22.41,0.9995,86.7,66.8,3.56,76.4,,77.46795,,,,1.54475,,,,,6.598352214212152,1.1357888949972512,0.3541954450465767,0.0037799494847550854,1.0005002501250624,28.143762158040115,0.03553185229410844,
1973-08-01,,45.1019,87.078,,,5074.021,28.278,23.148,,,258250.0,1664750.0,4.16,8.496,1809.0,2056.0,158.0681,838.8,10.5,45.0,47.5,,,8.67,8.65,8.82,,7.63,7.4,,,,,30.9817,,2.9733,265.22,2.4757,,37.01,2.427,5.7101,4.2522,2.4757,574.01,2.6608,0.9172382678,56.97,,23.13,1.0039,135.2,126.5,4.31,78.3,,79.08186,72.0,,,2.0968,,,,,6.446272991287512,1.136539524599226,0.3363266404331887,0.0037704547168388503,0.9961151509114453,28.45948156053761,0.03513767451711477,
1973-09-01,,45.4624,87.4473,,,5104.199,28.693,23.265,,,246800.0,1670200.0,4.2,8.815,1704.0,2061.0,158.5066,839.3,10.78,45.2,46.7,,,8.29,8.45,8.31,,7.05,7.09,,,,,31.0687,,3.017,265.4747,2.4183,,36.92,2.4246,5.7211,4.2617,2.4183,565.26,2.5961,0.9157633013,56.79,,23.37,1.0083,99.0,129.3,4.31,78.3,,80.69578,,,,2.402,,,,,6.76742301458671,1.2095070422535212,0.3314550878355983,0.003766837291839863,0.991768322919766,28.53939889547297,0.03503928038787894,
1973-10-01,,45.847,88.0325,,,5148.7,28.496,23.355,,,241500.0,1664250.0,4.21,8.77,1411.0,2052.0,159.1694,842.6,10.01,45.6,46.3,,,7.22,7.32,7.4,,6.77,6.79,,,,,30.9637,,3.0288,266.3348,2.4292,,36.59,2.4139,5.6527,4.2164,2.4292,566.4,2.4996,0.9077191565,56.9,,23.25,1.0011,99.7,125.6,4.31,79.6,,82.30969,,,,2.305,,,,,6.891304347826087,1.4542877391920623,0.3301637612255679,0.0037546726901629083,0.9989012086704624,28.442946939516503,0.03515810095650373,
1973-11-01,,46.0553,88.3454,,,5160.48,28.547,23.468,,,253750.0,1706000.0,4.24,8.581999999999999,1402.0,1925.0,159.9353,848.9,10.03,45.9,46.5,,,7.83,7.96,7.57,,6.92,6.73,,,,,31.9322,,3.1647,278.2625,2.387,,38.66,2.5811,5.9752,4.4099,2.387,591.8,2.685,0.9567177906,57.21,,24.31,0.9991,99.3,119.6,4.31,82.8,,77.03757,76.5,,,2.133,,,,,6.7231527093596055,1.3730385164051355,0.31598571744557147,0.0035937289429944746,1.0009008107296566,29.332601409457816,0.03409175974680399,
1973-12-01,,45.923,88.0841,,,5146.807,28.305,23.598,,,284000.0,1765800.0,4.25,8.5375,1288.0,1869.0,161.2113,855.5,9.95,46.3,47.4,,,7.45,7.56,7.27,,6.8,6.74,,,,,32.3099,,3.2,280.1775,2.3174,,40.45,2.6577,6.2156,4.5971,2.3174,607.6,2.8079,1.0026276714,56.91,,25.32,0.9994,109.5,136.6,4.31,85.4,,71.76544,,,,1.9224999999999999,,,,,6.217605633802817,1.451086956521739,0.3125,0.003569165975140759,1.0006003602161297,29.679552873884074,0.033693229956975865,
1974-01-01,,45.6204,87.1054,,,5102.933,28.289,23.714,,,305250.0,1957000.0,4.27,8.54,1331.0,1932.0,163.0226,859.7,9.65,46.8,49.0,,,7.77,7.65,7.42,,6.95,6.99,,,,,33.2966,,3.3644,298.1336,2.224,,42.87,2.8151,6.6775,5.0281,2.224,648.57,2.941,1.060411652,58.14,,26.89,0.9915,116.6,150.1,10.11,86.9,,66.49332,,,,1.31925,,,,,6.4111384111384115,1.4515401953418483,0.2972298180953513,0.003354200935419557,1.0085728693898133,30.585925682857837,0.03269477636115683,
1974-02-01,,45.4759,86.4706,,,5072.291,28.126,23.865,,,318500.0,2012250.0,4.29,8.455,1360.0,1938.0,164.772,864.2,8.97,47.3,50.0,,,7.12,6.96,6.88,,6.82,6.96,,,,,32.7832,,3.1763,291.0872,2.2749,,41.06,2.7146,6.425,4.955,2.2749,654.71,2.8294,1.0163758462,59.06,,25.94,0.9766,121.3,149.1,10.11,87.8,,70.18739,61.8,,,0.64375,,,,,6.317896389324961,1.425,0.3148317224443535,0.00343539667838366,1.0239606799098915,30.114321547733557,0.03320679160627683,
1974-03-01,,45.4777,86.1093,,,5039.098,28.17,24.051,,,311600.0,2055600.0,4.32,8.406,1440.0,1806.0,168.8168,870.1,9.35,47.8,50.6,,,7.96,7.83,7.76,,7.31,7.21,,,,,32.2859,,3.0788,282.1648,2.3406,,39.94,2.6182,6.2391,4.8215,2.3406,637.66,2.7514,0.9904932833,59.08,,25.31,0.972,119.9,136.1,10.11,95.1,,73.88147,,,,0.5758,,,,,6.596919127086008,1.2541666666666667,0.3248018708587761,0.0035440281707711237,1.02880658436214,29.657506712522594,0.033718276107740364,
1974-04-01,,45.3451,85.4785,,,5036.13,28.264,24.231,,,293000.0,2066000.0,4.33,8.5825,1254.0,1830.0,174.9909,872.9,10.51,48.1,51.0,,,8.33,8.32,8.62,,7.92,7.51,,,,,31.9676,,3.027,277.7741,2.3886,,38.95,2.5262,6.0632,4.8685,2.3886,636.15,2.6732,0.9652676382,58.55,,24.87,0.9676,105.8,105.8,10.11,99.6,,77.57554,,,,1.44675,,,,,7.051194539249146,1.4593301435406698,0.3303600925008259,0.00360004766463108,1.0334849111202977,29.365119497465994,0.034054007513447816,
1974-05-01,,45.7044,85.8682,,,5040.703,28.346,24.464,,,297500.0,2051750.0,4.4,8.972,1138.0,1715.0,177.6309,874.6,11.31,48.6,51.8,,,8.23,8.4,8.78,,8.18,7.58,,,,,31.7863,,2.9173,278.9664,2.4137,,37.66,2.4616,5.8788,4.8689,2.4137,632.67,2.5974,0.9331133691,57.44,,24.37,0.9623,107.6,94.8,10.11,110.1,,74.81395,72.1,,,2.9636,,,,,6.896638655462185,1.5070298769771528,0.3427827100401056,0.0035846610918017366,1.039176971838304,29.19857912018116,0.0342482418710858,
1974-06-01,,45.6238,85.6518,,,5037.213,28.279,24.715,,,305600.0,2076200.0,4.44,9.085,1086.0,1897.0,180.1082,877.8,11.93,49.0,52.0,,,7.9,8.12,8.67,,8.1,7.54,,,,,32.1004,,2.9899,282.97,2.3902,,37.93,2.5253,5.9693,4.9002,2.3902,650.29,2.6487,0.9407807159,57.31,,24.9,0.9664,115.0,100.4,10.11,109.3,,72.05236,,,,4.4662500000000005,,,,,6.7938481675392675,1.7467771639042358,0.334459346466437,0.003533943527582429,1.0347682119205297,29.487108256999505,0.03391312539989827,
1974-07-01,,45.7221,85.4232,,,5057.141,28.372,24.934,,,309500.0,2122750.0,4.45,9.28,1002.0,1695.0,183.9873,881.4,12.92,49.3,54.0,,,7.55,7.94,8.8,,8.38,7.81,,,,,32.3673,,2.9642,290.98,2.3896,,37.91,2.5528,5.9323,4.7662,2.3896,644.24,2.632,0.9403221128,57.06,,25.07,0.9763,126.9,113.1,10.11,105.0,,69.29077,,,,5.15025,,,,,6.858642972536349,1.6916167664670658,0.33735915255380877,0.003436662313561069,1.0242753252074157,29.732279943140277,0.033633478559746854,
1974-08-01,,45.2366,84.4351,,,5048.655,28.584,25.174,,,341400.0,2173800.0,4.49,9.586,917.0,1634.0,186.3819,884.1,12.01,49.9,55.9,,,8.96,9.11,9.36,,8.63,8.04,,,,,32.817,,2.9846,302.2836,2.3456,,38.74,2.6184,6.0442,4.7825,2.3456,654.95,2.6728,0.9604337145,57.25,,25.47,0.9799,150.0,116.5,10.11,102.7,,67.5334,64.4,,,4.9079999999999995,,,,,6.367311072056239,1.7818974918211559,0.3350532734704818,0.003308151682724435,1.020512297173181,30.14536989165097,0.03317259013885774,
1974-09-01,,45.2365,84.2268,,,5043.366,28.298,25.4,,,360750.0,2279500.0,4.53,9.9575,840.0,1651.0,187.9941,887.9,11.34,50.6,55.9,,,8.06,8.53,8.87,,8.37,8.04,,,,,32.98,,2.9967,299.084,2.3165,,39.43,2.661,6.2074,4.8007,2.3165,662.12,2.7123,0.977069849,57.67,,25.93,0.9864,139.3,111.4,10.11,99.1,,65.77602,,,,4.24175,,,,,6.318780318780319,1.9654761904761904,0.33370040377748855,0.003343542282435704,1.013787510137875,30.29510007089767,0.033008638283410996,
1974-10-01,,45.1133,83.4984,,,5059.64,28.22,25.599,,,396750.0,2448750.0,4.56,9.9775,824.0,1630.0,189.2302,893.3,10.06,51.0,56.9,,,7.46,7.74,8.05,,7.97,7.9,,,,,32.9278,,2.8966,299.3645,2.333,,38.56,2.5928,6.0275,4.7326,2.333,667.04,2.657,0.9556617642,57.34,,25.48,0.983,150.5,128.7,11.16,94.5,,64.01865,,,,3.5535,,,,,6.1720226843100185,1.9781553398058251,0.34523234136573916,0.0033404094339843232,1.017293997965412,30.24714966993646,0.03306096643525819,
1974-11-01,,43.6278,80.8351,,,5029.511,27.921,25.786,,,457600.0,2803600.0,4.57,9.788,783.0,1590.0,190.4047,898.6,9.45,51.5,57.4,,,7.47,7.52,7.66,,7.68,7.68,,,,,32.8329,,2.7503,300.075,2.3252,,37.7,2.511,5.884,4.6765,2.325,666.87,2.6018,0.9351981537,57.07,,25.06,0.9874,142.2,126.9,11.16,90.6,,63.33722,59.5,,,2.9137999999999997,,,,,6.126748251748252,2.0306513409961684,0.36359669854197724,0.0033325002082812633,1.0127607859023697,30.15997547355295,0.03315652563699504,
1974-12-01,,42.0533,77.0007,,,5026.41,27.867,25.968,,,524000.0,3291250.0,4.6,9.615,869.0,1540.0,191.2761,902.1,8.53,51.9,57.3,,,7.15,7.11,7.31,,7.31,7.43,,,,,32.835,,2.6028,300.4114,2.3294,,36.83,2.4503,5.7762,4.524,2.3294,658.87,2.5427,0.9137652795,56.45,,24.75,0.9882,142.8,121.8,11.16,87.4,,62.65579,,,,2.5677499999999998,,,,,6.281011450381679,1.7721518987341771,0.38420162901490706,0.003328768482154805,1.0119409026512851,30.161904512672077,0.03315440507345499,
1975-01-01,,41.4676,75.2764,,,5021.74,28.094,26.119,,,535000.0,3619250.0,4.61,9.431999999999999,726.0,1588.0,191.5869,906.3,7.13,52.3,57.4,,,6.26,6.36,6.83,,7.41,7.5,,,,,32.6697,,2.5278,299.6845,2.3623,,35.48,2.3649,5.6136,4.3687,2.3623,645.02,2.4565,0.880019534,56.18,,24.48,0.9948,132.3,111.4,11.16,84.0,,61.97436,,,,2.0490000000000004,,,,,6.764953271028038,2.18732782369146,0.39560091779412926,0.0033368425794460506,1.0052271813429834,30.0100615762949,0.03332215755231589,
1975-02-01,,40.5165,73.064,,,5019.3,28.339,26.304,,,544500.0,3856500.0,4.64,9.105,729.0,1346.0,190.3805,914.1,6.24,52.6,57.2,,,5.5,5.62,5.98,,7.11,7.39,,,,,32.3875,,2.4731,291.6583,2.3958,,34.78,2.3271,5.537,4.2763,2.3958,637.9,2.4054,0.8627091292,56.23,,24.31,1.0004,123.6,106.0,11.16,82.0,,67.4258,57.6,,,1.34825,,,,,7.082644628099174,1.8463648834019204,0.4043508147668917,0.003428669782413187,0.9996001599360256,29.75083546228619,0.033612501446141085,
1975-03-01,,40.0638,71.9398,,,5022.998,28.279,26.441,,,546600.0,4175200.0,4.67,8.9025,709.0,1293.0,188.1191,925.0,5.54,52.8,56.9,,,5.49,5.62,6.11,,7.3,7.73,,,,,32.2864,,2.4835,287.9486,2.418,,34.38,2.3193,5.4359,4.201,2.418,631.23,2.3741,0.8521463861,55.84,,24.23,1.0005,116.4,98.4,11.16,80.2,,72.87725,,,,0.841,,,,,7.638492499085254,1.8236953455571228,0.40265753976243207,0.003472842028056396,0.9995002498750625,29.65796600755096,0.03371775393313886,
1975-04-01,,40.1573,71.8607,,,5029.124,28.311,26.57,,,525250.0,4473500.0,4.67,8.82,866.0,1278.0,187.4109,935.1,5.49,53.0,57.5,,,5.61,6.0,6.9,,7.99,8.23,,,,,32.7536,,2.5589,292.1968,2.3707,,35.17,2.3758,5.5195,4.201,2.3707,634.25,2.4219,0.8713482185,56.32,,24.63,1.011,113.3,94.7,11.16,79.5,,78.3287,,,,0.43875,,,,,8.516896715849596,1.4757505773672055,0.39079291883231076,0.0034223509634602432,0.9891196834817014,30.087131282054397,0.03323680116344141,
1975-05-01,,40.0253,71.62,,,5059.831,28.877,26.683,,,498800.0,4578200.0,4.69,8.906,914.0,1349.0,186.074,947.9,5.22,53.1,57.9,,,5.23,5.59,6.39,,7.72,8.06,,,,,32.8936,,2.5096,291.4305,2.3205,,34.93,2.3505,5.4651,4.0565,2.3205,627.5,2.405,0.865282264,55.96,,24.43,1.0286,112.8,88.4,11.16,78.3,,79.36878,72.8,,,0.05539999999999999,,,,,9.178428227746592,1.4759299781181618,0.39846987567739883,0.003431349841557421,0.9721952167995334,30.215733889996354,0.0330953404488075,
1975-06-01,,40.2772,72.1061,,,5148.088,28.918,26.813,,,495500.0,4377250.0,4.72,8.8925,946.0,1234.0,184.638,963.0,5.55,53.5,58.0,,,5.34,5.61,6.29,,7.51,7.86,,,,,33.0442,,2.4946,293.4662,2.2803,,34.96,2.3405,5.4373,4.0048,2.2803,625.69,2.4096,0.8661325388,55.8,,24.32,1.0264,113.2,83.9,11.16,77.6,,80.40886,,,,-0.1495,,,,,8.834006054490414,1.3044397463002113,0.40086587027980436,0.0034075474449868502,0.9742790335151987,30.354073552539624,0.03294450737457389,
1975-07-01,,40.6994,73.0185,,,5091.326,29.035,26.978,,,442000.0,4144750.0,4.74,8.89,1020.0,1276.0,183.651,975.1,6.1,54.0,58.7,,,6.13,6.5,7.11,,7.92,8.06,,,,,33.8632,,2.6142,296.3741,2.1845,,36.89,2.4727,5.7248,4.2288,2.1845,650.07,2.5556,0.9123274971,57.33,,25.51,1.0309,116.2,95.1,11.16,76.0,,81.44894,,,,-0.1655,,,,,9.377262443438914,1.2509803921568627,0.3825262030449086,0.003374113999840067,0.9700261907071491,31.106398809000062,0.03214772645783312,
1975-08-01,,41.0998,73.6354,,,5129.306,29.11,27.071,,,452000.0,3954200.0,4.78,8.942,994.0,1290.0,182.9282,983.1,6.14,54.2,59.0,,,6.44,6.94,7.7,,8.33,8.4,,,,,34.4933,,2.6787,297.9762,2.1143,,38.27,2.5736,5.9583,4.3768,2.1143,668.3,2.6395,0.9493280846,58.34,,26.53,1.0354,124.5,101.6,11.16,76.5,,81.41307,75.7,,,-0.11320000000000001,,,,,8.748230088495575,1.2977867203219315,0.37331541419345204,0.0033559727253384664,0.9658103148541626,31.685202403744533,0.03156047379018228,
1975-09-01,,41.6304,74.734,,,5141.395,29.184,27.218,,,445250.0,3895000.0,4.79,9.13,1064.0,1333.0,182.822,991.5,6.24,54.6,59.4,,,6.42,6.92,7.75,,8.37,8.43,,,,,34.802,,2.7099,299.909,2.0834,,39.25,2.6189,6.0824,4.4743,2.0834,678.54,2.6866,0.9720351315,59.13,,27.0,1.0263,114.9,102.7,11.16,76.5,,81.3772,,,,0.009,,,,,8.747894441325098,1.2528195488721805,0.36901730691169415,0.00333434475124121,0.9743739647276625,31.968771154256544,0.03128052671073198,
1975-10-01,,41.8135,74.9983,,,5165.514,29.182,27.354,,,421250.0,3731250.0,4.82,9.224,1096.0,1134.0,182.7142,997.8,5.82,54.9,59.8,,,5.96,6.25,6.95,,7.97,8.14,,,,,34.8849,,2.6631,302.3364,2.0568,,38.97,2.5817,6.0243,4.4068,2.0568,678.2,2.6557,0.9653990218,59.23,,26.77,1.0251,111.1,102.1,11.16,77.0,,81.34135,,,,0.1302,,,,,8.857566765578635,1.0346715328467153,0.3755022342382937,0.003307573947430742,0.97551458394303,32.04492226995932,0.031206192094198188,
1975-11-01,,41.8697,74.9692,,,5165.194,29.403,27.535,,,400600.0,3494400.0,4.86,9.145,1110.0,1383.0,182.6189,1006.9,5.22,55.3,59.5,,,5.48,5.8,6.49,,7.8,8.05,,,,,34.898,,2.6538,302.5453,2.0484,,39.04,2.5896,6.0377,4.4087,2.0484,679.34,2.6571,0.9669359617,59.28,,26.8,1.0139,101.1,93.4,11.16,77.1,,84.56918,75.6,,,0.11,,,,,8.72291562656016,1.2459459459459459,0.3768181475619866,0.003305290149937877,0.9862905611993293,32.05695579970246,0.03119447792386081,
1975-12-01,,42.4414,75.91,,,5172.774,29.684,27.702,,,374250.0,3198250.0,4.87,9.0975,1091.0,1306.0,183.3586,1016.2,5.2,55.6,59.7,,,5.44,5.85,6.6,,7.76,8.0,,,,,35.1408,,2.6337,305.67,2.0221,,39.51,2.6217,6.1529,4.4587,2.0221,682.85,2.6857,0.9796578574,59.65,,27.15,1.0139,102.7,90.1,11.16,76.7,,87.797,,,,-0.08375,,,,,8.545758183032731,1.1970669110907424,0.3796939666628697,0.003271501946543658,0.9862905611993293,32.27998946547608,0.03097894443458585,
1976-01-01,,43.0012,76.6358,,,5206.807,29.978,27.844,,,371200.0,3035200.0,4.9,9.016,1195.0,1258.0,182.6481,1026.6,4.87,55.8,59.9,,,4.87,5.14,5.81,,7.46,7.74,,,,,35.0989,,2.603,304.6357,2.0286,,39.3,2.6025,6.1611,4.4764,2.0286,702.95,2.6717,0.9740629005,59.7,,27.35,1.0065,106.2,93.0,11.16,76.5,,91.02483,,,,-0.403,,,,,8.176724137931034,1.0527196652719666,0.384172109104879,0.0032826093593101534,0.9935419771485345,32.24150054209916,0.031015926156856614,
1976-02-01,,43.4229,77.5836,,,5237.103,29.953,27.955,,,348250.0,2865750.0,4.93,8.8125,1190.0,1311.0,182.0444,1040.3,4.77,55.9,59.9,,,4.88,5.2,5.91,,7.45,7.79,,,,,35.0785,,2.57,301.5944,2.0262,,39.13,2.5619,6.1434,4.4742,2.0262,768.2,2.6646,0.9692537661,64.56,,27.48,0.9935,107.8,95.2,12.03,77.4,,90.55859,84.6,,,-0.6435,,,,,8.229002153625268,1.1016806722689076,0.38910505836575876,0.0033157114323077615,1.0065425264217414,32.222761304941905,0.031033963555650742,
1976-03-01,,43.5168,77.6553,,,5250.841,30.102,28.047,,,360500.0,2843000.0,4.95,8.754999999999999,1164.0,1347.0,179.4877,1050.0,4.84,56.0,60.0,,,5.0,5.44,6.21,,7.49,7.73,,,,,35.3543,,2.5656,300.5183,1.9428,,39.25,2.56,6.1458,4.619,1.9428,826.5,2.6919,0.974119916,66.9,,28.6,0.9859,108.2,97.6,12.1,77.9,,90.09235,,,,-0.73475,,,,,7.88626907073509,1.157216494845361,0.38977237293420647,0.0033275843767251443,1.0143016533116949,32.47610844258756,0.030791866635370927,
1976-04-01,,43.7327,77.9206,,,5271.098,30.317,28.157,,,370250.0,2872250.0,4.98,8.73,1132.0,1332.0,177.4755,1060.8,4.82,56.1,60.6,,,4.86,5.18,5.92,,7.25,7.56,,,,,35.579,,2.5296,299.1086,1.8463,,38.96,2.538,6.0413,4.6705,1.8463,879.74,2.687,0.9658576248,67.28,,29.62,0.9836,105.6,90.7,12.17,82.5,,89.62611,,,,-0.6896,,,,,7.7575962187711,1.176678445229682,0.3953194180898166,0.0033432672948888794,1.01667344448963,32.68251562833439,0.030597399887205782,
1976-05-01,,43.9186,78.1365,,,5277.153,30.1,28.29,,,391600.0,2941000.0,5.01,8.765,1194.0,1440.0,178.4326,1072.1,5.29,56.4,60.8,,,5.2,5.62,6.4,,7.59,7.9,,,,,35.6959,,2.4873,299.004,1.8079,,39.19,2.5619,6.0656,4.7013,1.8079,857.16,2.7168,0.9718368167,67.62,,30.13,0.9802,111.3,88.1,12.17,84.7,,91.92146,83.3,,,-0.53375,,,,,7.510214504596527,1.2060301507537687,0.4020423752663531,0.0033444368637208866,1.0201999591920017,32.789898805965926,0.030497196893393766,
1976-06-01,,43.9637,78.0268,,,5284.953,30.444,28.405,,,393750.0,2989500.0,5.03,8.8475,1188.0,1390.0,179.102,1077.6,5.48,56.7,61.2,,,5.41,5.77,6.52,7.06,7.61,7.86,,,0.8,,35.8105,,2.4704,299.1909,1.764,,39.65,2.5775,6.1297,4.7374,1.764,848.97,2.7379,0.9827837947,67.92,,31.11,0.9736,117.2,92.0,12.17,85.0,,94.2168,,,,-0.46725,,,,,7.592380952380952,1.17003367003367,0.40479274611398963,0.0033423476449317142,1.0271158586688578,32.89516922646698,0.030399600412920637,
1976-07-01,,44.2141,78.4157,,,5317.491,30.532,28.561,,,390800.0,2995800.0,5.06,8.934000000000001,1245.0,1322.0,179.1423,1086.3,5.31,57.0,61.6,,,5.23,5.53,6.2,6.85,7.49,7.83,,,0.98,,35.6818,,2.485,294.641,1.785,,39.71,2.5745,6.1633,4.8436,1.785,837.29,2.7291,0.9840505306,68.1,,31.44,0.9722,118.9,91.0,12.17,87.0,,96.51215,,,,-0.5616,,,,,7.665813715455476,1.061847389558233,0.4024144869215292,0.0033939607861770762,1.0285949393128986,32.77694668616606,0.03050924814854896,
1976-08-01,,44.5182,78.7235,,,5332.551,30.586,28.726,,,388500.0,3015250.0,5.11,9.0,1309.0,1374.0,179.7949,1098.7,5.29,57.3,61.4,,,5.14,5.4,6.0,6.63,7.31,7.77,,,1.14,,35.6569,,2.4813,290.6259,1.7828,,39.01,2.5293,6.08,4.9677,1.7828,837.81,2.6745,0.9671194029,68.25,,31.27,0.9854,112.6,80.9,12.17,87.3,,95.5438,89.7,,,-0.6819999999999999,,,,,7.761261261261262,1.0496562261268143,0.4030145488252126,0.0034408495595196435,1.0148163182463974,32.75407379375353,0.03053055342968386,
1976-09-01,,44.6721,78.7621,,,5337.168,30.7,28.894,,,407500.0,3070000.0,5.14,8.977500000000001,1481.0,1371.0,181.1732,1110.8,5.25,57.6,61.8,,,5.08,5.3,5.84,6.42,7.13,7.59,,,1.17,,36.0674,,2.4733,287.361,1.7272,,38.4,2.4898,5.9907,4.9179,1.7272,844.87,2.605,0.9521763812,67.93,,31.19,0.9751,112.4,76.5,13.9,86.8,,94.57545,,,,-0.72325,,,,,7.533742331288344,0.925725860904794,0.4043181174948449,0.0034799433465223188,1.0255358424776946,33.13115501204047,0.030183070878047613,
1976-10-01,,44.6585,78.4713,,,5335.461,30.748,29.036,,,409000.0,3093000.0,5.16,8.93,1425.0,1388.0,182.4383,1125.0,5.02,57.9,61.9,,,4.92,5.06,5.5,5.98,6.75,7.41,,,1.43,,36.3137,,2.4465,291.189,1.6377,,37.28,2.4294,5.8936,4.9821,1.6377,856.11,2.5469,0.9248312465,68.14,,31.33,0.9727,99.9,71.7,13.9,84.4,,93.6071,,,,-0.706,,,,,7.5623471882640585,0.9740350877192983,0.4087471898630697,0.0034341956598635246,1.0280662074637608,33.35740374301264,0.029978352263385293,
1976-11-01,,45.3392,79.2971,,,5382.241,30.926,29.168,,,389500.0,3055750.0,5.21,8.8125,1531.0,1428.0,183.9005,1138.2,4.95,58.1,62.0,,,4.75,4.88,5.29,5.81,6.52,7.29,,,1.48,,36.7548,,2.4415,295.1653,1.6381,,36.97,2.413,5.9053,4.9896,1.6381,865.53,2.5203,0.9166780285,68.37,,31.51,0.9859,92.5,68.3,13.9,82.7,,93.64297,87.0,,,-0.671,,,,,7.845314505776637,0.9327237099934683,0.4095842719639566,0.0033879321180369103,1.0143016533116949,33.76259381703547,0.029618577453472593,
1976-12-01,,45.8294,79.9478,,,5398.735,31.336,29.326,,,373750.0,2923500.0,5.23,8.792,1511.0,1457.0,185.2478,1152.0,4.65,58.4,62.5,,,4.35,4.51,4.89,5.38,6.1,6.87,,,1.49,,36.8179,,2.4496,294.7017,1.6784,,36.39,2.3831,5.833,4.9864,1.6784,867.97,2.4852,0.9026497339,68.33,,31.58,1.0183,98.7,68.6,13.9,80.0,,93.67883,,,,-0.71,,,,,7.822073578595318,0.9642620780939775,0.40822991508817763,0.0033932617287243338,0.9820288716488265,33.82055684961502,0.029567815942432744,
1977-01-01,,45.5087,79.4033,,,5372.549,31.246,29.505,,,401800.0,2827200.0,5.26,8.7225,1466.0,1457.0,185.7874,1165.2,4.61,58.7,62.8,,,4.62,4.83,5.29,5.9,6.58,7.21,,,1.31,,36.7763,,2.4924,291.0524,1.7124,,36.7,2.3931,5.8945,4.9733,1.7124,879.37,2.5034,0.9100096926,68.6,,31.98,1.0103,100.6,69.9,13.9,79.9,,93.7147,,,,-0.85075,,,,,7.0363364858138375,0.9938608458390177,0.40121970791205264,0.003435807435362155,0.9898050084133426,33.78234350325513,0.029601261969988676,
1977-02-01,,46.2277,80.66,,,5389.96,31.42,29.686,,,450750.0,2849000.0,5.3,8.67,1560.0,1655.0,187.4113,1177.6,4.68,59.3,63.5,,,4.67,4.9,5.47,6.09,6.83,7.39,,,1.3,,36.9765,,2.5209,285.0221,1.7103,,36.88,2.405,5.9204,4.9793,1.7103,882.86,2.5118,0.9145634967,69.09,,32.56,1.0279,99.9,70.8,13.9,81.6,,94.82651,87.1,,,-0.93975,,,,,6.320576816417082,1.060897435897436,0.3966837240668015,0.0035084998672032797,0.9728572818367545,33.966245232612124,0.02944099334947587,
1977-03-01,,46.8185,81.6244,,,5413.846,31.441,29.812,,,360250.0,2702750.0,5.32,8.6875,1660.0,1619.0,189.1547,1188.5,4.69,59.6,64.1,,,4.6,4.88,5.5,6.09,6.93,7.46,,,1.37,,37.0694,,2.5505,280.2265,1.7174,,36.69,2.3916,5.8692,4.9814,1.7174,886.84,2.4951,0.9092040387,68.82,,38.79,1.0513,100.4,68.4,13.9,85.8,,95.93832,,,,-0.89625,,,,,7.502428868841083,0.9753012048192771,0.39207998431680063,0.003568541875946779,0.9512032721392563,34.05158224888218,0.029367210976894542,
1977-04-01,,47.2684,82.2802,,,5437.2,31.485,29.959,,,367400.0,2671200.0,5.36,8.751999999999999,1660.0,1548.0,190.2948,1199.6,4.73,60.0,64.9,,,4.54,4.8,5.44,5.96,6.79,7.37,,,1.41,,36.97,,2.5264,275.2071,1.719,,36.35,2.3743,5.9845,4.967,1.719,887.76,2.4714,0.9013185457,68.8,,38.83,1.0515,101.4,67.6,13.9,88.5,,97.05012,,,,-0.7346,,,,,7.270549809471965,0.9325301204819277,0.39582013932868904,0.003633627184763765,0.951022349025202,33.96027439724339,0.029446169612845404,
1977-05-01,,47.6411,82.7173,,,5450.793,31.572,30.112,,,380250.0,2631250.0,5.4,8.8275,1668.0,1555.0,191.7797,1209.0,5.35,60.2,65.2,,,4.96,5.2,5.84,6.25,6.94,7.46,,,1.21,,37.0205,,2.5193,277.4262,1.7185,,36.1,2.3588,6.0103,4.9531,1.7185,886.6,2.457,0.8947939881,69.01,,38.73,1.0486,94.3,62.2,13.9,87.6,,96.61974,90.2,,,-0.56475,,,,,6.919789612097304,0.9322541966426858,0.3969356567300441,0.0036045622223135378,0.9536524890329964,34.00666319510817,0.029406001825661308,
1977-06-01,,48.0116,83.2306,,,5459.172,31.56,30.292,,,361250.0,2619250.0,5.42,8.8575,1752.0,1636.0,193.5548,1217.8,5.39,60.5,65.0,,,5.02,5.21,5.8,6.13,6.76,7.28,,,1.15,,37.0311,,2.4895,272.8609,1.7191,,36.09,2.3556,6.0443,4.9408,1.7191,885.32,2.4798,0.8940998862,69.43,,38.76,1.0577,88.3,58.3,13.9,85.3,,96.18937,,,,-0.49424999999999997,,,,,7.250519031141868,0.9337899543378996,0.4016870857601928,0.0036648710020380348,0.9454476694714947,34.01640024970949,0.02939758447863807,
1977-07-01,,48.073,82.9907,,,5489.51,31.816,30.479,,,361400.0,2583000.0,5.46,8.941999999999998,1687.0,1687.0,195.1835,1226.7,5.42,60.8,65.1,,,5.19,5.4,5.94,6.27,6.84,7.33,,,1.06,,36.771,,2.4105,264.8632,1.7226,,35.45,2.282,5.9639,4.853,1.7226,882.61,2.4402,0.8800790285,81.47,,38.53,1.0612,81.6,60.0,13.9,83.8,,95.75899,,,,-0.5038,,,,,7.147205312672939,1.0,0.4148516905206389,0.0037755339360092304,0.9423294383716548,33.77747497595447,0.02960552855747449,
1977-08-01,,48.1205,83.2056,,,5511.046,31.798,30.629,,,367250.0,2610500.0,5.48,8.94,1780.0,1673.0,197.4881,1237.0,5.9,61.1,65.0,,,5.49,5.83,6.37,6.61,7.03,7.4,,,0.79,,37.0361,,2.4084,266.6774,1.7397,,35.58,2.3166,6.0285,4.8984,1.7397,882.48,2.4492,0.8816680259,84.72,,38.95,1.075,73.2,59.4,14.85,82.7,,94.10921,89.0,,,-0.49975,,,,,7.108236895847515,0.9398876404494382,0.41521341969772463,0.0037498490685749903,0.9302325581395349,34.02099319999313,0.02939361570432347,
1977-09-01,,48.3189,83.0259,,,5545.405,31.897,30.758,,,368750.0,2589500.0,5.51,8.896,1674.0,1865.0,198.9991,1246.2,6.14,61.3,65.3,,,5.81,6.04,6.53,6.71,7.04,7.34,,,0.63,,37.1626,,2.3745,266.77,1.7431,,35.83,2.3238,6.1773,4.9228,1.7431,883.56,2.4628,0.8876472178,84.58,,40.64,1.0733,73.0,62.8,14.85,79.4,,92.45943,,,,-0.42539999999999994,,,,,7.022372881355932,1.1140979689366786,0.4211412929037692,0.0037485474378678263,0.9317059536010436,34.13719484216925,0.029293561015292107,
1977-10-01,,48.3871,82.9403,,,5593.319,32.164,30.907,,,359000.0,2576200.0,5.55,8.9225,1758.0,1675.0,201.2545,1254.0,6.47,61.6,65.6,,,6.16,6.43,6.97,7.11,7.32,7.52,,,0.41,,36.889,,2.278,254.7445,1.7711,,35.42,2.2778,6.1128,4.8606,1.7711,880.85,2.4362,0.8780810066,84.02,,40.65,1.0989,71.8,63.7,14.85,77.9,,90.80965,,,,-0.30725,,,,,7.176044568245126,0.9527872582480091,0.43898156277436345,0.003925501826339725,0.91000091000091,33.88586860264841,0.02951082682064828,
1977-11-01,,48.4761,82.9124,,,5637.491,32.36,31.067,,,353500.0,2568500.0,5.58,8.9225,1771.0,1770.0,202.9397,1262.4,6.51,62.0,65.8,,,6.1,6.41,6.95,7.14,7.34,7.58,,,0.44,,36.6512,,2.1977,244.7026,1.8178,,35.22,2.2406,6.125,4.851,1.8178,878.1,2.4175,0.8731330519,82.92,,40.69,1.1093,84.3,70.9,14.85,77.8,,90.16408,84.4,,,-0.22825,,,,,7.265912305516266,0.9994353472614342,0.4550211584838695,0.0040865932769002045,0.9014693951140359,33.667427887158425,0.029702298712917845,
1977-12-01,,48.5629,83.5851,,,5662.417,32.424,31.227,,,359600.0,2507000.0,5.61,8.959999999999999,1754.0,1634.0,204.6774,1270.3,6.56,62.3,66.2,,,6.07,6.4,6.96,7.18,7.48,7.69,,,0.51,,36.1587,,2.0772,241.0229,1.8546,,33.79,2.151,5.9427,4.7982,1.8546,875.98,2.3286,0.8375975151,81.72,,40.4,1.0973,87.3,70.6,14.85,78.7,,89.51852,,,,-0.23360000000000003,,,,,6.971635150166852,0.9315849486887116,0.48141729250914694,0.004148983353863886,0.9113278046113188,33.21502228421976,0.030106859223005652,
1978-01-01,,47.8481,82.0671,,,5642.502,32.077,31.414,,,351000.0,2493500.0,5.66,9.015,1740.0,1777.0,207.2931,1279.7,6.7,62.7,66.8,5.2,,6.44,6.7,7.28,7.49,7.77,7.96,,,0.47,,35.9432,,1.9863,241.081,1.9353,,32.87,2.118,5.7726,4.7182,1.9353,871.9,2.2685,0.8139930937,80.66,,40.26,1.1012,87.3,72.6,14.85,81.0,,90.05649,83.7,,,-0.2875,,,,,7.103988603988604,1.021264367816092,0.503448623068016,0.00414798345784197,0.9081002542680713,33.01706612699482,0.03028736702872573,
1978-02-01,,48.1044,82.1608,,,5667.791,32.545,31.535,,,383250.0,2555500.0,5.69,9.145,1736.0,1719.0,210.259,1285.5,6.78,63.0,67.5,6.4,,6.45,6.74,7.34,7.57,7.83,8.03,,,0.46,,35.9357,,1.9095,240.3722,1.9396,,32.34,2.0777,5.6791,4.8483,1.9396,860.69,2.2286,0.8005200806,80.69,,40.31,1.113,87.7,73.9,14.85,81.5,,90.70206,84.3,,,-0.257,,,,,6.667971298108284,0.9902073732718893,0.5236973029588897,0.0041602148667774395,0.8984725965858041,33.01017670156936,0.030293688187148008,
1978-03-01,,49.0265,83.3689,,,5700.022,32.87,31.706,,,349000.0,2499750.0,5.73,9.202000000000002,1799.0,1785.0,213.6058,1292.2,6.79,63.4,68.1,6.3,,6.29,6.63,7.31,7.58,7.86,8.04,,,0.46,,35.7324,,1.8985,231.8574,1.9055,,31.66,2.0334,5.6059,4.7059,1.9055,855.32,2.1743,0.7848308994,80.02,,40.85,1.1258,93.5,76.5,14.85,81.6,,84.78436,78.8,,,-0.0708,,,,,7.162607449856734,0.9922178988326849,0.5267316302343955,0.0043129958327834264,0.8882572392965004,32.823427343036506,0.03046604455863291,
1978-04-01,,50.0206,84.4329,,,5732.667,33.068,31.911,,,326000.0,2349600.0,5.79,9.355,1948.0,1843.0,216.9979,1300.4,6.89,63.9,69.0,6.7,,6.29,6.73,7.45,7.74,7.98,8.15,,,0.41,,35.6907,,1.9052,221.857,1.8497,,31.83,2.0427,5.6165,4.5867,1.8497,858.89,2.1807,0.7879915419,80.17,,41.54,1.1417,102.0,86.3,14.85,82.7,,87.797,81.6,,,0.19824999999999998,,,,,7.207361963190184,0.9460985626283368,0.5248792777661138,0.004507407924924613,0.8758868354208637,32.78512213767094,0.030501640219634092,
1978-05-01,,50.254,84.5704,,,5739.268,33.2,32.099,,,327000.0,2231500.0,5.82,9.5725,1766.0,1850.0,220.4005,1310.5,7.36,64.5,69.5,6.9,,6.41,7.02,7.82,8.01,8.18,8.35,,,0.34,,35.9918,,1.9652,226.1786,1.8181,,32.83,2.1056,5.7029,4.6485,1.8181,870.51,2.2521,0.8158448583,81.19,,45.07,1.1186,100.6,77.8,14.85,82.5,,89.19573,82.9,,,0.44325,,,,,6.824159021406728,1.0475651189127972,0.5088540606554041,0.004421284772299413,0.8939746111210441,33.061709603751815,0.030246469767749723,
1978-06-01,,50.5801,84.9295,,,5760.201,33.308,32.278,,,324250.0,2221750.0,5.86,9.708,1983.0,1905.0,223.4759,1318.5,7.6,65.0,70.0,6.5,,6.73,7.23,8.09,8.24,8.36,8.46,,,0.22,,35.5401,,1.8854,214.1064,1.8372,,32.69,2.084,5.6424,4.5787,1.8372,859.57,2.2363,0.8104085533,79.45,,45.75,1.1218,99.9,78.3,14.85,83.6,,86.07549,80.0,,,0.6218,,,,,6.851966075558982,0.9606656580937972,0.5303914288745094,0.004670575003829871,0.8914244963451596,32.646782475127665,0.030630889912715342,
1978-07-01,,50.5384,84.5923,,,5791.884,33.15,32.468,,,350200.0,2313200.0,5.9,9.74,1786.0,1957.0,226.2258,1324.1,7.81,65.5,70.4,6.6,,7.01,7.44,8.39,8.49,8.54,8.64,,,0.15,,34.8406,,1.804,199.6955,1.8949,,32.4,2.0557,5.6036,4.4386,1.8949,847.17,2.2185,0.8024809184,77.61,,45.58,1.1246,92.7,82.3,14.85,82.2,,88.65776,82.4,,,0.60975,,,,,6.605368360936608,1.0957446808510638,0.5543237250554324,0.005007624107703979,0.8892050506846878,32.00422873044626,0.03124587092607172,
1978-08-01,,50.7458,84.7647,,,5818.097,33.449,32.642,,,348750.0,2398000.0,5.92,9.785,1691.0,1976.0,228.3623,1333.5,8.04,65.9,70.4,8.7,,7.08,7.37,8.31,8.37,8.33,8.41,,,0.04,,34.2486,,1.6672,188.7096,1.9406,,31.42,1.997,5.5038,4.3487,1.9406,836.73,2.1647,0.7809885498,74.95,,45.37,1.1404,88.3,82.4,14.85,84.6,,84.35399,78.4,,,0.5,,,,,6.875985663082437,1.1685393258426966,0.5998080614203455,0.005299147473154519,0.876885303402315,31.460423416863133,0.031785967618731696,
1978-09-01,,50.8744,84.8911,,,5825.741,33.395,32.83,,,322600.0,2269800.0,5.97,9.756,1751.0,1944.0,230.5011,1345.0,8.45,66.5,71.0,6.9,,7.85,7.99,8.64,8.57,8.43,8.42,,,-0.15,,34.3306,,1.5697,189.9195,1.9595,,31.05,1.9696,5.4321,4.3651,1.9595,829.93,2.14,0.7697887203,73.51,,45.56,1.1664,85.3,82.8,14.85,84.6,,86.50587,80.4,,,0.6626000000000001,,,,,7.035957842529449,1.1102227298686465,0.6370644072115691,0.0052653887568153875,0.8573388203017832,31.535747801514844,0.031710045574120306,
1978-10-01,,51.2559,85.2079,,,5847.005,33.452,33.071,,,328250.0,2230500.0,6.02,9.8575,1781.0,1885.0,232.9249,1352.3,8.96,67.1,71.8,7.4,,7.99,8.55,9.14,8.85,8.61,8.64,,,-0.21,,33.7305,,1.5365,183.631,2.0075,,29.01,1.8391,5.1113,4.2098,2.0075,811.97,2.0013,0.7209016383,69.87,,44.77,1.1828,87.5,85.7,14.85,86.9,,85.32233,79.3,,,1.32675,,,,,6.795125666412795,1.0583941605839415,0.6508298080052066,0.005445703612135206,0.8454514710855596,30.984501908472225,0.03227419962902698,
1978-11-01,,51.6514,85.7394,,,5857.195,33.573,33.249,,,330500.0,2223750.0,6.05,10.1075,1795.0,1877.0,235.8062,1359.1,9.76,67.5,72.1,7.5,,8.64,9.24,10.01,9.42,8.84,8.81,,,-0.61,,34.4819,,1.675,192.1425,1.9608,,29.96,1.9048,5.2579,4.3568,1.9608,843.48,2.0617,0.7424039227,71.17,,46.5,1.1731,90.1,89.4,14.85,87.2,,80.69578,75.0,,,1.9085,,,,,6.728441754916792,1.045682451253482,0.5970149253731343,0.00520447064028,0.8524422470377632,31.674730477097835,0.03157090794262771,
1978-12-01,,51.909,86.0919,,,5890.505,33.776,33.378,,,355600.0,2286600.0,6.1,10.346,1818.0,1844.0,237.2394,1366.0,10.03,67.9,72.7,7.3,,9.08,9.36,10.3,9.72,9.08,9.01,,,-0.71,,34.6557,,1.6757,195.955,1.9861,,29.74,1.8798,5.2478,4.3162,1.9861,843.04,2.0367,0.7402646015,71.0,,46.58,1.1798,88.9,87.1,14.85,88.5,,71.11988,66.1,,,1.9076,,,,,6.430258717660292,1.0143014301430142,0.5967655308229397,0.005103212472251282,0.8476012883539583,31.834381428957204,0.03141257832295681,
1979-01-01,,51.6278,85.2284,,,5910.093,33.654,33.549,,,357500.0,2382500.0,6.13,10.39,1461.0,1850.0,239.757,1371.6,10.07,68.5,73.8,7.8,,9.35,9.47,10.41,9.86,9.2,9.1,,,-0.76,,34.656,,1.6714,197.755,2.0053,,29.18,1.85,5.1318,4.2429,2.0053,836.51,1.9972,0.7214668356,69.96,,46.82,1.1899,90.1,85.7,14.85,91.0,,77.57554,72.1,,,1.35925,,,,,6.664335664335664,1.266255989048597,0.5983008256551394,0.0050567621551920305,0.8404067568703253,31.83465700597422,0.03141230639966801,
1979-02-01,,51.8752,85.2335,,,5933.423,33.818,33.659,,,358500.0,2414250.0,6.18,10.4075,1492.0,1845.0,243.8766,1377.8,10.06,69.2,74.9,9.3,,9.32,9.41,10.24,9.72,9.13,9.1,,,-0.62,,34.8596,,1.6752,200.5072,2.0042,,29.28,1.8567,5.1488,4.2745,2.0042,840.43,2.0058,0.725661194,69.32,,47.47,1.1956,92.9,87.8,15.85,101.5,,79.51224,73.9,,,0.7885,,,,,6.7343096234309625,1.2365951742627346,0.5969436485195797,0.004987352075137451,0.8364001338240215,32.02168194152409,0.03122884056578086,
1979-03-01,,52.0446,85.406,,,5951.404,33.851,33.852,,,358000.0,2385800.0,6.22,10.425999999999998,1720.0,1946.0,247.8933,1387.8,10.09,69.9,75.8,8.8,,9.48,9.47,10.25,9.79,9.2,9.12,,,-0.67,,34.9715,,1.6815,206.3236,2.0378,,29.44,1.8603,5.1896,4.2868,2.0373,841.19,2.008,0.7295085015,69.01,,47.95,1.1739,94.5,87.4,15.85,106.7,,73.59455,68.4,,,0.3694,,,,,6.664245810055866,1.1313953488372093,0.5947071067499257,0.0048467552912027515,0.851861316977596,32.12447216887198,0.031128916134191973,
1979-04-01,,51.4193,83.7026,,,5903.905,33.66,34.165,,,415500.0,2398500.0,6.21,10.4975,1597.0,1866.0,253.7609,1402.1,10.01,70.6,76.9,9.7,,9.46,9.49,10.12,9.78,9.25,9.18,,,-0.6,,35.3069,,1.7177,216.2852,2.0735,,30.06,1.8959,5.275,4.3541,2.0197,843.31,2.0495,0.7440499357,68.13,,48.82,1.1464,100.2,88.5,15.85,114.4,,71.01228,66.0,,,0.24825,,,,,5.772563176895307,1.1684408265497808,0.5821738371077604,0.004623524864392016,0.8722958827634333,32.432567273898634,0.03083320514083351,
1979-05-01,,51.8856,84.6494,,,5883.494,33.755,34.462,,,348000.0,2259250.0,6.27,10.69,1684.0,2007.0,258.7349,1410.2,10.24,71.4,77.5,9.8,,9.61,9.54,10.12,9.78,9.24,9.25,,,-0.53,,35.5728,,1.7273,218.4141,2.0587,,30.55,1.9077,5.3882,4.4072,1.9843,851.55,2.0777,0.7573742126,66.09,,49.47,1.1556,104.2,96.1,18.1,107.3,,73.27177,68.1,,,0.37025,,,,,6.492097701149425,1.1918052256532066,0.578938227291148,0.004578458991429583,0.8653513326410524,32.67682036998268,0.03060273272238605,
1979-06-01,,51.8965,84.5164,,,5880.39,33.842,34.655,,,360000.0,2251600.0,6.32,11.036,1640.0,1853.0,263.4815,1423.0,10.29,72.2,78.0,9.9,,9.06,9.06,9.57,9.22,8.85,8.91,,,-0.31,,35.5731,,1.699,218.5967,2.1119,,30.27,1.8843,5.436,4.365,2.0001,845.58,2.0677,0.7499745909,66.09,,49.53,1.1724,106.6,102.6,19.1,104.1,,70.7971,65.8,,,0.6784,,,,,6.254444444444444,1.1298780487804878,0.5885815185403178,0.00457463447526884,0.8529512111907198,32.67709594699969,0.030602474639176643,
1979-07-01,,51.8097,84.3581,,,5924.962,33.809,34.829,,,379250.0,2358500.0,6.36,11.092500000000001,1534.0,1759.0,267.8631,1434.8,10.47,73.0,79.2,9.9,,9.24,9.24,9.64,9.14,8.9,8.95,,,-0.19,,35.0481,,1.6489,216.51,2.2598,,29.21,1.8243,5.2436,4.2492,2.0679,820.27,2.0073,0.7238193451,66.15,,48.66,1.1639,121.3,114.2,21.75,103.5,,64.987,60.4,,,1.0422500000000001,,,,,6.218852999340804,1.1466753585397653,0.6064649160046092,0.004618724308346035,0.8591803419537761,32.19483616721737,0.031060881776384296,
1979-08-01,,51.4684,83.0842,,,5934.384,34.175,35.06,,,393750.0,2458250.0,6.4,11.094,1591.0,1779.0,270.6452,1446.6,10.94,73.7,79.6,9.9,,9.52,9.49,9.98,9.46,9.06,9.03,,,-0.43,,35.2184,,1.657,217.9257,2.2368,,29.29,1.8293,5.2731,4.257,2.0579,818.4,2.0078,0.7260751762,66.08,,49.18,1.1706,113.0,106.8,26.5,106.3,,69.39837,64.5,,,1.4722,,,,,6.243174603174603,1.1181646763042112,0.6035003017501509,0.004588719916925815,0.8542627712284298,32.35127205387819,0.030910685624187764,
1979-09-01,,51.4597,82.9464,,,5934.022,34.259,35.299,,,385800.0,2428200.0,6.45,11.3,1638.0,1983.0,274.3761,1454.1,11.43,74.4,80.9,9.6,,10.26,10.2,10.84,10.06,9.41,9.33,,,-0.73,,35.2723,,1.6113,222.4137,2.1966,,28.84,1.7939,5.1876,4.1976,2.0918,811.31,1.9752,0.7146472847,66.07,,49.27,1.1653,109.3,106.5,28.5,108.1,,71.76544,66.7,,,2.008,,,,,6.29393468118196,1.2106227106227105,0.6206168931918327,0.004496125913106971,0.8581481163648845,32.400784057935844,0.03086345065637609,
1979-10-01,,51.8334,83.2059,,,5934.119,34.142,35.557,,,402250.0,2490000.0,6.46,11.6375,1481.0,1832.0,276.1506,1460.4,13.77,75.2,82.1,9.0,,11.7,11.66,12.44,11.49,10.63,10.3,,,-1.19,,35.724,,1.6309,230.4845,2.1438,,28.86,1.7897,5.2336,4.2006,2.0828,825.77,1.9852,0.7151976083,66.15,,50.03,1.1754,111.4,105.8,29.0,114.4,,66.8161,62.1,,,2.41075,,,,,6.1901802361715355,1.237002025658339,0.6131583788092464,0.004338686549420894,0.8507742045261187,32.81571118655999,0.030473208223796178,
1979-11-01,,51.7531,82.7573,,,5953.221,34.229,35.784,,,413250.0,2602500.0,6.51,12.830000000000002,1276.0,1892.0,277.2382,1465.9,13.18,76.0,82.6,10.0,,11.79,11.82,12.39,11.81,10.93,10.65,,,-1.16,,36.2129,,1.6429,244.9842,2.1352,,28.72,1.7711,5.2543,4.1559,2.087,825.64,1.9732,0.7121956177,66.44,,50.37,1.1797,103.0,114.0,31.0,115.3,,68.10724,63.3,,,2.4366,,,,,6.297640653357532,1.4827586206896552,0.6086797735711242,0.004081895893694369,0.847673137238281,33.26480986529443,0.030061798159962183,
1979-12-01,,51.7878,82.7932,,,5968.38,34.127,36.041,,,428200.0,2698800.0,6.56,12.9,1254.0,1863.0,279.7257,1473.7,13.78,76.9,83.4,9.9,,12.04,11.84,11.98,11.39,10.42,10.39,,,-1.0,,35.885,,1.599,240.3745,2.2007,,28.23,1.7341,5.3712,4.0629,2.1277,811.09,1.9199,0.6998480413,66.5,,49.91,1.17,107.9,111.0,32.5,117.1,,65.63257,61.0,,,2.03775,,,,,6.302662307333022,1.485645933014354,0.6253908692933083,0.004160175060166532,0.8547008547008548,32.963604185693235,0.03033648852130123,
1980-01-01,,52.0679,83.04,,,5976.816,34.401,36.315,,,414250.0,2781750.0,6.57,12.8775,1280.0,1794.0,281.8501,1482.7,13.82,78.0,85.2,10.4,,12.0,11.84,12.06,11.5,10.74,10.8,,,-0.7,,35.86,,1.5953,237.8886,2.2641,,28.02,1.7246,5.3859,4.0405,2.1431,804.74,1.9038,0.6944166941,66.12,,49.87,1.164,100.0,106.1,32.5,122.8,,72.08823,67.0,,,1.7765,,,,,6.715147857573929,1.4015625,0.6268413464552122,0.004203648262253845,0.859106529209622,32.940639434275035,0.030357637774313845,
1980-02-01,,52.082,82.768,,,5949.587,34.114,36.677,,,418000.0,2868500.0,6.63,13.040000000000001,1199.0,1803.0,285.6731,1494.6,14.13,79.0,86.9,10.0,,12.86,12.86,13.92,13.42,12.6,12.41,,,-1.01,,36.2089,,1.6406,244.35,2.2891,,28.39,1.7482,5.4567,4.0963,2.1159,810.01,1.9274,0.7034747235,66.64,,48.49,1.1555,105.9,109.1,37.0,140.6,,71.98064,66.9,,,2.2328,,,,,6.8624401913875595,1.5037531276063387,0.6095330976472022,0.0040924902803355845,0.8654262224145391,33.26113550506752,0.030065119089143676,
1980-03-01,,51.87,81.8982,,,5918.133,33.836,37.017,,,433800.0,2881200.0,6.69,15.2825,988.0,1701.0,289.3844,1499.8,17.19,80.1,87.5,10.2,,15.2,15.03,15.82,14.88,13.47,12.75,,,-2.13,,37.1465,,1.7643,248.4786,2.2045,,29.96,1.8519,5.7759,4.3149,2.0225,860.13,2.031,0.7425898428,69.26,,49.73,1.1731,103.8,104.9,38.0,129.9,,60.79082,56.5,,,3.375,,,,,6.641770401106501,1.7216599190283401,0.5667970299835629,0.004024491445138535,0.8524422470377632,34.122405542255926,0.029306257402094263,
1980-04-01,,50.8397,80.0641,,,5911.122,33.405,37.207,,,529750.0,3126500.0,6.72,16.325000000000003,808.0,1751.0,290.6018,1502.2,17.61,80.9,87.8,10.1,,13.2,12.88,13.3,12.5,11.84,11.47,,,-1.03,,37.4326,,1.7614,250.275,2.2094,,30.19,1.8776,5.8509,4.3536,1.9898,876.41,2.0603,0.7472105781,71.86,,50.52,1.1861,103.8,97.2,39.5,119.7,,56.70223,52.7,,,3.9595000000000002,,,,,5.901840490797546,2.167079207920792,0.5677302146020211,0.0039956048346818495,0.8430992327796982,34.385214157485876,0.029082267611303905,
1980-05-01,,49.589,77.5384,,,5892.81,33.242,37.507,,,615800.0,3544800.0,6.76,14.262,861.0,1532.0,287.8784,1512.3,10.98,81.7,88.3,8.6,,8.58,8.65,9.39,9.45,9.95,10.18,,,0.73,,36.259,,1.6631,228.6286,2.302,,28.77,1.7913,5.5998,4.1808,2.0741,843.23,1.9736,0.7132789124,70.91,,49.27,1.1741,106.5,103.1,39.5,114.4,,55.62629,51.7,,,3.2796,,,,,5.75641442026632,1.7793263646922184,0.601286753652817,0.004373905976767561,0.8517162081594414,33.30715686690961,0.03002357733492083,
1980-06-01,,48.9482,76.1459,,,5906.964,33.398,37.756,,,607000.0,3832500.0,6.82,12.71,1118.0,1480.0,287.0378,1529.2,9.47,82.5,88.7,8.5,,7.07,7.3,8.16,8.73,9.21,9.78,,,1.05,,35.6922,,1.6339,217.9176,2.3359,,28.3,1.7673,5.49,4.1135,2.1116,835.2,1.9389,0.7017444267,70.03,,48.97,1.1516,105.4,100.4,39.5,112.4,,63.15789,58.7,,,1.9405000000000001,,,,,6.313838550247117,1.3237924865831843,0.6120325601321991,0.0045888904797042555,0.868357068426537,32.78650002275603,0.03050035835804166,
1980-07-01,,48.6039,75.2353,,,5950.966,33.685,38.021,,,559250.0,3845500.0,6.86,12.192499999999999,1259.0,1472.0,288.0583,1545.5,9.03,82.6,90.3,9.6,,8.06,8.06,8.65,9.03,9.53,10.25,,,1.22,,35.7021,,1.6078,221.1364,2.3732,,27.96,1.747,5.4096,4.0557,2.1474,831.55,1.9108,0.693464783,70.81,,48.86,1.1523,123.8,107.3,39.5,115.7,,67.0313,62.3,,,1.0265,,,,,6.876173446580242,1.1691818903891977,0.621967906456027,0.004522095864814657,0.8678295582747547,32.79559406431764,0.030491900772976786,
1980-08-01,,48.7563,75.5718,,,5963.437,33.725,38.296,,,528200.0,3805200.0,6.91,12.559999999999999,1367.0,1440.0,291.4491,1561.5,9.61,83.2,91.5,7.6,,9.13,9.41,10.24,10.53,10.84,11.1,,,0.57,,36.1026,,1.6522,223.9138,2.3704,,28.67,1.79,5.5343,4.1485,2.1062,847.46,1.9492,0.7098480661,72.41,,49.6,1.1592,135.5,108.9,38.0,118.9,,72.41101,67.3,,,0.8026,,,,,7.204089360090875,1.0534016093635699,0.6052536012589276,0.0044660043284513945,0.862663906142167,33.16348938203731,0.03015364241320277,
1980-09-01,,49.5608,76.636,,,5989.16,33.732,38.657,,,482750.0,3693500.0,6.95,13.1975,1484.0,1267.0,294.7925,1574.0,10.87,83.9,91.7,9.1,,10.27,10.57,11.52,11.57,11.62,11.51,,,-0.06,,35.8811,,1.6391,214.4167,2.4012,,28.7,1.7896,5.5348,4.1571,2.1034,851.66,1.9457,0.7115139105,73.32,,49.76,1.1647,138.1,110.2,36.0,115.5,,79.29705,73.7,,,1.0827499999999999,,,,,7.6509580528223715,0.8537735849056604,0.6100909035446281,0.0046638158315093926,0.8585901948999742,32.960021684472004,0.03033978586461659,
1980-10-01,,50.1908,77.8126,,,6040.861,34.153,38.975,,,438000.0,3556250.0,7.02,13.791999999999998,1366.0,1272.0,299.9573,1584.8,12.81,84.7,92.8,9.6,,11.62,11.63,12.49,12.09,11.86,11.75,,,-0.34,,36.0536,,1.6619,209.3227,2.4165,,29.53,1.8429,5.6712,4.2585,2.0388,874.3,1.9985,0.7312660666,74.5,,50.62,1.1691,137.6,118.1,36.0,116.7,,80.69578,75.0,,,1.6385999999999998,,,,,8.119292237442922,0.931185944363104,0.6017209218364523,0.004777312732923854,0.8553588230262595,33.118478469257624,0.030194623854119824,
1980-11-01,,51.0311,78.9895,,,6055.398,34.058,39.282,,,412600.0,3300600.0,7.09,14.205,1383.0,1313.0,307.3743,1595.8,15.85,85.6,93.2,8.6,,13.73,13.5,14.15,13.51,12.83,12.68,,,-0.83,,36.7653,,1.726,213.1059,2.3941,,30.81,1.9191,5.896,4.4417,1.9459,909.13,2.079,0.7670544548,76.43,,52.14,1.1864,132.8,122.3,36.0,116.3,,82.52488,76.7,,,2.54475,,,,,7.99951526902569,0.9493853940708604,0.5793742757821553,0.0046925026477446195,0.8428860418071478,33.77223901263112,0.029610118524448174,
1980-12-01,,51.3708,79.1106,,,6084.759,34.299,39.518,,,410000.0,3125500.0,7.13,14.79,1249.0,1378.0,312.0383,1599.8,18.9,86.4,93.8,9.7,,15.49,14.64,14.88,14.08,13.25,12.84,,,-1.24,,37.1358,,1.7854,209.4886,2.3459,,31.71,1.97,6.0348,4.5617,1.8901,934.41,2.1403,0.7859860833,79.04,,53.27,1.1968,136.8,111.9,37.0,113.7,,69.39837,64.5,,,3.22025,,,,,7.623170731707317,1.1032826261008808,0.5600985773496135,0.004773529442652249,0.8355614973262031,34.11257662864894,0.029314701462925113,
1981-01-01,,51.0415,78.5433,,,6065.141,34.308,39.861,,,413000.0,3038200.0,7.18,14.904,1221.0,1270.0,312.4522,1606.9,19.08,87.2,95.2,9.5,,15.02,14.08,14.08,13.26,12.77,12.57,,,-0.69,,37.0637,,1.8224,202.3667,2.4029,,32.32,2.0105,6.184,4.6453,1.8554,954.94,2.1842,0.8001705507,80.6,,53.8,1.1909,142.8,119.3,38.0,111.8,,76.82238,71.4,,,3.0284,,,,,7.3564164648910415,1.0401310401310402,0.5487269534679543,0.0049415244701821,0.8397010664203544,34.046346285558826,0.029371727339334564,
1981-02-01,,50.824,77.9137,,,6048.204,34.222,40.152,,,428750.0,2978000.0,7.23,15.1325,1199.0,1395.0,313.117,1618.7,15.93,88.0,96.1,8.6,,14.79,14.05,14.57,13.92,13.41,13.19,,,-0.73,,38.05,,1.9422,205.7167,2.2941,,34.52,2.1392,6.6006,4.9655,1.7331,1019.78,2.333,0.8568241369,85.6,,56.43,1.1984,137.9,113.1,38.0,110.5,,71.98064,66.9,,,2.22575,,,,,6.945772594752187,1.1634695579649708,0.5148800329523221,0.004861054061240531,0.8344459279038718,34.9523516585099,0.02861037820202088,
1981-03-01,,51.0826,77.9371,,,6067.35,34.322,40.375,,,407500.0,2899250.0,7.29,15.4,1183.0,1377.0,314.3933,1636.6,14.7,88.6,97.0,7.2,,13.36,12.81,13.71,13.57,13.41,13.12,,,-0.45,,38.2959,,1.9219,208.7918,2.2319,,34.53,2.1057,6.6198,4.9644,1.7325,1031.3,2.3307,0.8567026691,85.7,,56.75,1.1914,136.7,109.1,38.0,110.4,,71.55025,66.5,,,1.736,,,,,7.114723926380368,1.1639898562975486,0.5203184348821479,0.004789460122476074,0.8393486654356219,35.17823295345938,0.028426669449912248,
1981-04-01,,50.858,78.1305,,,6056.169,34.199,40.633,,,410250.0,2857000.0,7.33,15.58,1190.0,1469.0,318.5024,1659.2,15.72,89.1,98.0,8.0,,13.69,13.45,14.32,14.15,13.99,13.68,,,-0.47,,39.0399,,1.974,214.9759,2.1753,,35.44,2.164,6.8122,5.1168,1.6846,1077.74,2.401,0.8766085191,87.77,53.18,58.22,1.191,138.0,112.2,38.0,112.0,,77.89832,72.4,,,1.791,,,,,6.964046313223644,1.234453781512605,0.5065856129685917,0.004651684212044234,0.8396305625524769,35.8616639556652,0.02788493030430135,
1981-05-01,,51.1495,78.2901,,,6074.295,34.215,40.913,,,416400.0,2904000.0,7.37,16.402,1173.0,1246.0,324.08,1664.2,18.52,89.7,98.3,7.3,,16.3,15.29,16.2,15.46,14.63,14.1,,,-1.36,,40.1449,,2.0662,220.6285,2.0884,,37.4,2.2941,7.2143,5.4889,1.5949,1141.08,2.55,0.9268912417,91.31,55.8,60.8,1.201,135.9,107.0,38.0,111.4,,82.09451,76.3,,,2.3731999999999998,,,,,6.974063400576369,1.062233589087809,0.48398025360565294,0.004532505999904817,0.832639467110741,36.87670596834991,0.027117389521132063,
1981-06-01,,51.4101,77.7009,,,6107.73,34.447,41.117,,,433000.0,2903250.0,7.41,16.695,976.0,1350.0,328.1726,1670.3,19.1,90.5,98.5,7.1,,14.73,14.09,14.86,14.51,13.95,13.47,,,-1.04,,40.9463,,2.0742,224.1805,1.9738,,38.86,2.3781,7.4727,5.657,1.5361,1185.5,2.6447,0.9616359981,94.66,58.09,62.91,1.2041,136.7,106.7,36.0,109.8,,78.65148,73.1,,,3.10375,,,,,6.704965357967668,1.3831967213114753,0.4821135859608524,0.004460691273326628,0.8304958059961798,37.61286403981193,0.026586648624830435,
1981-07-01,,51.7471,77.6454,,,6199.452,34.376,41.365,,,430750.0,2883000.0,7.45,16.832,935.0,1337.0,331.8571,1681.9,19.04,91.5,99.0,6.8,,14.95,14.74,15.72,15.35,14.79,14.28,,,-1.07,,41.8342,,2.0981,232.3261,1.8737,,39.96,2.4405,7.6492,5.7964,1.494,1214.63,2.7152,0.9899727069,97.59,59.65,64.82,1.2107,139.6,103.7,36.0,109.2,,79.72742,74.1,,,3.4966,,,,,6.6929773650609405,1.429946524064171,0.47662170535246173,0.0043042946961189465,0.8259684480052861,38.42848015118094,0.026022366642290146,
1981-08-01,,51.6826,77.4189,,,6222.937,34.594,41.642,,,450200.0,2948400.0,7.52,17.285,889.0,1222.0,336.523,1694.3,17.82,92.2,99.0,5.8,,15.51,15.52,16.72,16.28,15.56,14.94,,,-1.34,,42.5119,,2.1698,233.3262,1.8203,,40.88,2.5012,7.8562,5.9818,1.4604,1244.19,2.7776,1.0134829288,100.15,61.32,66.67,1.2232,127.0,102.5,36.0,111.2,,83.06285,77.2,,,3.3745000000000003,,,,,6.549089293647268,1.3745781777277841,0.4608719697667988,0.0042858453101280525,0.8175277959450621,39.051008632625674,0.025607533198631315,
1981-09-01,,51.4337,76.9439,,,6213.748,34.367,41.915,,,473250.0,3013000.0,7.56,18.16,847.0,1221.0,338.1155,1706.0,15.87,93.1,98.8,6.9,,14.7,14.92,16.52,16.46,15.93,15.32,,,-1.14,,41.8378,,2.0223,229.481,1.8146,,38.53,2.3522,7.3835,5.6326,1.5504,1187.61,2.6109,0.9560980568,96.13,57.72,65.5,1.2008,110.2,104.6,36.0,110.6,,78.65148,73.1,,,3.08475,,,,,6.36661384046487,1.4415584415584415,0.494486475794887,0.004357659239762769,0.832778147901399,38.43178707538517,0.026020127506391218,
1981-10-01,,51.0281,75.9541,,,6190.074,34.183,42.165,,,492800.0,3127000.0,7.59,18.454,731.0,1206.0,341.1989,1721.8,15.08,93.4,98.9,6.7,,13.54,13.82,15.38,15.54,15.41,15.15,,,-0.39,,41.7382,,1.8845,231.519,1.8407,,37.66,2.2543,7.2348,5.6314,1.575,1194.31,2.4913,0.9324738039,96.02,56.71,64.7,1.2029,106.8,108.3,35.0,108.9,,75.63884,70.3,,,2.8213999999999997,,,,,6.345373376623376,1.6497948016415869,0.5306447333510215,0.004319299927867691,0.8313242996092776,38.34029550573503,0.02608221941978558,
1981-11-01,,50.435,74.8132,,,6197.172,34.118,42.411,,,511750.0,3337250.0,7.63,17.825,748.0,1074.0,345.5088,1736.1,13.31,93.8,98.8,7.3,,10.86,11.3,12.41,12.88,13.38,13.39,,,0.51,,41.2352,,1.7859,223.1267,1.9025,,37.42,2.2292,7.172,5.624,1.5895,1191.59,2.4442,0.9287901061,95.4,56.3,64.38,1.1872,102.2,110.3,36.0,107.3,,67.24648,62.5,,,2.5164999999999997,,,,,6.521250610649731,1.4358288770053476,0.5599417660563302,0.00448175857035487,0.8423180592991913,37.87824470720072,0.02640037857429804,
1981-12-01,,49.8987,73.4182,,,6193.277,34.328,42.568,,,551000.0,3525250.0,7.64,16.945999999999998,796.0,1129.0,350.3077,1755.5,12.37,94.1,98.8,5.3,,10.85,11.52,12.85,13.29,13.6,13.72,,,0.43,,41.4273,,1.8152,218.9545,1.9033,,38.3,2.2579,7.321,5.7141,1.573,1206.36,2.4734,0.9477242135,96.97,57.23,65.35,1.1851,96.3,105.2,35.0,105.4,,69.18318,64.3,,,2.186,,,,,6.397912885662432,1.4183417085427135,0.5509034817100045,0.004567158930280035,0.8438106488903889,38.05470585709822,0.026277958992907923,
1982-01-01,,48.8685,71.4208,,,6179.452,34.267,42.829,,,535200.0,3533600.0,7.72,17.485,794.0,1052.0,354.8455,1770.4,13.22,94.4,99.7,5.1,6.3945071,12.28,12.83,14.32,14.57,14.65,14.59,,,0.02,1.67,42.1104,,1.8442,224.805,1.886,,39.03,2.2938,7.4977,5.8298,1.5397,1228.22,2.5145,0.9684183649,98.36,58.81,66.49,1.1926,104.8,107.4,33.85,104.9,,76.39201,71.0,,,1.9439999999999997,,,,,6.6023916292974585,1.3249370277078085,0.5422405379026136,0.0044482996374635795,0.8385041086701324,38.68219472484928,0.025851687245594782,
1982-02-01,,49.8636,73.3026,,,6205.602,34.578,42.994,,,533750.0,3555500.0,7.72,17.5975,808.0,935.0,360.7137,1774.5,14.78,94.7,99.8,5.2,6.4321077,13.48,13.61,14.73,14.82,14.54,14.43,,,-0.39,0.15,43.5598,,1.8909,235.3056,1.847,,41.14,2.366,7.795,6.0176,1.4886,1263.18,2.5948,1.0180763958,100.7,60.97,69.07,1.214,103.9,104.9,31.56,104.7,,71.55025,66.5,,,1.96,,,,,6.66135831381733,1.1571782178217822,0.5288486963879634,0.004249792610120626,0.8237232289950577,40.01359915307121,0.024991503417988475,
1982-03-01,,49.5323,72.6304,,,6201.39,34.54,43.182,,,556500.0,3655500.0,7.75,17.16,891.0,965.0,363.9746,1786.5,14.68,94.7,99.6,4.2,6.3877317,12.68,12.77,13.95,14.19,13.98,13.86,,,-0.33,0.55,44.8249,,1.8886,241.2283,1.8053,,44.38,2.38,8.0396,6.1428,1.4725,1293.29,2.6186,1.0995218134,104.53,61.77,70.49,1.2205,104.7,103.5,28.48,102.9,,66.70851,62.0,,,2.07475,,,,,6.568733153638814,1.0830527497194165,0.5294927459493805,0.004145450595970705,0.8193363375665711,41.17570743383812,0.02428616439940512,
1982-04-01,,49.075,71.9168,,,6244.64,34.56,43.353,,,587000.0,3864500.0,7.77,16.892,888.0,979.0,371.0565,1803.9,14.94,95.0,99.6,4.7,6.1406276,12.7,12.8,13.98,14.2,14.0,13.87,,,-0.33,0.53,45.2875,,1.9624,244.1068,1.772,,45.29,2.397,8.1591,6.2457,1.4422,1321.6,2.6594,1.1216810156,106.15,63.54,72.49,1.2252,106.8,105.9,33.45,103.3,,70.47431,65.5,,,2.189,,,,,6.583475298126065,1.1024774774774775,0.509580105992662,0.004096567567966153,0.8161932745674175,41.60064719408061,0.024038087564711996,
1982-05-01,,48.7483,71.6519,,,6244.365,34.664,43.589,,,583800.0,3991800.0,7.84,16.677500000000002,953.0,1060.0,375.9823,1815.4,14.45,95.9,99.8,3.5,5.4881669,12.09,12.16,13.34,13.78,13.75,13.62,,,-0.16,0.91,44.8653,,1.95,236.9635,1.8104,,43.67,2.3128,7.8444,6.0237,1.496,1283.38,2.571,1.080778584,102.99,62.89,70.61,1.2336,110.2,103.9,35.93,104.1,,72.6262,67.5,,,2.4565,,,,,6.8376156217882835,1.1122770199370409,0.5128205128205129,0.00422005920743068,0.8106355382619974,41.21281847212994,0.02426429535937338,
1982-06-01,,48.6214,71.4748,,,6223.394,34.476,43.808,,,599500.0,4094250.0,7.85,16.697499999999998,913.0,930.0,380.5642,1826.0,14.15,97.0,100.0,4.6,5.4452325,12.47,12.7,14.07,14.47,14.43,14.3,,,-0.17,1.22,46.8101,,2.0789,251.1977,1.7563,,46.18,2.4293,8.3481,6.5785,1.4192,1358.43,2.6848,1.1455655567,109.22,67.8,78.48,1.2756,108.9,104.0,35.07,96.9,,70.6895,65.7,,,2.81325,,,,,6.829441201000834,1.0186199342825848,0.48102361825965656,0.003980928169326391,0.7839448102853559,42.99929241445504,0.02325619664531574,
1982-07-01,,48.4616,71.2834,,,6223.874,34.678,44.092,,,576000.0,4101400.0,7.9,16.816,1044.0,1006.0,384.0437,1831.5,12.59,97.5,100.4,5.0,6.3748846,11.35,11.88,13.24,13.8,14.07,13.95,,,0.15,2.09,47.5219,,2.096,255.031,1.7354,,47.03,2.4662,8.5402,6.856,1.3948,1382.26,2.7239,1.1663663023,111.57,69.43,84.51,1.27,106.8,95.1,34.16,96.6,,70.36671,65.4,,,3.0027999999999997,,,,,7.120486111111111,0.9636015325670498,0.47709923664122134,0.0039210919456850344,0.7874015748031495,43.65314481683421,0.022907857021434212,
1982-08-01,,48.0192,70.5349,,,6236.193,34.703,44.295,,,629500.0,4260250.0,7.94,16.27,926.0,985.0,385.8593,1845.2,10.12,97.7,100.3,4.8,6.367801,8.68,9.88,11.43,12.32,13.0,13.06,,,0.74,4.06,48.6651,,2.1119,259.0455,1.725,,47.48,2.4813,8.6482,6.9285,1.3854,1392.6,2.7295,1.1752458484,112.08,70.17,85.91,1.2452,97.2,91.0,33.95,96.9,,70.36671,65.4,,,3.22125,,,,,6.7676727561556795,1.0637149028077755,0.473507268336569,0.0038603256956789445,0.8030838419530999,44.703276969685945,0.022369724722375882,
1982-09-01,,47.9008,70.3372,,,6233.608,35.015,44.459,,,660750.0,4452750.0,7.94,15.43,1042.0,947.0,391.0385,1858.4,10.31,97.7,100.0,4.5,6.339422,7.92,9.37,10.85,11.78,12.25,12.34,,,0.56,4.15,49.1017,,2.1418,263.2857,1.712,,48.3,2.5055,8.8038,7.0649,1.3653,1411.19,2.7444,1.1944551176,113.05,70.95,87.7,1.2348,83.7,95.9,35.63,97.6,,74.5629,69.3,,,3.431,,,,,6.738933030646992,0.9088291746641075,0.46689700252124383,0.0037981553878543343,0.8098477486232589,45.1043333884535,0.022170818741243062,
1982-10-01,,47.4371,69.3736,,,6229.736,35.169,44.741,,,652400.0,4639600.0,7.96,14.608,1149.0,1059.0,392.3917,1869.7,9.71,98.1,100.2,4.7,5.1327583,7.71,8.29,9.32,10.19,10.8,10.91,,,0.72,2.94,49.8821,,2.1737,271.615,1.6962,,49.1,2.532,8.9192,7.1557,1.3436,1439.94,2.7608,1.2158706392,115.2,71.95,89.65,1.2301,82.9,93.2,35.68,96.4,,78.97427,73.4,,,2.7308,,,,,7.111587982832618,0.9216710182767625,0.46004508441827296,0.0036816817922426964,0.8129420372327453,45.82120106872422,0.021823958706367504,
1982-11-01,,47.283,68.9279,,,6253.827,35.452,44.906,,,594250.0,4601000.0,7.98,13.825,1229.0,1079.0,391.9751,1883.7,9.2,98.0,100.3,4.5,4.6539145,8.07,8.34,9.16,9.8,10.38,10.55,,,0.75,2.2,50.078,,2.1931,264.0879,1.6321,,49.6,2.5543,8.9595,7.2152,1.3291,1468.84,2.7861,1.2300600646,119.09,72.89,91.91,1.2262,94.1,96.9,34.15,97.7,,77.57554,72.1,,,1.47725,,,,,7.742532604122844,0.8779495524816925,0.4559755597099996,0.003786618016198395,0.8155276463872125,46.00115286083729,0.021738585618173538,
1982-12-01,,46.9485,68.6719,,,6286.221,35.603,45.049,,,523750.0,4400000.0,8.01,13.624,1351.0,1047.0,392.0419,1905.9,8.95,97.7,100.5,3.7,4.5710148,7.94,8.16,8.91,9.66,10.22,10.54,,,0.88,2.34,49.2939,,2.0501,241.9413,1.616,,47.49,2.4193,8.5275,6.8548,1.3769,1398.74,2.6698,1.1778561672,126.12,70.79,92.68,1.2385,95.9,98.4,31.72,98.0,,77.36035,71.9,,,0.7336,,,,,8.400954653937948,0.774981495188749,0.4877810838495683,0.004133233970388685,0.8074283407347599,45.28088639735667,0.022084373331931424,
1983-01-01,,47.8234,70.2066,,,6279.297,35.639,45.357,,,501000.0,3919000.0,8.06,13.2475,1426.0,1187.0,393.1864,1959.4,8.68,97.9,100.2,2.8,4.8633048,7.86,7.93,8.62,9.33,10.03,10.46,,,1.13,2.34,49.2986,,1.9679,232.731,1.5756,,46.89,2.3893,8.4171,6.7725,1.3916,1374.71,2.631,1.1614976735,126.84,80.76,94.55,1.2287,98.7,99.7,31.19,102.8,,75.74644,70.4,,,0.34325,,,,,7.822355289421158,0.832398316970547,0.5081559022308044,0.00429680618396346,0.813868316106454,45.28520377062329,0.022082267865353063,
1983-02-01,,47.5233,70.1121,,,6283.89,35.63,45.525,,,488750.0,3859250.0,8.09,13.0425,1471.0,1135.0,393.3556,1996.8,8.51,98.0,100.5,3.0,4.5956615,8.11,8.23,8.92,9.64,10.26,10.72,,,1.08,2.33,50.1162,,2.018,236.1211,1.5329,,47.74,2.428,8.5811,6.8856,1.3681,1399.78,2.6779,1.182957816,129.89,83.62,93.77,1.2277,111.7,102.2,28.95,108.7,,80.2654,74.6,,,0.12025,,,,,7.89616368286445,0.7715839564921821,0.4955401387512389,0.004235114947372344,0.8145312372729494,46.03624300100431,0.02172201584690967,
1983-03-01,,47.9244,70.7376,,,6314.258,36.005,45.583,,,480250.0,3767500.0,8.1,12.8,1475.0,1168.0,393.8048,2015.2,8.77,98.1,100.4,1.8,4.0629447,8.35,8.37,9.04,9.66,10.08,10.51,,,0.85,1.85,50.7947,,2.0663,238.2543,1.49,,47.52,2.411,8.6223,7.0204,1.3479,1429.72,2.6834,1.1763960744,133.5,83.9,95.87,1.2263,115.8,103.7,28.82,107.2,,86.93625,80.8,,,0.02725,,,,,7.84487246225924,0.791864406779661,0.4839568310506703,0.004197196021226059,0.8154611432765229,46.659506354494425,0.021431859831574838,
1983-04-01,,48.5311,71.5673,,,6319.274,36.226,45.721,,,496000.0,3760200.0,8.13,12.782,1566.0,1197.0,392.4259,2028.6,8.8,98.8,100.4,3.4,4.6289199,8.21,8.3,8.98,9.57,10.02,10.4,,,0.83,1.89,51.5031,,2.0587,237.7467,1.5361,,48.58,2.4397,8.6663,7.3148,1.2953,1452.36,2.7486,1.2046435415,135.99,84.04,99.05,1.2325,127.1,106.7,30.61,108.3,,95.86658,89.1,,,-0.0442,,,,,7.581048387096774,0.764367816091954,0.4857434303201049,0.0042061572253158505,0.8113590263691685,47.310235550680716,0.02113707506124669,
1983-05-01,,48.8239,72.3638,,,6351.636,36.441,45.787,,,468000.0,3624250.0,8.17,12.6325,1669.0,1300.0,391.4906,2043.1,8.63,99.2,100.8,3.2,4.6186334,8.19,8.22,8.9,9.49,10.03,10.38,,,0.89,1.88,51.681,,2.0572,234.7557,1.5722,,49.24,2.4665,8.8003,7.4163,1.2811,1467.76,2.7737,1.2226505271,137.76,84.1,99.52,1.2292,128.6,103.9,30.0,111.5,,100.3855,93.3,,,-0.16225,,,,,7.744123931623932,0.7789095266626722,0.4860976083997667,0.004259747473650267,0.8135372600065083,47.473652721772666,0.021064315523826833,
1983-06-01,,49.123,72.9112,,,6360.3,36.792,46.001,,,444250.0,3455500.0,8.19,12.870000000000001,1769.0,1344.0,393.8395,2053.5,8.98,99.4,101.0,3.2,4.1399507,8.79,8.89,9.66,10.18,10.63,10.85,,,0.67,1.71,52.7268,,2.1123,240.0314,1.548,,50.93,2.549,9.1287,7.6621,1.2381,1510.98,2.8557,1.2622267284,143.29,84.49,107.39,1.2323,130.9,100.4,31.0,108.5,,99.20201,92.2,,,-0.18975,,,,,7.7782779966235225,0.7597512719050311,0.47341760166643,0.004166121599090786,0.8114907084313885,48.43431420309907,0.020646519238544624,
1983-07-01,,49.8546,73.9127,,,6378.268,37.042,46.311,,,408000.0,3189600.0,8.22,13.422,1795.0,1410.0,397.7945,2064.8,9.37,99.8,101.3,3.2,4.9603809,9.08,9.26,10.2,10.69,11.21,11.38,,,0.69,1.93,53.2555,,2.1184,240.516,1.5273,,51.86,2.5914,9.3142,7.7879,1.2187,1533.41,2.8985,1.2849486489,147.97,84.68,119.03,1.2323,130.6,96.0,31.66,108.8,,99.84757,92.8,,,-0.1206,,,,,7.817647058823529,0.7855153203342619,0.4720543806646526,0.0041577275524289446,0.8114907084313885,48.9199727660913,0.02044154858346827,
1983-08-01,,50.4443,74.5144,,,6369.041,37.14,46.55,,,435750.0,3105750.0,8.2,13.81,1713.0,1711.0,401.5866,2074.0,9.56,100.1,101.8,3.3,5.1924267,9.34,9.51,10.53,11.07,11.63,11.85,,,0.78,2.11,54.25,,2.1632,244.4613,1.5026,,53.61,2.6736,9.6308,8.0442,1.1799,1589.74,2.9912,1.3280176699,151.3,89.22,123.03,1.2338,141.8,97.6,31.91,108.5,,97.80328,90.9,,,-0.08175,,,,,7.12736660929432,0.9988324576765908,0.4622781065088758,0.004090627023582056,0.8105041335710812,49.833510577507546,0.020066818259666257,
1983-09-01,,51.178,75.8371,,,6412.175,37.24,46.738,,,408750.0,3007000.0,8.27,13.725999999999999,1585.0,1493.0,402.529,2083.2,9.45,100.4,102.0,3.3,5.1037494,9.0,9.15,10.16,10.79,11.43,11.65,,,0.86,2.29,54.588,,2.1623,242.3462,1.4986,,53.84,2.6679,9.5926,8.0598,1.1741,1602.62,2.9844,1.3344678594,152.02,92.84,124.41,1.2326,141.1,102.1,31.11,106.8,,96.72734,89.9,,,-0.09240000000000001,,,,,7.3565749235474005,0.9419558359621452,0.46247051750450907,0.004126328368259952,0.8112932013629727,50.143994016681695,0.019942567791215917,
1983-10-01,,51.5693,76.5587,,,6473.198,37.538,46.821,,,402200.0,2902800.0,8.31,13.535,1716.0,1586.0,405.7486,2099.2,9.48,100.8,102.2,3.7,5.1155348,8.64,8.83,9.81,10.57,11.28,11.54,,,0.97,2.55,54.3601,,2.1122,232.8855,1.4969,,53.03,2.6032,9.4172,7.9526,1.1915,1582.81,2.9206,1.3136274507,151.3,92.97,124.41,1.232,138.7,99.8,30.41,102.8,,96.08177,89.3,,,-0.032,,,,,7.21730482347091,0.9242424242424242,0.47344001515008044,0.004293955613380825,0.8116883116883117,49.93464734275333,0.020026175275374668,
1983-11-01,,51.7993,76.8777,,,6524.235,37.623,46.93,,,392500.0,2787750.0,8.31,13.435,1668.0,1462.0,409.6174,2112.3,9.34,101.1,102.1,3.5,5.2028781,8.76,8.93,9.94,10.66,11.41,11.69,,,1.03,2.58,55.1389,,2.1701,235.03,1.4766,,54.54,2.6846,9.6791,8.1646,1.1585,1625.79,3.0078,1.3524079138,154.66,96.23,127.82,1.2367,143.5,98.3,29.84,98.5,,98.01847,91.1,,,0.06825,,,,,7.102547770700637,0.8764988009592326,0.46080825768397765,0.004254775986044334,0.8086035416835127,50.650045278933284,0.019743318974206857,
1983-12-01,,52.0594,77.0038,,,6581.287,38.036,46.965,,,368800.0,2712200.0,8.33,13.419999999999998,1627.0,1509.0,413.9404,2123.5,9.47,101.4,102.3,3.5,5.1980904,9.0,9.17,10.11,10.84,11.54,11.83,,,0.99,2.47,55.9662,,2.1983,234.4624,1.4338,,55.94,2.75,9.953,8.3839,1.1291,1666.88,3.0857,1.3859875706,158.0,98.81,131.91,1.2469,132.2,97.9,29.24,99.8,,101.3539,94.2,,,0.0908,,,,,7.35412147505423,0.9274738783036263,0.4548969658372378,0.004265076191321082,0.8019889325527308,51.40999483286457,0.01945147054091388,
1984-01-01,,53.0985,78.283,,,6603.03,38.277,47.121,,,351000.0,2549250.0,8.38,13.3675,1816.0,1595.0,415.6054,2138.2,9.56,102.1,102.9,3.2,5.2475146,8.9,9.01,9.9,10.64,11.37,11.67,,,1.03,2.41,56.6598,,2.238,233.8,1.4076,,57.35,2.811,10.1793,8.5948,1.102,1706.63,3.1602,1.4211636618,159.83,102.6,136.29,1.2484,132.3,98.7,29.69,98.2,,107.702,100.1,,,-0.036500000000000005,,,,,7.262820512820513,0.8783039647577092,0.44682752457551383,0.00427715996578272,0.8010253123998718,52.04712889621128,0.019213355687575574,
1984-02-01,,53.3318,79.0178,,,6639.713,37.772,47.418,,,339250.0,2469500.0,8.38,13.2325,1987.0,1562.0,423.5808,2158.2,9.59,102.6,103.2,3.3,5.0622947,9.09,9.18,10.04,10.79,11.54,11.84,,,1.05,2.38,56.4816,,2.205,233.5963,1.4417,,55.28,2.6984,9.8549,8.3051,1.1421,1666.39,3.0465,1.3740415817,154.2,101.79,135.08,1.248,127.5,93.8,30.145,99.8,,104.7969,97.4,,,-0.17075,,,,,7.279292557111275,0.7861097131353799,0.4535147392290249,0.004280889722996469,0.8012820512820513,51.883436148102305,0.019273974012543812,
1984-03-01,,53.5929,79.2532,,,6679.057,38.087,47.598,,,345800.0,2424400.0,8.41,13.386000000000001,1725.0,1600.0,430.9463,2175.2,9.91,102.9,103.9,3.4,4.8302654,9.52,9.66,10.59,11.31,12.02,12.32,,,1.01,2.43,56.2779,,2.149,225.2664,1.4557,,53.14,2.5973,9.5175,8.0022,1.1789,1614.17,2.9326,1.316758346,149.68,102.4,131.7,1.2697,138.5,97.6,30.761,104.0,,108.6703,101.0,,,-0.1298,,,,,7.010989010989011,0.927536231884058,0.4653327128897161,0.00443918844532518,0.7875876191226273,51.69631935354676,0.01934373689471168,
1984-04-01,,53.91,79.4777,,,6721.247,38.348,47.822,,,369250.0,2422250.0,8.45,13.6525,1776.0,1683.0,437.8374,2191.7,10.29,103.3,104.0,3.9,5.4205543,9.69,9.84,10.9,11.69,12.37,12.63,,,0.94,2.56,57.013,,2.1913,225.2,1.421,,54.08,2.6474,9.7311,8.1411,1.1567,1638.48,2.9864,1.3340042985,150.26,104.89,134.45,1.2796,145.1,101.5,30.618,107.5,,103.3982,96.1,,,0.20700000000000002,,,,,6.559918754231551,0.9476351351351351,0.4563501118057774,0.004440497335701599,0.7814942169427945,52.371574904247694,0.019094327444388028,
1984-05-01,,54.2026,79.5758,,,6735.713,38.564,47.933,,,360250.0,2385000.0,8.45,13.942499999999999,1741.0,1732.0,446.3183,2204.1,10.32,103.5,104.1,4.2,5.4580169,9.83,10.31,11.66,12.47,13.17,13.41,,,0.94,3.19,58.3156,,2.268,230.4777,1.3894,,55.93,2.7484,10.0618,8.4435,1.1175,1696.32,3.0926,1.3869246081,154.03,108.37,139.85,1.2944,141.8,98.4,30.52,103.4,,105.5501,98.1,,,0.69825,,,,,6.6204024982650935,0.9948305571510626,0.4409171075837743,0.004338814557764157,0.7725587144622992,53.56813031214192,0.018667815997552874,
1984-06-01,,54.4014,79.7745,,,6785.832,38.824,48.046,,,361400.0,2360400.0,8.48,14.416,1814.0,1714.0,450.9723,2215.1,11.06,103.7,104.0,4.2,5.5883874,9.87,10.51,12.08,12.91,13.48,13.56,,,0.65,3.3,59.0032,,2.2832,233.5657,1.377,,55.84,2.7397,10.0501,8.4181,1.1167,1694.8,3.0882,1.3854149366,154.75,108.85,141.83,1.304,143.1,99.7,29.967,102.2,,102.7526,95.5,,,1.1252,,,,,6.531267293857222,0.9448732083792724,0.4379817799579538,0.004281450572579793,0.7668711656441718,54.19975283514826,0.018450268639444885,
1984-07-01,,54.5521,79.9006,,,6800.935,38.669,48.253,,,360500.0,2353000.0,8.51,14.6675,1605.0,1692.0,455.8009,2223.5,11.23,104.1,104.2,3.4,5.692377,10.12,10.52,12.03,12.88,13.27,13.36,,,0.48,2.83,60.7986,,2.4115,243.0676,1.32,,57.71,2.8492,10.4179,8.7438,1.0763,1751.18,3.2155,1.4296465782,161.37,112.4,152.17,1.3238,140.1,96.0,28.752,99.4,,103.9362,96.6,,,1.11375,,,,,6.527045769764216,1.0542056074766355,0.4146796599626788,0.004114081843898569,0.7554011179936546,55.84898942299816,0.01790542694382592,
1984-08-01,,54.6083,79.8447,,,6845.315,38.822,48.412,,,389500.0,2385750.0,8.51,14.469999999999999,1530.0,1685.0,458.7925,2230.4,11.64,104.4,103.8,3.0,5.224781,10.47,10.61,11.82,12.43,12.68,12.72,,,0.29,1.82,61.1534,,2.415,242.2609,1.3132,,58.28,2.8856,10.5174,8.8567,1.0684,1780.47,3.2539,1.4458439411,164.41,115.11,151.02,1.3035,131.3,94.5,29.25,98.8,,106.626,99.1,,,0.7405999999999999,,,,,6.125160462130937,1.1013071895424837,0.41407867494824013,0.0041277812474072376,0.7671653241273494,56.17490517512534,0.017801543178088127,
1984-09-01,,54.4466,79.3255,,,6897.723,39.103,48.486,,,395400.0,2434800.0,8.55,14.35,1523.0,1642.0,461.9148,2244.4,11.3,104.7,103.4,3.0,5.1047828,10.37,10.47,11.58,12.2,12.53,12.52,,,0.32,1.72,62.8506,,2.5049,245.4568,1.2563,,61.13,3.0314,10.9753,9.3041,1.0228,1870.79,3.4188,1.5099938275,170.19,120.39,158.45,1.3145,124.0,96.1,29.311,98.4,,108.5627,100.9,,,0.4105,,,,,6.157814871016692,1.0781352593565332,0.3992175336340772,0.004074036653292963,0.7607455306200076,57.73393621940453,0.01732083529173778,
1984-10-01,,54.4406,79.5661,,,6877.638,38.973,48.595,,,419250.0,2524000.0,8.55,14.129999999999999,1490.0,1633.0,466.3545,2258.9,9.99,105.1,103.4,3.5,5.4138126,9.74,9.87,10.9,11.6,12.06,12.16,,,0.56,2.04,63.849,,2.5245,246.7545,1.2196,,62.05,3.0678,11.0896,9.4108,1.0085,1898.98,3.4598,1.5384247358,172.15,126.06,163.36,1.319,112.4,95.1,28.765,96.0,,103.6134,96.3,,,0.18375,,,,,6.0202742993440665,1.095973154362416,0.39611804317686666,0.004052610995949415,0.7581501137225171,58.65105653204201,0.017049991238498558,
1984-11-01,,54.624,79.5357,,,6913.808,39.535,48.698,,,407000.0,2584250.0,8.57,13.638,1643.0,1611.0,470.9618,2281.4,9.43,105.3,103.7,3.4,4.9376646,8.61,8.81,9.82,10.65,11.33,11.57,,,0.92,2.65,63.7735,,2.47,243.6305,1.2392,,60.48,2.9985,10.8244,9.1981,1.0341,1863.05,3.3817,1.4966249297,168.09,123.62,163.1,1.3168,111.8,95.8,28.098,98.7,,102.9678,95.7,,,-0.0334,,,,,6.349508599508599,0.9805234327449787,0.4048582995951417,0.0041045763974543415,0.7594167679222358,58.581702982759026,0.01707017633636063,
1984-12-01,,54.6416,79.479,,,6960.651,39.596,48.891,,,385600.0,2547000.0,8.61,13.18,1626.0,1629.0,473.3524,2306.4,8.38,105.5,103.5,3.3,4.8509702,8.06,8.28,9.33,10.18,11.07,11.5,,,1.32,3.16,65.1475,,2.5602,247.964,1.1861,,62.38,3.1044,11.1258,9.5083,1.0037,1912.53,3.5035,1.5437866727,171.98,127.26,167.31,1.3201,108.3,93.4,25.429,97.1,,99.95517,92.9,,,-0.222,,,,,6.605290456431535,1.0018450184501846,0.39059448480587455,0.00403284347727896,0.7575183698204682,59.84384572070364,0.016710156039554773,
1985-01-01,,54.6322,79.103,,,6953.088,39.951,49.165,,,370750.0,2552250.0,8.61,13.075,1660.0,1646.0,472.9868,2332.4,8.35,105.7,103.4,2.9,4.8807597,7.76,8.0,9.02,9.93,10.93,11.38,,,1.45,3.36,66.5187,,2.659,254.1829,1.1271,,63.45,3.1706,11.3304,9.7036,0.9823,1948.76,3.5819,1.5713623484,175.13,129.38,172.56,1.324,111.4,94.9,25.641,96.7,,103.2906,96.0,,,-0.3595,174.54548387096773,270.46922797349083,122.6139604621083,,6.884018880647337,0.9915662650602409,0.37608123354644607,0.003934174958268239,0.755287009063444,61.103416406489416,0.016365697023346736,
1985-02-01,,54.7825,78.542,,,6958.565,40.1,49.42,,,391750.0,2623500.0,8.64,12.92,1662.0,1772.0,476.2564,2354.1,8.5,106.3,103.3,3.1,4.6573474,8.27,8.39,9.29,10.17,11.13,11.51,,,1.34,2.95,68.5337,,2.8045,260.4778,1.0931,,66.31,3.3025,11.8071,10.0933,0.9423,2042.0,3.7387,1.6392355955,182.35,134.73,183.24,1.3547,110.9,94.8,27.271,99.6,,100.8159,93.7,,,-0.37575000000000003,165.72285714285712,219.8356774033789,41.762223427057904,,6.696873005743459,1.0661853188929,0.3565697985380638,0.00383909876388698,0.7381708127260648,62.95437537079684,0.015884519449364247,
1985-03-01,,54.8653,78.9148,,,6988.108,40.06,49.593,,,380800.0,2564400.0,8.66,13.169999999999998,1727.0,1715.0,480.0977,2366.2,8.58,106.8,103.1,3.0,4.9883735,8.52,8.9,9.86,10.71,11.52,11.86,,,1.15,3.03,69.2367,,2.8033,257.9205,1.1253,,66.31,3.2982,11.7971,10.0776,0.9458,2078.5,3.729,1.650509793,183.13,140.62,183.98,1.384,112.6,92.4,28.238,98.2,,100.8159,93.7,,,-0.2954,132.25548387096774,119.034522104052,107.92572815952798,,6.734243697478991,0.9930515344528084,0.35672243427389144,0.0038771636996671453,0.7225433526011561,63.6001441806768,0.015723234795807638,
1985-04-01,,54.7459,78.3803,,,6975.177,40.169,49.652,,,398250.0,2578750.0,8.69,13.195,1664.0,1630.0,478.6879,2375.4,8.27,107.0,103.3,3.3,4.7725855,7.95,8.23,9.14,10.09,11.01,11.43,,,1.34,3.21,67.8008,,2.5948,251.8455,1.2377,,62.28,3.0946,11.1142,9.4427,1.0117,1975.89,3.4981,1.5407053562,172.85,134.86,174.56,1.3658,115.5,94.1,28.805,101.7,,101.7843,94.6,,,-0.304,110.64166666666667,122.04476013285317,194.7528674515738,,6.475204017576899,0.9795673076923077,0.38538615692924305,0.00397068837839072,0.732171621027969,62.281140718220705,0.016056224861460258,
1985-05-01,,54.8255,78.3157,,,6990.38,40.63,49.823,,,392750.0,2560750.0,8.7,12.913999999999998,1709.0,1665.0,480.7952,2389.5,7.97,107.2,103.5,3.2,4.7029389,7.48,7.65,8.46,9.39,10.34,10.85,,,1.46,3.12,68.3559,,2.615,251.7295,1.2483,,62.57,3.1093,11.2244,9.483,1.0071,1984.45,3.5097,1.5544931941,175.4,137.24,177.55,1.3756,113.7,89.0,27.623,101.9,,98.77163,91.8,,,-0.4202,125.66258064516128,107.57358028821929,124.39165880768948,,6.520050922978994,0.9742539496781744,0.3824091778202677,0.0039725181196482735,0.7269555103227683,62.79105005871057,0.01592583654939653,
1985-06-01,,54.7989,78.1342,,,7015.149,40.415,49.988,,,392400.0,2551800.0,8.74,12.215,1716.0,1791.0,482.3543,2412.6,7.53,107.5,103.3,3.4,4.716909,6.95,7.09,7.8,8.69,9.6,10.16,,,1.47,2.98,68.2042,,2.5721,248.84,1.2808,,61.72,3.0636,10.9963,9.3414,1.0219,1953.93,3.4535,1.5305962583,174.77,136.0,176.15,1.3676,113.5,88.9,27.143,99.1,,103.8286,96.5,,,-0.46099999999999997,147.67533333333333,156.64301589149864,153.1636136554804,,6.503058103975535,1.0437062937062938,0.3887873721861514,0.0040186465198521135,0.7312079555425564,62.65169994710489,0.01596125884603726,
1985-07-01,,54.5396,77.6564,,,7025.338,40.71,50.134,,,378250.0,2542500.0,8.74,12.032499999999999,1697.0,1693.0,486.9483,2429.5,7.88,107.7,103.2,2.8,4.407939,7.08,7.2,7.86,8.77,9.7,10.31,,,1.54,2.99,67.0258,,2.406,241.1364,1.3807,,58.63,2.9084,10.4563,8.8513,1.0779,1900.33,3.2733,1.4561687064,167.97,131.75,169.77,1.3526,111.0,83.9,27.329,98.5,,101.1387,94.0,,,-0.3715,125.21064516129033,173.4075841492203,59.127151547654734,,6.721744877726372,0.9976428992339422,0.4156275976724854,0.004147030477356384,0.739316871211001,61.56923342425632,0.016241878360077677,
1985-08-01,,54.7055,77.8356,,,7025.068,41.12,50.38,,,404400.0,2562600.0,8.76,12.186,1808.0,1685.0,489.7272,2444.0,7.9,107.9,102.7,2.8,4.4287764,7.14,7.32,8.05,8.94,9.81,10.33,,,1.39,2.96,67.0263,,2.2962,237.4609,1.3841,,56.54,2.7937,10.1459,8.5323,1.1143,1873.51,3.1429,1.4005513152,164.49,131.75,167.34,1.3575,100.3,77.4,27.755,99.2,,99.4172,92.4,,,-0.21200000000000002,134.6122580645161,111.33082240954488,109.6642632517361,,6.336795252225519,0.9319690265486725,0.43550213396045645,0.004211219615524071,0.7366482504604052,61.56969271928469,0.016241757199590225,
1985-09-01,,54.8906,77.6841,,,7057.327,41.685,50.484,,,408500.0,2580500.0,8.8,12.1925,1916.0,1806.0,494.239,2456.4,7.92,108.1,102.1,2.9,4.4613628,7.1,7.27,8.07,8.98,9.81,10.37,,,1.39,3.04,67.7718,,2.3359,236.5275,1.3642,,57.4,2.8381,10.2906,8.66,1.0955,1903.43,3.1921,1.4243416568,168.91,136.75,172.56,1.3703,96.0,78.2,28.289,99.2,,99.09441,92.1,,,-0.13425,97.92466666666665,113.58992027707504,279.7238592692929,,6.317013463892289,0.94258872651357,0.42810051800162674,0.004227838200632062,0.7297672042618404,62.25450160657559,0.016063095425927813,
1985-10-01,,54.7199,77.4161,,,7091.229,41.037,50.565,,,405750.0,2631750.0,8.79,12.135,1743.0,1565.0,493.1745,2468.0,7.99,108.5,102.9,3.3,4.4118946,7.16,7.33,8.01,8.86,9.69,10.24,,,1.38,2.84,65.4388,,2.1692,214.6805,1.4215,,53.62,2.6446,9.588,8.0641,1.17,1785.43,2.9819,1.3287588715,161.71,145.74,164.59,1.3667,89.0,80.6,29.538,99.1,,95.11342,88.4,,,-0.22275,91.5316129032258,69.60723764287044,121.79354834019418,,6.486136783733826,0.897877223178428,0.46099944680066385,0.004658084921546205,0.7316894709885124,60.111431004228585,0.016635770988876544,
1985-11-01,,54.9124,77.8151,,,7102.139,41.146,50.689,,,393400.0,2625200.0,8.81,11.784,1692.0,1749.0,497.1682,2477.8,8.05,109.0,103.4,3.1,4.2730751,7.24,7.3,7.88,8.58,9.28,9.78,,,1.2,2.3,64.9168,,2.1306,204.0737,1.4396,,52.47,2.5954,9.3918,7.9095,1.1919,1753.72,2.923,1.2984885932,159.66,153.04,162.96,1.3765,97.2,88.1,30.813,99.2,,97.80328,90.9,,,-0.3282,121.125,70.2455792352138,93.41195781341841,,6.673106253177427,1.0336879432624113,0.4693513564254201,0.004900190470403585,0.726480203414457,59.631926994616435,0.01676954025132007,
1985-12-01,,55.4412,77.948,,,7145.546,41.601,50.827,,,385250.0,2643750.0,8.87,11.26,1794.0,1732.0,498.9813,2492.1,8.27,109.5,103.6,3.5,4.0037965,7.1,7.14,7.67,8.15,8.73,9.26,,,1.11,1.93,65.0381,,2.1042,202.7881,1.4447,,51.25,2.5122,9.1221,7.6849,1.2248,1713.5,2.8293,1.2830200372,156.05,150.19,160.8,1.3955,99.3,88.7,27.228,99.4,,101.0311,93.9,,,-0.29575,128.0867741935484,112.56385155713394,70.16551255419515,,6.862426995457495,0.9654403567447045,0.47523999619808,0.004931255828127982,0.7165890361877464,59.74335196849758,0.016738264041952246,
1986-01-01,,55.7481,78.7842,,,7140.925,41.643,51.101,,,366750.0,2604000.0,8.85,10.886,1847.0,1723.0,500.4754,2502.1,8.14,109.9,103.2,2.9,3.9759159,7.07,7.16,7.73,8.14,8.68,9.19,,,1.05,1.89,64.9783,,2.066,199.8905,1.4244,,49.84,2.4384,8.9468,7.4821,1.2475,1663.14,2.7489,1.2383273137,152.91,148.69,157.99,1.407,98.6,86.8,22.945,100.4,,102.8602,95.6,,,-0.257,154.18806451612903,119.54760034074782,116.32196701884982,,7.100204498977505,0.9328641039523552,0.48402710551790906,0.0050027389996022825,0.7107320540156361,59.68842028310523,0.016753668387552375,
1986-02-01,,55.3568,78.267,,,7176.182,41.54,51.233,,,369500.0,2568500.0,8.88,10.71,1767.0,1753.0,501.4284,2512.9,7.86,109.7,101.7,2.8,3.9713373,7.06,7.11,7.61,7.97,8.34,8.7,,,0.73,1.41,63.5747,,1.9547,184.8516,1.4297,,47.75,2.3317,8.6048,7.1575,1.2979,1588.21,2.6343,1.1838874167,147.31,143.48,152.63,1.4043,99.8,86.3,15.442,100.5,,103.183,95.9,,,-0.2905,156.1182142857143,190.2599354995266,42.167666781694024,,6.95128552097429,0.9920769666100736,0.5115874558755819,0.005409744898069587,0.7120985544399344,58.399087279481456,0.017123555291442893,
1986-03-01,,54.9625,77.9205,,,7243.924,41.682,51.389,,,381200.0,2593600.0,8.89,10.08,1780.0,1756.0,505.219,2533.1,7.48,109.1,100.3,2.3,3.4802235,6.56,6.57,7.03,7.21,7.46,7.78,,,0.57,1.02,62.9331,,1.915,178.6938,1.4674,,46.6,2.2752,8.4096,6.9964,1.3287,1548.43,2.5678,1.1492690859,143.05,141.43,149.4,1.4009,96.7,87.1,12.618,101.8,,102.3222,95.1,,,-0.32575,106.30451612903227,104.97753222087178,165.3136645027882,,6.803777544596013,0.9865168539325843,0.5221932114882506,0.005596165060007678,0.7138268256121065,57.80971989908461,0.01729812913374511,
1986-04-01,,55.0413,78.2571,,,7267.821,41.939,51.482,,,385750.0,2608750.0,8.88,9.9375,1858.0,1685.0,507.336,2557.8,6.99,108.7,99.6,2.4,3.0175747,6.06,6.08,6.44,6.7,7.05,7.3,,,0.6,1.06,62.7122,,1.9016,175.0918,1.4985,,46.39,2.2732,8.3928,7.2061,1.3371,1559.45,2.5629,1.1460861331,144.11,142.5,150.79,1.3879,98.1,87.2,12.847,101.0,,103.5058,96.2,,,-0.3925,114.61233333333332,120.61308508823251,111.90015853821247,,6.762799740764744,0.9068891280947255,0.5258729490954985,0.005711289734870508,0.7205130052597449,57.60680335555334,0.01735906076627665,
1986-05-01,,55.1226,78.2798,,,7275.711,42.191,51.57,,,386000.0,2671000.0,8.9,10.144,1797.0,1833.0,507.9494,2584.8,6.85,109.0,100.0,2.7,2.8514107,6.15,6.19,6.65,7.07,7.52,7.71,,,0.64,1.38,61.8118,,1.8538,167.0314,1.5211,,45.5,2.2277,8.2479,7.0967,1.3662,1528.5,2.5082,1.129435125,141.62,139.64,149.12,1.3757,103.2,89.8,15.444,100.1,,101.9995,94.8,,,-0.4716,129.12225806451613,148.36253216728718,127.87392568503171,,6.919689119170984,1.020033388981636,0.5394325169921244,0.005986898271821945,0.7269026677327907,56.77970486847522,0.01761192669663227,
1986-06-01,,54.9005,77.8771,,,7277.787,42.096,51.725,,,370500.0,2635000.0,8.92,10.6825,1790.0,1672.0,511.2815,2605.0,6.92,109.4,99.9,2.9,3.4637795,6.21,6.27,6.73,7.18,7.64,7.8,,,0.62,1.4,62.3251,,1.8406,167.5419,1.5085,,45.63,2.2337,8.2822,7.1208,1.3568,1533.1,2.5154,1.13368402,142.91,140.98,151.09,1.3899,102.8,72.4,13.469,99.9,,106.8412,99.3,,,-0.46125,153.033,162.7707631593223,151.89553640328566,,7.112010796221322,0.9340782122905028,0.5433010974682169,0.005968656198837425,0.7194762213108857,57.25121714459383,0.017466877559552965,
1986-07-01,,55.2592,78.2626,,,7312.343,42.373,51.819,,,362000.0,2608000.0,8.91,10.5075,1780.0,1722.0,512.8867,2626.6,6.56,109.5,99.4,2.8,3.5734378,5.83,5.86,6.27,6.67,7.06,7.3,,,0.63,1.3,61.4561,,1.7445,158.6059,1.5071,,44.3,2.1517,8.0635,6.9323,1.39,1478.31,2.4236,1.0995317291,137.58,138.4,148.67,1.3808,81.8,64.4,11.575,98.3,,105.1197,97.7,,,-0.47075,149.11967741935484,183.8203274707098,112.81969207866554,,7.204419889502763,0.9674157303370786,0.5732301519059902,0.006304935692808401,0.7242178447276941,56.452962385296985,0.017713862262442533,
1986-08-01,,55.1567,78.3482,,,7327.756,42.576,51.925,,,407400.0,2655600.0,8.94,10.2,1726.0,1763.0,514.9309,2646.5,6.17,109.6,99.3,3.0,3.388122,5.53,5.55,5.93,6.33,6.8,7.17,,,0.84,1.48,60.9089,,1.6616,154.1771,1.4861,,42.7,2.0621,7.7657,6.7215,1.3467,1420.33,2.3242,1.059608477,134.1,134.68,146.17,1.3885,69.0,64.3,15.092,98.0,,102.1071,94.9,,,-0.5646,142.63193548387096,132.9928987577534,54.13861081931941,,6.51840942562592,1.0214368482039398,0.601829561868079,0.006486047538836831,0.7202016564638098,55.95030990625529,0.017873001984716426,
1986-09-01,,55.2975,78.4495,,,7334.44,43.509,52.096,,,395500.0,2707000.0,8.94,10.0075,1686.0,1732.0,517.5387,2667.8,5.89,110.0,99.4,2.9,3.4035122,5.21,5.35,5.77,6.35,6.92,7.45,,,1.1,2.1,61.1942,,1.6537,154.7314,1.4698,,42.31,2.0415,7.7279,6.6835,1.3453,1410.23,2.305,1.0487606563,134.1,135.07,146.83,1.3873,60.4,65.7,14.913,98.4,,98.87923,91.9,,,-0.576,171.51533333333333,166.75523417176362,73.91655137690071,,6.844500632111251,1.0272835112692764,0.6047046018020197,0.006462812331562953,0.7208246233691343,56.21238364943986,0.017789674357813232,
1986-10-01,,55.5332,78.6211,,,7336.284,42.862,52.273,,,383250.0,2718750.0,8.96,9.974,1675.0,1782.0,517.528,2687.4,5.85,110.2,99.7,3.2,3.4713896,5.18,5.26,5.72,6.28,6.83,7.43,,,1.15,2.11,61.4934,,1.6433,156.4723,1.4264,,41.64,2.0055,7.5607,6.5628,1.3589,1387.67,2.2663,1.0312370631,133.43,135.44,147.24,1.3885,58.0,69.0,14.852,97.9,,102.8602,95.6,,,-0.5428000000000001,121.40903225806451,73.60328100870163,151.87810392782734,,7.0939334637964775,1.0638805970149254,0.6085316132173066,0.006390907528041705,0.7202016564638098,56.48722579441295,0.017703117579884905,
1986-11-01,,55.7557,78.7665,,,7347.933,42.72,52.384,,,363200.0,2630800.0,9.01,9.695,1644.0,1793.0,523.9441,2701.3,6.04,110.4,99.8,2.8,3.2203774,5.35,5.41,5.8,6.28,6.76,7.25,,,0.97,1.75,62.3702,,1.6858,162.8494,1.4238,,42.07,2.0243,7.6444,6.6206,1.3464,1401.08,2.287,1.0438672381,136.1,139.12,149.54,1.3863,65.4,70.4,15.207,98.2,,98.34126,91.4,,,-0.5555000000000001,92.62166666666667,58.412989521027924,52.96164773544478,,7.243392070484582,1.090632603406326,0.5931901767706727,0.006140642827053708,0.7213445863088797,57.29264555615227,0.017454247230037655,
1986-12-01,,56.2845,79.3729,,,7373.793,43.662,52.452,,,358250.0,2571250.0,9.01,9.31,1903.0,1840.0,539.3086,2728.0,6.91,110.8,99.7,3.0,3.6377004,5.53,5.55,5.87,6.27,6.67,7.11,,,0.84,1.43,62.4267,,1.6647,162.0523,1.4393,,41.38,1.988,7.5235,6.5296,1.3678,1379.44,2.247,1.0289465269,134.49,140.13,148.61,1.3801,68.6,72.1,16.076,98.3,,95.86658,89.1,,,-0.53225,90.29645161290323,79.13561045395129,70.15589579439259,,7.17725052337753,0.9668943772990016,0.6007088364269838,0.006170847312873684,0.7245851749873197,57.344545894357424,0.01743845006362493,
1987-01-01,,56.0882,78.9108,,,7361.633,42.566,52.578,,,345600.0,2512400.0,9.02,9.203999999999999,1690.0,1862.0,548.8817,2743.9,6.43,111.4,100.5,2.9,3.4766992,5.43,5.44,5.78,6.23,6.64,7.08,,,0.85,1.5,60.8462,,1.5616,154.8295,1.5054,,38.62,1.8596,7.0591,6.2008,1.439,1317.18,2.0978,0.9565120389,129.54,134.8,142.9,1.3606,62.0,72.0,18.656,98.7,,97.26531,90.4,,,-0.496,93.66483870967743,124.15943599900172,80.93437926912608,,7.269675925925926,1.1017751479289941,0.6403688524590163,0.006458717492467521,0.7349698662354843,55.89271430969843,0.01789141952310735,
1987-02-01,,56.8275,79.8877,,,7383.378,43.374,52.685,,,348750.0,2472000.0,9.05,9.0825,1689.0,1771.0,547.3783,2747.5,6.1,111.8,101.0,3.1,3.5699365,5.59,5.59,5.96,6.4,6.79,7.25,,,0.85,1.5,60.5291,,1.5403,153.4068,1.528,,37.79,1.8239,6.8939,6.0761,1.4593,1297.74,2.0592,0.9367202199,128.62,133.88,141.62,1.334,61.3,73.0,17.726,99.2,,97.05012,90.2,,,-0.4685,70.55785714285715,37.383917832366535,82.8546791004974,,7.088172043010752,1.0485494375370041,0.6492241771083556,0.0065186158631820755,0.7496251874062968,55.6014294027099,0.017985149136314507,
1987-03-01,,56.9098,79.7376,,,7400.008,43.426,52.841,,,333250.0,2429250.0,9.07,9.035,1704.0,1694.0,548.1938,2753.7,6.13,112.2,101.2,3.0,3.0945875,5.59,5.6,6.03,6.42,6.79,7.25,,,0.83,1.48,60.4773,,1.5391,151.4332,1.5923,,38.03,1.8355,6.9166,6.1091,1.4554,1305.9,2.0731,0.9422135404,128.86,134.68,141.48,1.3194,61.9,74.3,18.305,101.8,,97.69569,90.8,,,-0.298,69.17999999999999,58.1611342507737,118.98795139443563,,7.2895723930982745,0.994131455399061,0.6497303618998116,0.006603571739882668,0.757920266787934,55.55384643777138,0.018000553771198358,
1987-04-01,,57.2701,79.9812,,,7394.617,43.632,53.065,,,336250.0,2411000.0,9.08,9.8325,1601.0,1735.0,549.3757,2767.7,6.37,112.7,101.9,3.0,3.6402938,5.64,5.9,6.5,7.02,7.57,8.02,,,1.0,2.2,59.7043,,1.4959,142.8986,1.6313,,37.55,1.8118,6.8358,6.0318,1.4754,1292.69,2.044,0.93036423,126.96,133.46,140.3,1.3192,68.0,71.9,18.643,102.0,,99.84757,92.8,,,0.11975,77.08033333333333,93.71384914381267,136.77789313518045,,7.170260223048327,1.0836976889444097,0.6684938832809679,0.006997969189341254,0.7580351728320195,54.84377632392044,0.0182336094818446,
1987-05-01,,57.6322,80.3199,,,7439.064,43.658,53.214,,,331000.0,2324000.0,9.11,10.596,1500.0,1713.0,551.5846,2772.9,6.85,113.0,102.6,3.4,3.9085461,5.66,6.05,7.0,7.76,8.26,8.61,,,0.85,2.76,59.6325,,1.4705,140.479,1.6666,,37.09,1.7881,6.7333,5.9748,1.496,1290.8,2.0154,0.9182595891,125.28,133.35,139.18,1.3411,75.9,79.3,19.415,105.4,,98.01847,91.1,,,0.5456,59.87419354838709,98.87145938027076,74.70363820508055,,7.021148036253776,1.142,0.6800408024481469,0.007118501697762654,0.745656550592797,54.777821557847346,0.018255563502903527,
1987-06-01,,57.9307,80.4169,,,7432.017,43.841,53.36,,,322250.0,2279000.0,9.11,10.5375,1522.0,1635.0,554.5518,2774.6,6.73,113.5,103.0,3.3,3.9808006,5.67,5.99,6.8,7.57,8.02,8.4,,,0.83,2.55,60.5782,,1.5085,144.5495,1.6288,,37.71,1.8189,6.8555,6.0739,1.4725,1316.5,2.049,0.9349849653,126.33,136.06,142.12,1.3387,74.5,68.8,20.034,107.1,,98.44884,91.5,,,0.51975,87.205,137.08158943124693,172.86111253764955,,7.072148952676494,1.0742444152431012,0.6629101756711966,0.006918045375459618,0.7469933517591694,55.646532174495256,0.01797057176652483,
1987-07-01,,58.3258,80.8279,,,7457.261,44.054,53.498,,,319250.0,2196500.0,9.12,10.278,1516.0,1685.0,553.2904,2779.0,6.58,113.8,103.5,3.1,4.0066156,5.69,5.76,6.68,7.44,8.01,8.45,,,1.01,2.57,61.6028,,1.5365,150.2939,1.609,,38.33,1.8482,7.0179,6.153,1.4499,1337.96,2.0814,0.9488967499,126.97,139.31,144.51,1.3262,67.1,67.3,21.355,112.9,,100.8159,93.7,,,0.1892,68.67032258064516,59.49972744703929,73.2613129156141,,6.880187940485513,1.1114775725593669,0.6508298080052066,0.006653629987644209,0.7540340823405217,56.58771954661902,0.01767167873192281,
1987-08-01,,58.7636,81.0626,,,7496.646,44.391,53.679,,,325600.0,2211600.0,9.18,10.33,1511.0,1624.0,553.955,2788.2,6.73,114.3,103.8,3.2,4.126315,6.04,6.15,7.03,7.75,8.32,8.76,,,1.01,2.53,61.638,,1.5364,147.3343,1.5996,,38.53,1.8553,7.1279,6.1934,1.4418,1344.18,2.0903,0.9569260211,125.57,140.63,145.57,1.3256,59.4,66.0,20.274,114.8,,101.5691,94.4,,,0.006,56.67709677419355,24.436541412881596,29.541363060825084,,6.792383292383293,1.0747849106551952,0.6508721687060661,0.006787285784776525,0.7543753771876887,56.62005391661585,0.01766158685529859,
1987-09-01,,58.9951,81.4604,,,7503.262,44.182,53.892,,,309750.0,2196750.0,9.19,10.8875,1514.0,1587.0,561.1577,2799.5,7.22,114.7,103.7,3.0,4.2771388,6.4,6.64,7.67,8.34,8.94,9.42,,,1.08,2.8,60.9387,,1.5029,143.291,1.6446,,37.66,1.8134,6.9894,6.0555,1.4754,1310.86,2.0413,0.9332645842,121.34,138.4,142.94,1.3154,64.8,72.5,19.526,117.9,,100.7083,93.6,,,0.2935,63.75366666666667,64.6669565034891,71.66129501899823,,7.092009685230024,1.048216644649934,0.6653802648213455,0.0069788053680970895,0.7602250266078759,55.97768388994579,0.017864261800578197,
1987-10-01,,59.781,82.4562,,,7552.866,44.155,54.122,,,300000.0,2046800.0,9.22,11.26,1447.0,1577.0,563.0739,2814.8,7.29,115.0,104.1,3.3,4.3834831,6.13,6.69,7.59,8.4,9.08,9.52,,,1.12,3.17,61.0368,,1.494,143.32,1.662,,37.49,1.8006,6.9262,6.016,1.4872,1302.58,2.0267,0.9300345316,118.6,138.61,142.82,1.3097,68.3,75.5,19.848,122.2,,96.08177,89.3,,,0.8938,122.51645161290324,353.2999683564979,256.5083057065455,,6.822666666666667,1.0898410504492053,0.6693440428380187,0.006977393245883338,0.7635336336565626,56.06779757451083,0.017835549874614897,
1987-11-01,,60.0726,82.7578,,,7589.74,44.207,54.235,,,306750.0,2082250.0,9.27,10.65,1457.0,1578.0,562.6052,2818.9,6.69,115.4,104.2,3.2,3.9721739,5.69,6.19,6.96,7.69,8.35,8.86,,,1.17,2.97,59.4714,,1.3825,135.3974,1.7754,,35.19,1.6821,6.4962,5.7099,1.5808,1238.89,1.8931,0.8731330519,113.26,132.42,136.85,1.3167,73.1,72.6,18.92,131.3,,89.41092,83.1,,,1.1355,137.26233333333332,289.5949953223394,85.57797683355172,,6.788101059494703,1.0830473575840769,0.7233273056057866,0.007385666194476408,0.75947444368497,54.62983669970843,0.01830501536178557,
1987-12-01,,60.4095,83.1933,,,7675.619,44.545,54.349,,,318750.0,2115500.0,9.28,10.64,1345.0,1632.0,565.2319,2826.4,6.77,115.6,104.2,3.1,4.083687,5.77,6.36,7.17,7.86,8.45,8.99,,,1.13,3.03,58.6431,,1.3304,128.2418,1.8288,,34.19,1.6335,6.3043,5.5375,1.6263,1203.74,1.8382,0.8474934246,110.8,129.46,133.77,1.3075,75.7,79.9,17.241,149.0,,93.39191,86.8,,,0.95225,115.29774193548387,216.72407516527304,84.76405367845497,,6.636862745098039,1.2133828996282527,0.751653638003608,0.007797769526004781,0.7648183556405354,53.868968555720414,0.018563563157249437,
1988-01-01,,60.3976,82.9076,,,7669.267,44.927,54.606,,,335600.0,2188000.0,9.29,10.3825,1244.0,1554.0,567.18,2847.4,6.83,116.0,104.6,3.2,3.6629208,5.81,6.25,6.99,7.63,8.18,8.67,,,1.04,2.67,59.104,,1.3466,127.6853,1.8009,,34.58,1.6537,6.3562,5.5808,1.6064,1216.88,1.8584,0.8562415871,112.34,131.92,135.87,1.2855,73.3,80.4,17.16,155.4,,97.69569,90.8,,,0.5469999999999999,109.5316129032258,268.1961693381205,133.07646411671215,,6.519666269368296,1.2491961414790997,0.7426110203475419,0.007831755104150595,0.777907429015947,54.29234671286647,0.018418802290655362,
1988-02-01,,60.7003,83.1047,,,7703.832,44.969,54.718,,,318750.0,2141500.0,9.29,9.8925,1438.0,1450.0,568.4762,2870.4,6.58,116.2,104.8,3.1,3.7866556,5.66,5.93,6.64,7.18,7.71,8.21,,,1.03,2.37,59.7802,,1.3916,129.1665,1.7582,,35.47,1.6965,6.4918,5.7323,1.5687,1249.63,1.9051,0.8803442745,114.36,135.56,138.84,1.2682,80.8,84.2,16.765,142.3,,98.55644,91.6,,,0.2025,79.70793103448277,142.51895876059447,125.41795593349752,,6.71843137254902,1.0083449235048678,0.7185972980741593,0.007741945473478029,0.7885191610156127,54.91349730922611,0.018210459158498876,
1988-03-01,,60.8501,83.286,,,7724.295,45.359,54.952,,,305500.0,2112000.0,9.31,9.93,1525.0,1600.0,571.2544,2890.7,6.58,116.5,104.9,3.2,3.6808433,5.7,5.91,6.71,7.27,7.83,8.37,,,1.1,2.5,59.2901,,1.3863,127.1139,1.833,,35.08,1.677,6.4261,5.6893,1.5933,1240.67,1.8837,0.8701756821,112.38,134.6,137.48,1.2492,80.2,76.4,16.217,142.0,,101.7843,94.6,,,0.11775000000000001,74.65129032258065,46.637684378532484,99.22941664062118,,6.913256955810147,1.0491803278688525,0.7213445863088797,0.00786696026162363,0.8005123278898495,54.463296322423595,0.01836098928129476,
1988-04-01,,61.2031,83.9899,,,7744.299,45.173,55.219,,,312200.0,2081200.0,9.36,10.202,1429.0,1615.0,577.398,2910.7,6.87,117.2,105.8,3.3,3.9816855,5.91,6.21,7.01,7.59,8.19,8.72,,,1.13,2.64,59.0075,,1.3823,124.8976,1.8782,,34.96,1.671,6.4207,5.6704,1.5981,1240.99,1.8749,0.8680338821,110.79,133.86,136.77,1.2353,80.1,81.2,17.875,142.9,,98.12607,91.2,,,0.207,76.27133333333333,77.70900561291938,100.81634832439308,,6.666239590006406,1.1301609517144857,0.7234319612240468,0.008006558973110773,0.8095199546668825,54.20370277239219,0.018448924129761377,
1988-05-01,,61.0797,83.738,,,7751.91,45.466,55.407,,,313750.0,2067750.0,9.41,10.455,1444.0,1483.0,583.868,2926.0,7.09,117.5,106.5,3.3,4.0994026,6.26,6.56,7.4,8.0,8.58,9.09,,,1.09,2.64,59.4392,,1.4111,124.7871,1.8695,,35.38,1.6935,6.4938,5.7349,1.5778,1258.81,1.8983,0.8771390113,112.04,135.75,138.45,1.2373,81.3,80.1,17.438,142.5,,101.9995,94.8,,,0.25625,86.11580645161291,61.19577408357696,73.97964177689244,,6.590438247011952,1.0270083102493075,0.7086669973779322,0.008013648846715727,0.8082114281095935,54.60025809988178,0.0183149317384301,
1988-06-01,,61.2569,83.8874,,,7779.471,45.615,55.641,,,308250.0,2043000.0,9.41,10.46,1485.0,1512.0,588.9893,2938.4,7.51,118.0,107.2,3.7,3.9480755,6.46,6.71,7.49,8.03,8.49,8.92,,,0.89,2.26,60.5403,,1.4629,127.4655,1.7768,,36.79,1.7579,6.6893,5.931,1.5265,1305.56,1.9767,0.9101262026,116.26,140.69,143.55,1.2176,102.4,97.2,16.53,147.2,,101.8919,94.7,,,0.2775,76.77399999999999,64.50129921790092,75.68229212744583,,6.627737226277373,1.018181818181818,0.6835737234260715,0.007845260089985134,0.8212877792378449,55.611717611345256,0.017981821870504348,
1988-07-01,,61.2659,83.8048,,,7814.33,45.725,55.868,,,321600.0,2065200.0,9.45,10.432,1439.0,1527.0,593.791,2947.2,7.75,118.5,107.9,4.6,4.2701061,6.73,6.99,7.75,8.28,8.66,9.06,,,0.78,2.11,62.1886,,1.5343,133.0215,1.7051,,38.65,1.8466,7.0267,6.2241,1.4549,1367.26,2.0827,0.957659786,122.27,147.85,150.43,1.2075,115.5,97.7,15.498,146.0,,100.4931,93.4,,,0.3842,79.22806451612904,59.13433467959627,25.36655543151192,,6.4216417910447765,1.0611535788742181,0.6517630189663038,0.007517581744304492,0.8281573498964803,57.12582960185043,0.0175052162387784,
1988-08-01,,61.5731,83.9,,,7834.98,45.934,56.007,,,314750.0,2088000.0,9.46,10.5975,1460.0,1551.0,594.3887,2952.0,8.01,119.0,108.0,4.4,4.362807,7.06,7.39,8.17,8.63,8.94,9.26,,,0.63,1.96,63.0768,,1.5837,133.7661,1.6965,,39.56,1.888,7.228,6.3919,1.4217,1397.93,2.1319,0.9809072407,124.12,151.63,153.72,1.2237,113.4,98.3,15.524,141.7,,104.7969,97.4,,,0.42175,84.92225806451613,110.9630582081855,110.66827932491637,,6.63383637807784,1.0623287671232877,0.631432720843594,0.007475735631075437,0.8171937566396993,57.94172129023646,0.017258720965345333,
1988-09-01,,61.3807,84.1347,,,7850.303,45.806,56.307,,,304500.0,2075750.0,9.51,10.48,1436.0,1531.0,595.3106,2956.9,8.19,119.5,108.1,3.9,4.414214,7.24,7.43,8.09,8.46,8.69,8.98,,,0.52,1.5,63.3727,,1.5764,134.3176,1.684,,39.15,1.8668,7.1764,6.3515,1.436,1393.15,2.1063,0.9708625951,124.36,151.47,154.18,1.2267,112.8,105.1,14.467,147.7,,104.6893,97.3,,,0.3096,56.778666666666666,69.61300726792881,94.94437860057862,,6.816912972085386,1.0661559888579386,0.6343567622430855,0.007445040709482599,0.8151952392598028,58.21353208802235,0.017178136493898707,
1988-10-01,,61.6453,84.438,,,7894.044,46.181,56.521,,,291400.0,2015600.0,9.56,10.3025,1516.0,1529.0,599.0389,2965.3,8.3,119.9,108.2,3.9,4.3720582,7.35,7.5,8.11,8.35,8.51,8.8,,,0.45,1.2,62.344,,1.5372,128.6805,1.7388,,38.08,1.8165,7.0055,6.1976,1.473,1353.36,2.0486,0.9458253491,120.02,148.71,150.13,1.2055,114.4,108.1,13.798,161.3,,101.2463,94.1,,,0.20875,90.76225806451613,103.52812341052488,59.34085965594739,,6.916952642415923,1.0085751978891822,0.6505334374186834,0.007771185222314182,0.8295313148071339,57.268578496665995,0.017461582358958273,
1988-11-01,,61.7944,84.6678,,,7896.3,46.298,56.676,,,290500.0,1978250.0,9.58,10.265,1508.0,1407.0,601.1266,2980.2,8.35,120.3,108.3,3.7,4.2504516,7.76,7.86,8.48,8.67,8.79,8.96,,,0.29,0.93,61.3602,,1.4675,123.202,1.8085,,36.67,1.7491,6.7547,5.9747,1.527,1300.22,1.9729,0.9080166287,115.17,145.23,145.57,1.2186,104.2,107.4,13.977,180.8,,100.0628,93.0,,,0.16425,101.31833333333334,176.5998964859659,205.78850524475928,,6.809810671256455,0.9330238726790451,0.6814310051107325,0.0081167513514391,0.8206138191367143,56.36486959885674,0.017741547299175923,
1988-12-01,,62.0743,84.9862,,,7936.204,46.55,56.864,,,293200.0,2045200.0,9.6,10.612,1501.0,1547.0,604.8488,2988.2,8.76,120.7,109.0,3.9,4.4612583,8.07,8.22,8.99,9.09,9.09,9.11,,,0.02,0.76,61.5591,,1.4799,123.6076,1.8258,,36.82,1.7564,6.7891,5.9994,1.5229,1295.61,1.9824,0.9132967608,113.73,146.1,145.56,1.1962,106.4,108.4,16.266,192.2,,98.87923,91.9,,,0.1454,77.43935483870968,109.47032012582626,100.39494875909841,,6.975443383356071,1.0306462358427715,0.6757213325224677,0.008090117436144703,0.8359806052499582,56.54757716114,0.01768422362553862,
1989-01-01,,62.2574,85.5469,,,8007.589,46.633,57.152,,,289750.0,2061000.0,9.65,10.73,1466.0,1561.0,606.3592,2991.7,9.12,121.2,110.5,3.5,4.4802056,8.27,8.36,9.05,9.18,9.15,9.09,,,-0.09,0.53,62.9025,,1.5619,127.3625,1.7737,,38.44,1.8357,7.1143,6.2539,1.4582,1345.12,2.0724,0.9506443992,114.78,152.25,150.75,1.1913,113.0,114.0,17.983,195.5,,105.3349,97.9,,,0.162,87.73774193548387,94.23443870354441,104.42677803338472,,7.113028472821398,1.0648021828103684,0.6402458544080927,0.00785160467170478,0.8394191219675984,57.781611043348725,0.017306544105351845,
1989-02-01,,61.9819,84.5959,,,8030.962,46.535,57.297,,,303750.0,2113750.0,9.68,10.645,1383.0,1597.0,617.125,2992.2,9.36,121.6,110.8,4.1,4.4007674,8.53,8.55,9.25,9.37,9.27,9.17,,,-0.2,0.33,63.2856,,1.574,127.7374,1.7534,,38.79,1.8505,7.2094,6.3004,1.441,1355.28,2.0895,0.9625308937,115.67,154.72,152.1,1.1891,108.7,111.1,17.826,186.0,,102.645,95.4,,,0.311,65.21214285714287,60.87680535387029,43.75861844506312,,6.958847736625515,1.1547360809833696,0.6353240152477764,0.007828560781728765,0.8409721638213775,58.13352289408132,0.017201778770950967,
1989-03-01,,62.1369,84.3714,,,8072.817,46.505,57.468,,,322000.0,2131500.0,9.7,11.032,1214.0,1442.0,616.3839,2999.7,9.85,122.2,111.5,3.7,4.5305051,8.82,8.85,9.57,9.68,9.51,9.36,,,-0.32,0.22,64.3096,,1.611,130.5504,1.7134,,39.14,1.8686,7.2913,6.3321,1.4284,1372.5,2.1085,0.9688720101,116.4,157.34,154.05,1.1954,111.6,115.8,19.445,187.7,,101.4615,94.3,,,0.6162,62.263225806451615,47.02287394169892,66.3203408823374,,6.619565217391305,1.187808896210873,0.6207324643078833,0.007659876951736647,0.8365400702693659,59.074159112171046,0.01692787531856666,
1989-04-01,,62.1276,84.3464,,,8041.025,46.781,57.661,,,311800.0,2098800.0,9.75,11.05,1376.0,1542.0,619.1666,3006.0,9.84,123.1,112.3,4.3,4.7028561,8.65,8.65,9.36,9.45,9.3,9.18,,,-0.27,0.22,64.8369,,1.6469,132.0365,1.7008,,39.15,1.8697,7.2803,6.3223,1.4267,1371.8,2.1098,0.9700941252,116.15,159.23,154.54,1.1888,106.9,109.2,21.04,188.8,,98.44884,91.5,,,0.6835,73.025,67.46421328507807,68.2601360475956,,6.731237973059653,1.120639534883721,0.6072014087072682,0.007573663343090737,0.8411843876177657,59.558531649083854,0.016790205740664567,
1989-05-01,,61.7744,83.518,,,8006.298,46.726,57.833,,,324500.0,2093500.0,9.74,10.7725,1381.0,1449.0,624.3541,3011.6,9.81,123.7,113.2,4.6,4.852568,8.43,8.41,8.98,9.02,8.91,8.86,,,-0.16,0.12,66.43,,1.729,137.8636,1.6307,,40.72,1.9461,7.582,6.5815,1.3739,1415.83,2.1938,1.0132945297,121.39,165.41,160.71,1.1925,111.1,114.4,20.032,181.0,,97.5881,90.7,,,0.45475,77.93387096774192,78.5050295120631,113.88578472209421,,6.451463790446842,1.0492396813902969,0.578368999421631,0.007253546258765911,0.8385744234800839,61.02193746845763,0.016387549158315435,
1989-06-01,,61.7697,83.4391,,,8028.717,46.818,57.987,,,333000.0,2122750.0,9.77,10.196,1322.0,1346.0,624.2126,3027.9,9.53,124.1,112.9,3.8,4.3841384,8.15,7.93,8.44,8.41,8.29,8.28,,,-0.13,-0.15,68.0355,,1.7089,143.9809,1.553,,41.41,1.9789,7.7087,6.7135,1.3492,1434.4,2.2292,1.0281111257,126.55,170.42,164.92,1.1986,103.1,107.6,20.005,164.9,,97.4805,90.6,,,0.2812,86.27866666666667,119.27155612780761,48.95255362409982,,6.374624624624625,1.0181543116490166,0.585171747908011,0.006945365670029844,0.8343066911396628,62.49673380453483,0.01600083618973763,
1989-07-01,,61.1738,82.2513,,,8055.26,46.957,58.136,,,341600.0,2179400.0,9.83,9.8825,1283.0,1386.0,630.8649,3052.4,9.24,124.5,112.8,4.1,4.3266076,7.88,7.61,7.89,7.82,7.83,8.02,,,0.2,-0.13,67.3819,,1.6281,140.424,1.6268,,39.56,1.8901,7.3527,6.4105,1.4126,1367.39,2.1318,0.9826276218,118.73,163.84,158.31,1.1891,102.4,106.3,19.644,157.0,,98.98682,92.0,,,0.22525,99.28774193548388,103.3323756682477,90.93341300531016,,6.379976580796253,1.0802805923616523,0.6142128861863522,0.007121289808010026,0.8409721638213775,61.89634334345725,0.016156043248808573,
1989-08-01,,61.7732,82.8147,,,8072.841,47.408,58.217,,,334500.0,2207250.0,9.83,9.985,1334.0,1429.0,635.119,3074.4,8.99,124.5,112.0,3.5,4.127378,7.9,7.74,8.18,8.14,8.09,8.11,,,-0.03,-0.06,68.2819,,1.6605,141.4852,1.5947,,40.31,1.9268,7.4938,6.5085,1.3843,1384.24,2.1726,0.9987332641,120.64,166.26,161.15,1.1758,94.8,106.6,18.522,165.0,,96.40456,89.6,,,0.213,66.15838709677419,74.32218321719773,96.89508841935337,,6.598654708520179,1.0712143928035982,0.6022282445046673,0.0070678770641734966,0.8504847763225039,62.723074394512665,0.01594309605601037,
1989-09-01,,61.5796,82.423,,,8095.196,47.319,58.419,,,336000.0,2208800.0,9.87,10.126000000000001,1314.0,1338.0,637.0275,3092.5,9.02,124.8,112.4,3.4,4.0212728,7.75,7.74,8.22,8.28,8.17,8.19,,,-0.09,0.18,69.4326,,1.6866,145.07,1.5715,,40.84,1.9502,7.5872,6.5855,1.3671,1404.18,2.1992,1.0128433635,122.14,169.03,163.36,1.1828,94.7,106.4,19.594,178.1,,103.0754,95.8,,,0.329,50.693,51.415518776779095,58.604492450075895,,6.5738095238095235,1.0182648401826484,0.5929088106249258,0.006893223960846488,0.8454514710855596,63.780095972789866,0.015678872612964148,
1989-10-01,,61.4966,81.9997,,,8134.089,47.287,58.631,,,363250.0,2281000.0,9.92,9.9475,1365.0,1333.0,639.3536,3114.1,8.84,125.4,112.8,3.6,4.2239744,7.64,7.62,7.99,7.98,7.97,8.01,,,0.03,0.11,68.9528,,1.6302,142.2067,1.5874,,39.2,1.8662,7.2781,6.3339,1.425,1369.24,2.1072,0.9739736588,118.77,165.88,159.08,1.1749,91.8,106.2,20.091,182.9,,101.0311,93.9,,,0.348,81.41483870967743,95.28586003718779,63.3551522737471,,6.279421885753613,0.9765567765567765,0.613421666053245,0.007032017478782644,0.8511362669163333,63.33935646357165,0.015787972215586525,1.0924293728292243
1989-11-01,,61.7044,81.9613,,,8142.33,47.31,58.787,,,336750.0,2285000.0,9.93,9.7675,1344.0,1475.0,639.7143,3133.3,8.55,125.9,112.7,3.5,3.9988063,7.69,7.49,7.77,7.8,7.81,7.87,,,0.07,-0.07,69.3945,,1.6189,143.5343,1.5726,,38.4,1.83,7.1138,6.2225,1.4473,1343.83,2.0652,0.9506964569,116.58,164.97,157.65,1.1697,95.9,107.2,19.82,169.6,,97.80328,90.9,,,0.1735,82.95866666666667,67.41013119154023,73.17665613621689,,6.785449146250928,1.0974702380952381,0.6177033788374823,0.006966975837831096,0.8549200649739249,63.745097691628516,0.015687480860686286,1.1104814849822837
1989-12-01,,62.0428,81.7522,,,8149.087,47.702,58.954,,,355200.0,2285000.0,9.98,9.744,1422.0,1304.0,637.9449,3152.5,8.45,126.3,113.0,3.5,3.6603593,7.63,7.42,7.72,7.78,7.75,7.84,,,0.06,-0.04,69.6101,,1.5686,143.685,1.5965,,36.54,1.7378,6.761,5.9391,1.5165,1291.93,1.9619,0.9078926819,112.24,160.32,152.34,1.1613,94.2,109.3,21.088,158.7,,97.3729,90.5,,,0.0344,87.5841935483871,91.16194796533344,125.07481823406695,,6.432995495495495,0.9170182841068917,0.6375111564452378,0.0069596687197689385,0.8611039352449841,63.94314570785914,0.015638892784048498,1.160376734947682
1990-01-01,,61.729,81.5063,,,8170.022,47.94,59.181,,,361000.0,2354750.0,10.02,9.895,1748.0,1508.0,635.7875,3166.8,8.23,127.5,114.9,4.1,4.1516909,7.64,7.55,7.92,8.09,8.12,8.21,,,0.12,0.31,70.1345,,1.5175,144.9819,1.6512,,35.45,1.6914,6.562,5.7568,1.5631,1261.87,1.9073,0.8793279111,109.71,157.68,149.17,1.172,93.9,109.3,22.641,159.0,,100.0628,93.0,,,0.04975,106.65709677419355,128.50265551767703,88.08335520395981,23.347272727272728,6.522853185595568,0.8627002288329519,0.6589785831960461,0.0068974127115177825,0.8532423208191127,64.42485433360743,0.015521959814169838,1.1942899361062698
1990-02-01,,62.2896,82.3926,,,8195.397,47.698,59.468,,,358250.0,2354000.0,10.07,10.1975,1329.0,1352.0,636.5317,3179.2,8.24,128.0,114.4,4.1,4.4318376,7.74,7.7,8.11,8.37,8.42,8.47,,,0.1,0.47,71.1232,,1.4879,145.6932,1.6961,,35.0,1.6758,6.4729,5.6897,1.5828,1243.68,1.8892,0.8687949152,108.27,158.04,147.71,1.1965,96.9,103.2,22.108,153.5,,96.29696,89.5,0.369273992149523,,0.05875,105.74714285714286,75.27427801503346,55.61059863070726,23.262631578947367,6.57083042568039,1.017306245297216,0.6720881779689495,0.006863738321349247,0.8357709987463435,65.33306432269464,0.015306185472347907,1.2097658337720665
1990-03-01,,62.5999,82.6004,,,8203.337,47.859,59.754,,,345200.0,2363800.0,10.11,10.268,1246.0,1345.0,638.2437,3190.1,8.28,128.6,114.2,3.7,3.9925157,7.9,7.85,8.35,8.63,8.6,8.59,,,-0.04,0.42,72.9546,,1.5133,153.3082,1.6245,,35.4,1.7053,6.5349,5.7555,1.5626,1257.67,1.9204,0.8775430777,109.37,162.44,150.59,1.18,99.2,98.3,20.418,165.4,,98.23366,91.3,0.231464025891171,,0.05620000000000001,75.6525806451613,55.47670121229057,80.18742695100103,20.062272727272727,6.847624565469293,1.079454253611557,0.6608075067732769,0.006522808303795883,0.8474576271186441,67.01537015258677,0.014921949960480825,1.1895955766173893
1990-04-01,,62.4359,82.0368,,,8255.647,47.95,59.932,,,361750.0,2380250.0,10.12,10.370000000000001,1136.0,1332.0,640.9802,3201.6,8.26,128.9,114.1,3.6,4.1347922,7.77,7.84,8.4,8.72,8.77,8.79,,,0.07,0.75,73.3941,,1.4866,158.4586,1.6372,,34.87,1.6863,6.4305,5.6638,1.5897,1238.38,1.8984,0.8654508316,107.0,163.77,149.29,1.1641,108.8,100.8,18.582,172.0,,101.0311,93.9,0.40649755642883,,0.105,79.10866666666668,49.948172434317385,56.70054933484222,21.4035,6.5798203178991015,1.1725352112676057,0.6726759047490919,0.006310796637102689,0.8590327291469806,67.41909048251883,0.014832594044846855,1.2053868196732092
1990-05-01,,62.6258,82.1004,,,8246.75,47.916,60.115,,,355250.0,2390000.0,10.16,10.4775,1067.0,1351.0,639.811,3200.6,8.18,129.1,114.6,3.4,4.2465017,7.74,7.76,8.32,8.64,8.74,8.76,,,0.12,0.75,72.962,,1.4198,154.0441,1.6774,,34.32,1.663,6.3349,5.5989,1.6121,1221.93,1.8704,0.8508399872,103.98,163.82,147.08,1.1747,113.5,96.3,18.237,170.2,,97.4805,90.6,0.128556205306778,,0.04775,78.45645161290322,58.80464702171323,265.8728806359306,18.097727272727273,6.7276565798733285,1.2661668228678538,0.704324552753909,0.006491647521716185,0.8512811781731505,67.02216771900656,0.014920436536647767,1.2245295880819898
1990-06-01,,62.8382,82.171,,,8260.44,48.068,60.349,,,362400.0,2423800.0,10.2,10.164,1108.0,1263.0,641.3645,3213.7,8.29,129.9,114.3,3.8,4.1908762,7.73,7.63,8.1,8.35,8.43,8.48,,,0.13,0.49,73.2249,,1.425,153.6957,1.7103,,34.6,1.6832,6.408,5.6613,1.5928,1235.6,1.8946,0.85812062,103.91,164.78,147.9,1.173,116.4,96.1,16.871,166.0,,95.00583,88.3,-0.0023189027583064,,-0.11299999999999999,84.32333333333332,58.901574540201196,269.2483730647223,16.82238095238095,6.688189845474613,1.1398916967509025,0.7017543859649122,0.006506362897595704,0.8525149190110827,67.26366504492042,0.01486686756263094,1.2158678005307408
1990-07-01,,62.7284,81.8082,,,8288.531,48.166,60.501,,,367000.0,2471750.0,10.22,10.035,1078.0,1295.0,639.7963,3224.5,8.15,130.5,114.5,3.4,4.0715514,7.62,7.52,7.94,8.16,8.33,8.47,,,0.31,0.6,72.0906,,1.3924,149.0395,1.8098,,33.72,1.6375,6.2339,5.4924,1.6375,1199.65,1.8452,0.8370347968,100.41,160.59,143.93,1.157,112.6,82.8,18.638,167.5,,94.89823,88.2,-0.0503362497007111,,-0.119,88.51516129032258,77.43656602327341,120.67320614695603,18.392857142857142,6.735013623978202,1.2012987012987013,0.7181844297615627,0.006709630668379859,0.8643042350907519,66.22170834357355,0.015100788321735352,1.2544097799633582
1990-08-01,,62.9475,81.9327,,,8236.691,48.181,60.753,,,384250.0,2509250.0,10.24,10.1,1069.0,1307.0,640.2745,3242.0,8.13,131.6,116.5,4.6,4.1266926,7.45,7.38,7.78,8.06,8.44,8.75,,,0.69,1.06,71.0147,,1.3076,147.4609,1.9013,,32.28,1.5702,6.0033,5.268,1.7086,1157.07,1.7692,0.8010530517,96.9,154.82,138.71,1.1448,100.2,74.6,27.174,178.4,,82.2021,76.4,0.455551344931304,,0.0746,142.3709677419355,197.20085882549245,30.49255580396004,28.175217391304347,6.530253741054001,1.2226379794200186,0.7647598654022636,0.0067814586781987625,0.8735150244584207,65.23339730153964,0.015329571068903964,1.3083573239760746
1990-09-01,,62.9523,81.6281,,,8233.907,48.158,60.965,,,394000.0,2595400.0,10.27,10.175,976.0,1312.0,639.3691,3254.6,8.2,132.5,118.4,4.7,4.7322385,7.36,7.32,7.76,8.08,8.51,8.89,,,0.81,1.29,70.5077,,1.3069,138.4405,1.8794,,32.28,1.5701,5.9961,5.2575,1.7091,1172.87,1.7699,0.7998408524,98.49,154.93,139.18,1.1583,94.9,73.7,33.687,181.6,,78.3287,72.8,0.874156236551555,,0.30874999999999997,135.28066666666666,162.943818346405,99.18508684736946,29.10736842105263,6.587309644670051,1.3442622950819672,0.7651694850409366,0.007223319765531041,0.86333419666753,64.76767214277841,0.01543980147681593,1.3047144179868992
1990-10-01,,62.5845,80.9966,,,8167.115,47.889,61.172,,,425250.0,2720750.0,10.3,10.1775,925.0,1282.0,637.518,3259.3,8.11,133.4,120.8,4.8,5.0042957,7.17,7.16,7.55,7.88,8.33,8.72,,,0.84,1.32,69.3448,,1.2818,129.5909,1.9456,,31.37,1.5238,5.8117,5.1032,1.7604,1141.62,1.718,0.7780683641,95.59,153.17,134.41,1.16,90.8,72.5,35.922,178.2,,68.7528,63.9,1.13325631962309,,0.4365,136.89193548387095,170.25585242831673,62.890207143727984,29.625652173913043,6.398001175778954,1.385945945945946,0.7801529099703541,0.007716591211265606,0.8620689655172414,63.699443765809136,0.015698724209845503,1.3441180210912598
1990-11-01,,61.7887,79.8882,,,8168.212,47.845,61.246,,,446750.0,2888250.0,10.32,10.014,941.0,1248.0,639.1886,3262.6,7.81,133.7,120.1,4.7,4.9594235,7.06,7.03,7.31,7.6,8.02,8.39,,,0.79,1.1,69.4716,,1.2569,129.2155,1.9642,,30.65,1.4857,5.6946,5.002,1.8018,1117.04,1.6761,0.759463955,94.07,152.27,130.87,1.1635,89.9,71.8,32.3,170.6,,71.01228,66.0,1.0675661440108,,0.4572,151.21366666666665,178.20240153567752,122.8208522712212,24.885714285714286,6.465025181869054,1.3262486716259299,0.7956082425013924,0.007739009638936506,0.8594757198109153,63.815920985002265,0.015670070799965664,1.3730837843613635
1990-12-01,,61.3352,79.1292,,,8210.825,47.67,61.331,,,455000.0,2968200.0,10.34,9.6725,861.0,1173.0,642.0284,3271.8,7.31,134.2,118.7,4.7,4.8876822,6.74,6.7,7.05,7.31,7.73,8.08,,,0.77,1.13,70.6934,,1.2814,133.889,1.9219,,31.01,1.4982,5.7735,5.0895,1.7777,1129.26,1.6904,0.7666107254,95.75,156.08,132.82,1.1603,93.4,71.7,27.337,163.0,,70.47431,65.5,1.20334246165934,,0.5015000000000001,128.84,145.6718953349073,138.3665816185187,23.363,6.523516483516484,1.362369337979094,0.7803964413922272,0.0074688734698145475,0.8618460742911315,64.93825431631284,0.015399243643492811,1.3557221533012123
1991-01-01,,61.1355,78.5469,,,8157.383,47.241,61.637,,,439750.0,3088000.0,10.37,9.6375,786.0,1149.0,636.1319,3287.7,6.91,134.7,119.0,3.9,4.0730006,6.22,6.28,6.64,7.13,7.7,8.09,,,0.96,1.68,71.0738,,1.2714,133.6986,1.9346,,31.09,1.5091,5.8115,5.1253,1.7691,1134.38,1.7015,0.7709810882,95.08,159.7,134.43,1.156,93.7,67.9,24.959,163.1,,71.87304,66.8,1.40984543572288,,0.46,136.98806451612904,343.66884001468867,97.83042065375145,27.429090909090913,7.022171688459352,1.4618320610687023,0.7865345288658172,0.007479509882676408,0.8650519031141869,65.28768597389228,0.015316824070007434,1.349924542954476
1991-02-01,,60.6838,77.8987,,,8164.096,47.533,61.807,,,484000.0,3262750.0,10.39,9.365,853.0,1090.0,635.9164,3304.5,6.25,134.8,117.2,3.4,3.7918137,5.94,5.93,6.27,6.87,7.47,7.85,,,0.98,1.73,70.7005,,1.2685,130.5358,1.9641,,30.48,1.4805,5.6953,5.0398,1.7981,1111.19,1.6689,0.7554406431,92.61,158.82,130.45,1.1549,95.3,70.8,20.523,159.7,,75.74644,70.4,1.0597506268277,,0.2115,127.83142857142857,172.3233033205998,128.99398694047517,21.59842105263158,6.741219008264463,1.2778429073856976,0.7883326763894364,0.007660733683786364,0.8658758334054896,64.94477630571562,0.015397697195732625,1.3757667707171068
1991-03-01,,60.3346,77.2211,,,8176.58,48.092,61.936,,,498600.0,3419000.0,10.41,9.5,911.0,1176.0,635.219,3321.9,6.12,134.8,116.2,3.3,3.7886339,5.91,5.92,6.4,7.1,7.77,8.11,,,1.01,2.02,73.3824,,1.3918,137.3867,1.8214,,33.21,1.6122,6.1886,5.4862,1.6554,1201.96,1.8174,0.8194814563,100.21,174.16,140.97,1.1572,101.9,76.1,19.86,160.2,,94.36026,87.7,0.480053764168857,,-0.063,98.57870967741935,176.38297344261554,148.2803399468962,17.74421052631579,6.857200160449258,1.2908891328210756,0.7184940364994971,0.007278724942079547,0.8641548565502938,67.40834297885512,0.014834958935479002,1.266568936125782
1991-04-01,,60.4938,77.4894,,,8208.244,47.933,62.06,,,467250.0,3483250.0,10.46,9.4925,916.0,1093.0,631.3454,3332.4,5.91,135.1,116.0,3.2,3.7570386,5.65,5.71,6.24,6.95,7.7,8.04,,,1.09,2.21,74.5544,,1.4399,137.1127,1.7497,,35.02,1.7027,6.5163,5.754,1.5712,1261.57,1.9186,0.8676521261,105.08,184.76,148.0,1.1535,102.0,76.4,20.823,159.4,,88.01219,81.8,0.465047899073489,,-0.21,93.15766666666667,117.59365273946483,78.18750623468489,17.37272727272727,7.454788657035848,1.193231441048035,0.6944926731022988,0.007293270426444815,0.8669267446900737,68.48493052534062,0.014601752419533851,1.2036721281380889
1991-05-01,,61.0633,77.9033,,,8209.444,48.055,62.307,,,447000.0,3486750.0,10.5,9.472,991.0,1070.0,627.7868,3343.0,5.78,135.6,116.5,3.1,3.6422551,5.46,5.61,6.13,6.78,7.7,8.07,,,1.29,2.44,75.0827,,1.4574,138.2218,1.7238,,35.36,1.7199,6.5793,5.8282,1.5568,1275.67,1.9379,0.8752822888,106.45,188.14,149.59,1.1499,98.4,78.8,21.24,155.1,,84.24639,78.3,0.127886382498916,,-0.2434,74.89548387096775,52.78300004637789,103.22113604197257,16.93227272727273,7.800335570469799,1.0797174571140262,0.6861534239055853,0.0072347487878178405,0.8696408383337683,68.97022165231016,0.014499010965067777,1.1903085606719856
1991-06-01,,61.5581,78.5531,,,8252.295,48.063,62.442,,,428600.0,3426800.0,10.51,9.615,964.0,1093.0,626.1112,3351.9,5.9,136.0,116.4,3.3,3.5765848,5.57,5.75,6.36,6.96,7.94,8.28,,,1.32,2.53,76.2585,,1.5297,139.7475,1.6497,,36.69,1.7828,6.8634,6.0483,1.5005,1325.09,2.0085,0.910683963,111.18,195.03,156.37,1.1439,95.3,77.7,20.195,149.7,,88.33498,82.1,0.412915745524731,,-0.2485,85.93333333333334,48.23958313543717,87.47533142449466,17.134999999999998,7.995333644423705,1.133817427385892,0.6537229522128521,0.007155763072684664,0.874202290410001,70.05029984101122,0.014275456383050998,1.1456437655769895
1991-07-01,,61.7305,78.9063,,,8233.054,48.297,62.632,,,418250.0,3307500.0,10.54,9.575,973.0,1076.0,623.1573,3356.1,5.82,136.2,116.1,3.1,3.8492682,5.58,5.7,6.31,6.92,7.91,8.27,,,1.35,2.52,76.408,,1.5481,137.83,1.6513,,36.75,1.7852,6.903,6.0596,1.4985,1329.55,2.0114,0.9128257631,111.81,195.46,154.2,1.1493,90.2,70.9,21.42,149.2,,89.19573,82.9,0.215195083202932,,-0.356,110.86967741935484,96.67242758728634,94.95476986179811,17.294090909090908,7.907949790794979,1.1058581706063721,0.6459531038046638,0.00725531451788435,0.8700948403375968,70.1876290544921,0.014247525005063533,1.143704396148704
1991-08-01,,61.7298,78.909,,,8248.575,48.224,62.804,,,431600.0,3291800.0,10.56,9.244,944.0,1050.0,618.3468,3355.0,5.66,136.6,116.2,3.2,3.7712021,5.33,5.39,5.78,6.43,7.43,7.9,,,1.47,2.4,75.8928,,1.5201,136.8164,1.6841,,35.89,1.7435,6.7396,5.9244,1.5338,1303.31,1.965,0.8911053324,108.92,192.69,149.72,1.1452,100.4,77.7,21.688,149.9,,88.22739,82.0,0.0966246058544225,,-0.504,106.93903225806451,82.48524316499366,48.596018489183066,15.681363636363637,7.626969416126043,1.1122881355932204,0.6578514571409776,0.0073090652874947745,0.8732099196646874,69.7143714572657,0.014344244652811526,1.1701050616849737
1991-09-01,,62.2195,79.584,,,8273.586,48.247,63.055,,,424500.0,3296250.0,10.58,9.0075,974.0,1216.0,620.4959,3354.9,5.45,137.0,116.1,3.0,3.5858551,5.22,5.25,5.57,6.18,7.14,7.65,,,1.47,2.28,75.1196,,1.4803,134.2995,1.7265,,34.88,1.6933,6.5367,5.7621,1.5787,1266.25,1.9084,0.8669605031,106.28,188.07,145.64,1.137,97.4,80.8,21.857,152.2,,89.30333,83.0,0.0440549778164527,,-0.556,121.00066666666666,96.21957091239824,56.242613237479695,16.9565,7.765017667844523,1.2484599589322383,0.6755387421468622,0.0074460441029192215,0.8795074758135444,69.00411762540342,0.014491888809137621,1.2033016727554036
1991-10-01,,62.1855,79.4507,,,8284.054,48.053,63.194,,,422750.0,3311000.0,10.59,8.855,991.0,1076.0,620.9588,3360.1,5.21,137.2,116.4,3.2,3.5977558,4.99,5.04,5.33,5.91,6.87,7.53,,,1.62,2.39,75.1015,,1.4781,130.7723,1.7231,,34.79,1.6893,6.5246,5.7583,1.5821,1263.2,1.9039,0.8628429917,106.54,188.5,145.41,1.1279,97.1,87.0,23.228,154.5,,84.24639,78.3,-0.129836258454931,,-0.57275,114.07516129032258,111.79308335107447,84.76311655213317,16.36391304347826,7.832052040212892,1.0857719475277496,0.676544212164265,0.007646879346772979,0.8866034222892101,68.98749114537664,0.014495381458251761,1.2052292595560277
1991-11-01,,62.0871,79.1399,,,8296.928,48.28,63.312,,,445400.0,3310600.0,10.61,8.712,984.0,1013.0,618.4141,3365.5,4.81,137.8,116.4,2.9,3.4862803,4.56,4.61,4.89,5.56,6.62,7.42,,,1.86,2.73,74.4726,,1.4348,129.6321,1.7796,,33.39,1.6208,6.2947,5.5391,1.6475,1221.04,1.8269,0.8285023017,102.56,183.68,141.43,1.1302,97.5,90.5,22.465,154.8,,74.34771,69.1,0.0366166181262325,,-0.6102000000000001,172.65333333333334,201.03409782382982,116.52993821008393,17.773500000000002,7.432869330938482,1.0294715447154472,0.6969612489545581,0.007714138704842396,0.8847991505928153,68.40978985870025,0.01461779084639041,1.2527775840344713
1991-12-01,,61.7852,78.7793,,,8365.723,48.363,63.468,,,456750.0,3349250.0,10.64,8.497499999999999,1061.0,1002.0,618.8362,3372.2,4.43,138.2,115.9,2.7,3.5525591,4.07,4.1,4.38,5.03,6.19,7.09,,,2.06,2.91,74.126,,1.3855,128.0395,1.8272,,32.2,1.563,6.0831,5.3406,1.7046,1182.21,1.7618,0.8003713445,99.7,179.52,138.9,1.1467,95.5,98.3,19.517,151.0,,73.37936,68.2,0.0842731328312172,,-0.65325,190.53709677419354,160.08875723315123,207.16960765648722,18.347619047619048,7.332785987958402,0.944392082940622,0.7217610970768675,0.0078100898550837825,0.8720676724513822,68.09140654503824,0.014686141038055397,1.2961670630983655
1992-01-01,,61.4616,78.1764,-6952.0,1.56,8405.155,49.068,63.641,142419.0,,439000.0,3353250.0,10.64,8.431999999999999,1077.0,1061.0,613.5738,3381.2,4.03,138.3,115.6,2.7,3.2724393,3.8,3.87,4.15,4.96,6.24,7.03,,,2.07,3.12,74.4082,,1.4039,125.4614,1.809,,32.5,1.5788,6.1257,5.3858,1.6873,1189.76,1.778,0.8036162707,100.05,182.42,136.92,1.1571,100.8,104.8,18.82,146.3,1.4405,72.6262,67.5,0.12006199807843,,-0.6634,165.44774193548386,160.12804509523266,134.77017466574182,17.68318181818182,7.638382687927107,0.9851439182915506,0.7123014459719353,0.00797057899879963,0.8642295393656555,68.35063265904694,0.01463044248600147,1.2856666808349604
1992-02-01,33857.0,61.8955,78.6896,-5593.0,1.56,8444.994,49.123,63.814,142584.0,,442200.0,3314600.0,10.66,8.7625,1146.0,1098.0,609.6743,3400.0,4.06,138.6,116.0,2.6,3.3409544,3.84,3.93,4.29,5.21,6.58,7.34,,,2.13,3.39,75.6435,,1.4561,127.6989,1.7778,,33.31,1.6186,6.2763,5.5088,1.6487,1215.92,1.8218,0.8261869762,101.73,187.13,139.47,1.1825,102.2,112.7,18.995,148.5,1.18,74.02493,68.8,0.0234773796445606,,-0.6555,169.71172413793104,160.02041025812014,99.3037472492115,17.47736842105263,7.495703301673451,0.9581151832460733,0.686766018817389,0.007830921018113704,0.8456659619450316,69.48536695612336,0.014391519305517254,1.256209114231151
1992-03-01,35258.0,62.4232,79.3214,-7355.0,1.53,8457.388,49.213,63.973,142120.0,,429500.0,3312000.0,10.68,8.935,1082.0,1128.0,607.3438,3403.9,3.98,139.1,116.1,2.6,3.5870624,4.04,4.18,4.63,5.69,6.95,7.54,,,1.85,3.4,77.3368,,1.5094,132.8627,1.7238,,34.19,1.6616,6.4462,5.64,1.605,1248.28,1.8706,0.8472951098,104.88,192.26,143.26,1.1928,108.9,105.2,18.916,151.9,1.26,81.77172,76.0,-0.135508331931888,,-0.6697500000000001,125.65903225806451,95.02530671547996,164.2729699204039,17.520454545454545,7.711292200232829,1.0425138632162663,0.6625149065853981,0.007526566899513558,0.8383635144198524,71.04081549918129,0.014076414987262139,1.223477041198069
1992-04-01,35992.0,62.897,79.5506,-8284.0,1.53,8487.783,49.254,64.183,143659.0,,418250.0,3343750.0,10.72,8.8525,1054.0,1083.0,604.4206,3399.7,3.73,139.4,116.3,3.0,3.3684803,3.75,3.87,4.3,5.34,6.78,7.48,,,2.14,3.64,77.4242,,1.5194,133.5395,1.7566,,33.93,1.6493,6.3906,5.5773,1.6165,1241.55,1.8568,0.8406837895,103.9,192.83,141.09,1.1874,102.9,99.7,20.243,150.7,1.3905,83.06285,77.2,-0.363002347636296,,-0.73025,98.94900000000001,71.47795214005595,97.65488685614771,16.562857142857144,7.994620442319187,1.0275142314990513,0.6581545346847439,0.007488421028983934,0.8421761832575375,71.12110027013935,0.014060524882231841,1.2349425047519045
1992-05-01,36811.0,63.104,79.8097,-8720.0,1.52,8531.932,49.509,64.273,144239.0,,417400.0,3344800.0,10.74,8.672,1056.0,1187.0,602.2525,3398.6,3.82,139.7,117.2,2.9,3.4097229,3.63,3.75,4.19,5.23,6.69,7.39,,,2.16,3.67,77.0866,,1.4907,130.771,1.8095,,33.39,1.6225,6.2678,5.4548,1.6462,1220.95,1.8268,0.8273743862,101.47,192.09,135.23,1.1991,104.6,99.8,20.94,151.9,1.5533,85.21474,79.2,-0.513950709595107,,-0.8240000000000001,96.91354838709678,48.040744349222095,117.33825727930413,15.077000000000002,8.013416387158601,1.1240530303030303,0.6708257865432348,0.007646955364721537,0.8339588024351596,70.8109842669879,0.014122102811472997,1.2590936860907755
1992-06-01,36666.0,63.1363,79.8526,-7538.0,1.52,8566.719,49.643,64.323,145273.0,,418750.0,3289750.0,10.77,8.51,1057.0,1189.0,600.7283,3393.4,3.76,140.1,118.0,3.1,3.5547337,3.66,3.77,4.17,5.05,6.48,7.26,,,2.21,3.51,76.2443,,1.425,126.8355,1.8551,,32.36,1.5726,6.0573,5.294,1.698,1189.52,1.7719,0.8031130469,99.02,190.69,130.79,1.196,107.0,105.0,22.375,157.1,1.5915,86.50587,80.4,-0.448218232181706,,-0.8955,123.27033333333334,86.18208484212752,167.7134397018038,15.203181818181816,7.856119402985074,1.1248817407757805,0.7017543859649122,0.007884227996105192,0.8361204013377926,70.03725586220568,0.014278115093021964,1.2964817150358183
1992-07-01,36629.0,63.7176,80.3764,-7433.0,1.51,8559.118,49.808,64.566,146743.0,,442750.0,3217750.0,10.78,8.128,1089.0,1251.0,599.2521,3393.9,3.25,140.5,117.9,2.7,3.2800719,3.21,3.28,3.6,4.36,5.84,6.84,,,2.48,3.56,75.3025,,1.3347,125.8817,1.9177,,30.72,1.4914,5.7409,5.0321,1.7876,1129.83,1.6819,0.7611074891,94.88,182.89,126.24,1.1924,96.4,91.0,21.759,162.8,1.6832,82.41729,76.6,-0.3792548766045,,-0.9349999999999999,138.96612903225807,173.24167995736397,116.55891793262343,13.601818181818182,7.26764539808018,1.1487603305785123,0.749232037161909,0.00794396643833059,0.8386447500838645,69.17212774677901,0.01445668989192782,1.3623459779014258
1992-08-01,36131.0,63.3613,79.7617,-9317.0,1.53,8591.676,49.932,64.625,146070.0,,407200.0,3250200.0,10.81,7.975,1075.0,1140.0,597.2831,3398.8,3.3,140.8,117.7,2.8,3.113691,3.13,3.21,3.47,4.19,5.6,6.59,,,2.4,3.39,75.1183,,1.2966,126.231,1.9434,,29.82,1.4475,5.5851,4.9119,1.8326,1100.0,1.6322,0.7413082333,93.05,179.12,124.98,1.1907,88.3,84.2,21.35,166.2,1.914,81.87932,76.1,-0.339951692135033,,-0.91725,153.65806451612903,141.73310912115227,286.8104685420959,14.421904761904763,7.981827111984283,1.0604651162790697,0.7712478790683326,0.007921984298627121,0.8398421096833795,69.00292345832968,0.014492139606286277,1.39773593582433
1992-09-01,37629.0,63.5703,79.6862,-8451.0,1.51,8558.368,50.257,64.73,147932.0,,417000.0,3204250.0,10.83,7.922499999999999,1114.0,1123.0,598.3956,3410.3,3.22,141.1,118.0,3.0,3.0056291,2.91,2.96,3.18,3.89,5.38,6.42,,,2.53,3.45,75.8731,,1.278,122.5967,1.8465,,29.92,1.4514,5.6203,4.9378,1.819,1176.21,1.6348,0.7395432314,98.19,182.7,127.86,1.2225,89.0,91.9,21.902,159.8,2.088,81.34135,75.6,-0.436729320615271,,-0.84375,162.564,195.9262273514487,284.9667035591361,13.696666666666667,7.684052757793765,1.0080789946140036,0.7824726134585289,0.008156826407236084,0.8179959100204499,69.69627523314816,0.014347969050782089,1.3757246588139542
1992-10-01,36668.0,63.9995,79.9437,-8354.0,1.51,8515.933,50.426,64.979,149346.0,,377800.0,3062400.0,10.85,8.088,1132.0,1139.0,596.8324,3423.8,3.1,141.7,118.1,2.8,2.9535204,2.86,3.04,3.3,4.08,5.6,6.59,,,2.51,3.66,77.5271,,1.3176,121.1652,1.6529,,30.58,1.4851,5.7278,5.037,1.7719,1309.64,1.6717,0.7571064876,105.74,192.5,132.33,1.2453,83.8,94.4,21.688,152.8,2.4164,78.86668,73.3,0.0016489216097039,,-0.7212,192.95419354838708,195.24848234489198,422.2296526760986,17.63681818181818,8.105876124933827,1.006183745583039,0.7589556769884638,0.008253194811711613,0.8030193527664016,71.21562318697669,0.014041862659468681,1.3211907748072396
1992-11-01,37573.0,64.2422,80.0445,-8714.0,1.51,8534.33,50.512,65.121,149131.0,,362250.0,2949000.0,10.86,8.305,1118.0,1224.0,596.8948,3426.5,3.09,142.1,117.8,2.9,3.0830561,3.13,3.34,3.68,4.58,6.04,6.87,,,2.29,3.66,80.1583,,1.4291,123.88,1.5268,,32.66,1.5875,6.1166,5.3706,1.6617,1364.45,1.7862,0.8087625403,113.83,206.48,141.71,1.2674,82.0,95.8,20.342,146.7,2.278,91.778,85.3,-0.206350426543621,,-0.703,153.50933333333333,117.03259601445356,312.5880100170526,14.4245,8.140786749482402,1.0948121645796065,0.699741095794556,0.008072328059412335,0.7890168849613381,73.63261734424005,0.013580937851562403,1.2373776693839105
1992-12-01,38374.0,64.3507,79.8526,-10185.0,1.51,8845.712,50.845,65.242,150578.0,,339000.0,2823750.0,10.9,8.206,1176.0,1199.0,596.9202,3424.7,2.92,142.3,117.6,2.8,3.0122331,3.22,3.36,3.71,4.67,6.08,6.77,,,2.1,3.48,80.8499,,1.4219,124.0409,1.551,,32.54,1.5822,6.1206,5.3974,1.6671,1412.38,1.7788,0.806514146,112.95,209.48,142.05,1.2725,85.6,97.1,19.407,147.4,2.21275,97.91087,91.0,-0.324758808749182,,-0.82625,103.44870967741934,57.60823272450618,132.08090480212618,12.191363636363635,8.329646017699115,1.0195578231292517,0.703284337857796,0.008061857016516327,0.7858546168958743,74.26791422747331,0.013464764836900163,1.2375032067661553
1993-01-01,37041.0,64.5978,80.4309,-9001.0,1.5,8602.353,50.772,65.432,152329.0,,345600.0,2713000.0,10.93,7.9925,1177.0,1135.0,595.4533,3419.1,3.02,142.8,118.0,2.9,3.0462732,3.0,3.14,3.5,4.39,5.83,6.6,,,2.21,3.53,82.0023,,1.4774,124.9932,1.5325,,33.25,1.6144,6.2319,5.4751,1.6337,1491.07,1.8155,0.8247268833,114.62,215.97,145.36,1.2779,85.7,99.6,19.075,150.8,1.9464,96.08177,89.3,-0.266884052796763,,-0.9401999999999999,114.87677419354839,55.15993944549376,196.4764440099381,12.409,7.8501157407407405,0.9643160577740016,0.6768647624204683,0.008000435223676168,0.7825338445887784,75.32649740884695,0.013275540937106575,1.2117207540888777
1993-02-01,36962.0,64.9089,80.513,-9167.0,1.5,8642.143,50.866,65.557,151742.0,,338250.0,2641000.0,10.95,7.6825,1148.0,1236.0,593.4074,3414.5,3.03,143.1,118.4,3.2,2.9146659,2.93,3.07,3.39,4.1,5.43,6.26,,,2.16,3.27,82.5443,,1.5178,120.7595,1.4395,,33.84,1.6414,6.3019,5.5594,1.4811,1550.43,1.8473,0.8397864149,117.51,220.6,149.89,1.2602,84.1,96.5,20.053,150.0,1.7355,93.17673,86.6,-0.33284716576243,,-0.9582499999999999,115.29928571428572,101.617309376428,117.20442754939874,13.72157894736842,7.807834441980783,1.0766550522648084,0.6588483331137172,0.008280921997855241,0.7935248373274083,75.82437321959367,0.013188371463406854,1.1830562321092257
1993-03-01,36895.0,64.8522,80.2329,-12064.0,1.52,8619.726,50.728,65.7,150525.0,,351000.0,2687500.0,10.99,7.495,1056.0,1105.0,591.3007,3411.7,3.07,143.3,118.7,3.1,2.9762001,2.95,3.05,3.33,3.95,5.19,5.98,,,2.03,2.97,82.4072,,1.5206,117.0174,1.4617,,33.92,1.6466,6.3242,5.5944,1.4758,1591.35,1.8507,0.8405201798,117.71,223.57,152.17,1.2471,86.7,94.8,20.347,145.5,2.168,92.42356,85.9,-0.221044252286711,,-0.9672499999999999,138.47129032258064,82.28641240702166,135.24284030804972,13.60608695652174,7.656695156695156,1.0464015151515151,0.6576351440220966,0.008545737642436083,0.8018603159329644,75.69843452281621,0.01321031281959458,1.1792138017689313
1993-04-01,37729.0,65.0301,80.4777,-11674.0,1.51,8684.645,51.07,65.891,154720.0,,354750.0,2775500.0,10.99,7.4719999999999995,1104.0,1216.0,585.5795,3411.3,2.96,143.8,119.3,3.0,2.9080126,2.87,2.97,3.24,3.84,5.13,5.97,,,2.13,3.04,81.5063,,1.4599,112.4114,1.5447,,32.86,1.5964,6.1339,5.3984,1.5275,1536.14,1.7942,0.8143029606,115.64,217.9,148.25,1.2621,92.7,96.7,20.27,140.5,2.3321,92.10078,85.6,-0.132625518403428,,-0.9911999999999999,116.83366666666667,55.47373622112871,127.18705168201228,12.840952380952379,7.823819591261452,1.1014492753623188,0.6849784231796698,0.008895894900339289,0.7923302432453847,74.87087674070973,0.013356328168336614,1.220018842090998
1993-05-01,37869.0,64.784,80.2625,-9682.0,1.49,8682.682,51.248,66.114,155537.0,,343600.0,2778400.0,11.01,7.465,1112.0,1111.0,588.0061,3436.9,3.0,144.2,119.7,2.9,2.8227684,2.96,3.07,3.36,3.98,5.2,6.04,,,2.06,3.01,81.8694,,1.4504,110.343,1.5477,,33.04,1.6071,6.1751,5.418,1.5165,1475.66,1.8026,0.8180932526,121.3,218.12,151.89,1.2698,90.8,91.8,19.94,130.5,2.135,86.39828,80.3,-0.396979220185796,,-0.98625,156.0567741935484,105.57290766122864,260.9016410148317,13.606,8.086146682188591,0.9991007194244604,0.689464975179261,0.009062650100142284,0.7875255945818239,75.20441679030776,0.013297091350210146,1.2161530339216033
1993-06-01,38381.0,64.9301,80.052,-12187.0,1.5,8671.95,51.434,66.177,155353.0,,342750.0,2812000.0,11.03,7.4175,1130.0,1193.0,589.9095,3442.4,3.04,144.3,119.5,3.5,2.8107258,3.07,3.2,3.54,4.16,5.22,5.96,,,1.8,2.82,82.7197,,1.4769,107.4118,1.5082,,34.01,1.6547,6.338,5.57,1.4747,1505.05,1.8559,0.8415811641,127.11,225.45,157.63,1.2789,84.5,89.0,19.07,131.9,1.974,87.68941,81.5,-0.431912586041912,,-1.0002499999999999,131.54466666666667,137.56091972124992,192.206231235848,12.524090909090908,8.204230488694384,1.0557522123893806,0.6770939129257227,0.00930996408215857,0.7819219641879741,75.9854939155438,0.013160406657505943,1.182036267198163
1993-07-01,38915.0,65.1052,80.1149,-11681.0,1.5,8699.937,51.687,66.314,158267.0,,350800.0,2782800.0,11.05,7.206,1174.0,1090.0,587.9277,3442.0,3.06,144.5,119.2,3.0,2.8204755,3.04,3.16,3.47,4.07,5.09,5.81,,,1.74,2.7,84.0634,,1.5147,107.6914,1.4955,,35.48,1.7157,6.6531,5.8464,1.4083,1586.02,1.9299,0.8776992506,134.93,234.77,167.87,1.282,92.0,91.9,17.866,134.2,2.0536,82.84766,77.0,-0.544108082169689,,-1.068,122.78516129032259,132.88900617097954,386.15421308970815,11.50047619047619,7.9327251995439,0.9284497444633731,0.6601967386281112,0.009285792551680078,0.7800312012480499,77.21980337476954,0.012950045924705575,1.136028423577546
1993-08-01,39309.0,65.0267,79.8052,-11020.0,1.5,8718.737,51.739,66.438,157425.0,,341000.0,2803250.0,11.07,7.1125,1230.0,1264.0,587.8156,3445.7,3.03,144.8,118.7,3.2,2.8309168,3.02,3.14,3.44,4.0,5.03,5.68,,,1.68,2.59,84.242,,1.4966,103.765,1.4914,,35.99,1.6944,6.8976,5.9298,1.3905,1603.75,1.9062,0.8904657671,138.51,237.64,173.27,1.308,93.8,97.4,18.009,134.6,2.32075,83.17045,77.3,-0.620226445608708,,-1.0955,148.23806451612904,145.95873079240062,608.1632227307626,11.928636363636365,8.220674486803519,1.0276422764227642,0.6681812107443539,0.009637160892401098,0.764525993883792,77.38386355890121,0.012922590757423785,1.131654840217463
1993-09-01,39307.0,65.3717,80.2402,-12080.0,1.49,8699.123,52.036,66.538,158535.0,,339000.0,2826000.0,11.09,6.915,1251.0,1172.0,585.4565,3452.2,3.09,145.0,118.7,3.0,2.6860327,2.95,3.06,3.36,3.85,4.73,5.36,,,1.51,2.35,84.4005,,1.4182,105.5748,1.5248,,34.85,1.6219,6.6336,5.6724,1.434,1569.1,1.8214,0.8632867211,130.54,232.56,166.28,1.3215,91.4,95.8,17.514,131.7,2.25175,83.81602,77.9,-0.563467126934709,,-1.068,129.69866666666667,40.26895825449243,427.1194886009582,12.931428571428572,8.336283185840708,0.9368505195843325,0.7051191651389085,0.009471957323149085,0.7567158531971245,77.52946008289263,0.012898322765705116,1.175701724760997
1993-10-01,40550.0,65.8509,80.752,-11775.0,1.48,8662.656,52.117,66.647,159773.0,,349800.0,2825000.0,11.13,6.8340000000000005,1287.0,1246.0,583.9072,3456.7,2.99,145.6,119.1,3.3,2.7698057,3.02,3.12,3.39,3.87,4.71,5.33,,,1.46,2.24,85.4585,,1.4432,107.02,1.5023,,35.67,1.6405,6.6379,5.7541,1.4319,1600.93,1.8438,0.8837825577,132.18,237.93,169.6,1.3263,94.7,102.8,18.145,124.6,2.0368,88.98055,82.7,-0.479376781685802,,-1.0012,81.79806451612905,56.890540776186086,354.2460407696068,11.875238095238094,8.076043453401944,0.9681429681429682,0.6929046563192904,0.009344047841524948,0.7539772298876574,78.50132836291112,0.012738637942239736,1.1582053283292726
1993-11-01,40301.0,66.1518,80.9708,-11447.0,1.49,8684.88,52.263,66.819,162004.0,,341000.0,2800750.0,11.15,7.155,1357.0,1235.0,584.0483,3470.1,3.02,146.0,119.0,2.8,2.8056918,3.1,3.26,3.58,4.16,5.06,5.72,,,1.56,2.54,86.6715,,1.4969,107.8765,1.4808,,36.23,1.7005,6.7667,5.9069,1.4031,1666.31,1.9084,0.8973894333,137.27,243.43,173.93,1.3174,103.2,108.7,16.699,121.5,2.2995,87.36663,81.2,-0.676768516885225,,-0.9415,100.99266666666668,57.20334820493421,1020.5858812333355,14.083809523809524,8.213343108504398,0.9100957995578481,0.6680472977486807,0.009269859515279047,0.7590708972218005,79.61557810172249,0.01256035594845935,1.1264526217577377
1993-12-01,43296.0,66.5436,81.3076,-10673.0,1.49,8986.914,52.447,66.849,163258.0,,323000.0,2762250.0,11.18,7.172,1461.0,1289.0,583.9928,3474.5,2.96,146.3,118.6,3.0,2.6618748,3.06,3.23,3.61,4.21,5.15,5.77,,,1.56,2.64,87.518,,1.4634,109.913,1.4913,,35.69,1.7105,6.7042,5.8477,1.4182,1687.17,1.9162,0.8856615906,140.42,245.51,174.58,1.3308,115.3,115.2,14.51,125.5,2.1176,94.89823,88.2,-0.806739185955089,-0.2926,-0.9756,87.74677419354839,38.656475531528955,488.9748047417782,11.356363636363637,8.551857585139318,0.8822724161533196,0.6833401667350006,0.009098104864756672,0.7514277126540427,80.39316458474296,0.01243886846805108,1.1281883362941185
1994-01-01,39801.0,66.7351,81.1677,-11043.0,1.48,8808.902,52.59,66.902,162369.0,,359200.0,2709600.0,11.2,7.0600000000000005,1390.0,1228.0,587.4178,3474.9,3.05,146.3,119.1,2.8,2.8546535,2.98,3.15,3.54,4.14,5.09,5.75,,,1.61,2.71,90.388,,1.4716,111.4415,1.4923,,36.21,1.7426,6.7697,5.9207,1.4303,1699.45,1.9516,0.8979620673,143.04,250.29,176.04,1.3173,119.3,113.1,15.0,128.8,2.384,101.4615,94.3,-0.956539309419266,-0.26032500000000003,-1.01725,93.80193548387098,63.959911059586126,199.74645955677994,11.29047619047619,7.543429844097996,0.883453237410072,0.679532481652623,0.00897331783940453,0.7591285204585136,83.02951804755304,0.012043909485627455,1.1133155062610813
1994-02-01,41736.0,66.774,81.0802,-14038.0,1.47,8817.405,53.012,67.047,165075.0,,348500.0,2792500.0,11.25,7.1525,1269.0,1353.0,587.9219,3475.7,3.25,146.7,119.3,2.8,2.8042649,3.25,3.43,3.87,4.47,5.4,5.97,,,1.5,2.64,90.4705,,1.4565,106.3011,1.4792,,35.77,1.7355,6.7668,5.8955,1.4191,1685.96,1.9464,0.8872976879,141.08,250.48,175.15,1.3424,117.6,110.5,14.78,134.1,2.739,100.278,93.2,-0.834351260464599,-0.34597500000000003,-0.962,79.95392857142858,65.79154811925308,185.5827827050897,13.64421052631579,8.012912482065998,1.066193853427896,0.6865774116031583,0.009407240376628274,0.7449344457687723,83.10530172723311,0.012032926651083993,1.1184367079976876
1994-03-01,41245.0,67.4552,81.933,-12390.0,1.46,8840.918,53.019,67.275,168330.0,,335750.0,2754500.0,11.25,7.675,1342.0,1257.0,594.7889,3480.1,3.34,147.1,119.7,3.0,3.2724485,3.5,3.78,4.32,5.0,5.94,6.48,,,1.48,2.89,90.9911,,1.4292,105.0974,1.4919,,34.86,1.6909,6.6296,5.7647,1.434,1666.63,1.9006,0.8640229649,138.78,246.71,174.0,1.3644,113.5,104.8,14.66,138.1,2.1275,98.44884,91.5,-0.592102838360717,-0.1977,-0.838,85.9474193548387,104.58888327483436,268.81275822961436,15.223478260869564,8.204020848845868,0.936661698956781,0.6996921354603974,0.009514983244114508,0.732922896511287,83.58351971076584,0.011964080998986652,1.1428524744125783
1994-04-01,42992.0,67.8541,82.4124,-13408.0,1.46,8923.036,53.243,67.376,168262.0,,344000.0,2736600.0,11.27,8.315999999999999,1392.0,1374.0,600.4038,3481.3,3.56,147.2,119.7,3.0,3.2195329,3.68,4.09,4.82,5.55,6.52,6.97,,,1.42,3.19,91.6541,,1.4383,103.4843,1.4823,,34.98,1.6984,6.6642,5.817,1.4342,1626.07,1.9074,0.866811767,138.14,249.08,173.54,1.383,109.0,104.0,16.38,136.8,2.0405,99.63239,92.6,-0.534428980884256,-0.09102,-0.7388,114.518,159.86950063783183,348.21278020650175,16.471052631578946,7.955232558139535,0.9870689655172413,0.6952652436904679,0.009663301582945432,0.7230657989877078,84.19254491837667,0.011877536199546932,1.1397860445077113
1994-05-01,42849.0,68.1663,82.6321,-13301.0,1.47,8941.155,53.147,67.526,167412.0,,359000.0,2752750.0,11.29,8.5975,1396.0,1430.0,604.7512,3490.8,4.01,147.5,119.9,3.1,3.2434833,4.14,4.6,5.31,5.97,6.78,7.18,,,1.21,2.91,91.7219,,1.4125,103.7533,1.5042,,34.11,1.6565,6.4857,5.6728,1.4712,1594.56,1.8597,0.84575817,136.62,245.41,171.15,1.3808,104.5,105.4,17.88,142.1,1.934,99.84757,92.8,-0.806301405520244,-0.19025,-0.721,111.18225806451613,160.76775767724556,277.56948420748984,13.897142857142857,7.667827298050139,1.024355300859599,0.7079646017699115,0.009638247650918091,0.7242178447276941,84.25482532422285,0.011868756432072324,1.1662734414411642
1994-06-01,44555.0,68.6265,82.6188,-14241.0,1.47,8929.074,53.465,67.676,169337.0,,340000.0,2720000.0,11.31,8.3975,1357.0,1336.0,608.7014,3479.5,4.25,147.9,120.5,2.7,3.4229273,4.14,4.55,5.27,5.93,6.7,7.1,,,1.17,2.85,92.0166,,1.3727,102.5264,1.5262,,33.51,1.6271,6.3786,5.5597,1.4954,1592.22,1.8242,0.8322851569,134.23,244.77,168.76,1.3836,111.4,100.6,19.07,157.1,1.962375,98.12607,91.2,-0.84859986770649,-0.071725,-0.7195,78.491,69.77451122841875,201.4422814361709,13.408636363636363,8.0,0.9845246868091379,0.7284912945290304,0.009753585417999658,0.7227522405319456,84.52553381394065,0.011830744567685554,1.1857177612427976
1994-07-01,44016.0,68.7178,82.6498,-14633.0,1.47,8944.497,53.43,67.818,169514.0,,342200.0,2659600.0,11.34,8.614,1335.0,1281.0,616.5733,3488.2,4.26,148.4,120.7,2.9,3.2848815,4.33,4.75,5.48,6.13,6.91,7.3,,,1.17,2.84,90.8465,,1.3239,98.445,1.5467,,32.32,1.5674,6.1581,5.3702,1.5279,1562.31,1.7585,0.8031155258,129.31,236.92,160.98,1.3826,93.7,93.0,19.65,161.4,1.8976,95.75899,89.0,-0.859431700571247,-0.10524,-0.7412,91.78709677419356,73.57048406420034,309.59932664133447,12.4845,7.772063120981882,0.9595505617977528,0.7553440592189742,0.010157956219208696,0.7232749891508752,83.45069158856293,0.011983124177452014,1.2251172621147701
1994-08-01,44406.0,69.1785,83.089,-13960.0,1.45,8957.46,53.782,67.894,172332.0,,336250.0,2647500.0,11.36,8.5125,1377.0,1348.0,622.3122,3485.7,4.47,149.0,121.2,3.1,3.2882372,4.48,4.88,5.56,6.18,6.88,7.24,,,1.06,2.63,90.84,,1.3184,99.9404,1.5422,,32.25,1.5646,6.1845,5.3602,1.5222,1582.15,1.757,0.8003589498,129.9,237.11,159.8,1.3783,89.0,91.4,18.38,161.2,1.631,98.66404,91.7,-1.00642539530576,-0.2722,-0.8007500000000001,89.13548387096773,100.50663926691313,224.77979515660542,11.889130434782608,7.87360594795539,0.9789397240377633,0.7584951456310679,0.01000596355427835,0.725531451788435,83.4447207531942,0.01198398162248893,1.2251874090709332
1994-09-01,44507.0,69.3961,83.1397,-13801.0,1.46,8996.696,53.862,67.997,174018.0,,330250.0,2629250.0,11.39,8.64,1412.0,1414.0,625.0522,3486.1,4.73,149.3,121.0,3.4,3.251555,4.62,5.04,5.76,6.39,7.08,7.46,,,1.07,2.71,90.0052,,1.2892,98.7743,1.5661,,31.9,1.5491,6.1038,5.2975,1.5461,1565.79,1.7372,0.7912736521,128.6,235.98,157.91,1.354,88.7,105.7,17.46,167.1,1.48,98.44884,91.5,-0.931218051130535,-0.26168,-0.7492,98.46666666666667,51.971550664100214,160.86254168722547,13.233333333333333,7.961392884178652,1.001416430594901,0.7756748371082842,0.010124090983180848,0.7385524372230428,82.67788177383746,0.012095133287708872,1.2391506014574625
1994-10-01,45959.0,69.9544,83.6095,-14788.0,1.45,9076.95,54.197,68.157,175309.0,,333400.0,2574000.0,11.42,8.925,1397.0,1378.0,631.6197,3484.3,4.76,149.4,120.9,3.0,3.4983836,4.95,5.39,6.11,6.73,7.4,7.74,,,1.01,2.64,89.5426,,1.2648,98.353,1.6064,,31.28,1.5195,5.9479,5.2025,1.5864,1548.29,1.7028,0.7761645418,126.34,233.06,155.26,1.3503,82.1,111.6,17.71,169.1,1.5195,99.73998,92.7,-0.91824065242177,-0.14825,-0.6315,81.09612903225806,61.6265346709493,216.2580728909767,15.245238095238093,7.720455908818236,0.9863994273443092,0.7906388361796332,0.010167458033816966,0.7405761682589054,82.25294201359496,0.012157619843369464,1.2633258453889111
1994-11-01,45942.0,70.4326,83.9976,-15643.0,1.45,9074.779,54.237,68.282,175761.0,,328000.0,2532250.0,11.45,9.17,1340.0,1365.0,638.4621,3487.2,5.29,149.8,121.5,3.2,3.5738487,5.29,5.72,6.54,7.15,7.72,7.96,,,0.81,2.51,89.9678,,1.2956,98.044,1.5892,,31.69,1.5396,6.0268,5.2867,1.5639,1583.81,1.7261,0.7860530145,128.34,237.38,157.27,1.3647,82.9,109.1,18.1,179.9,1.576625,98.55644,91.6,-0.759998851648918,-0.25075,-0.54325,118.82933333333334,126.36850167421746,627.2054709482861,16.383809523809525,7.720274390243903,1.0186567164179106,0.7718431614695893,0.010199502264289503,0.7327617791455997,82.64352650571581,0.01210016128644798,1.2455277513081129
1994-12-01,46186.0,71.1523,84.6166,-14586.0,1.44,9117.741,54.381,68.305,176168.0,,323200.0,2528800.0,11.48,9.198,1396.0,1386.0,643.9879,3486.4,5.45,150.1,121.9,3.0,3.9072213,5.6,6.21,7.14,7.59,7.78,7.81,,,0.22,2.05,92.0418,,1.3289,100.1824,1.5587,,32.33,1.5716,6.1614,5.4132,1.5336,1633.71,1.7601,0.8025081867,132.31,242.96,161.21,1.3893,89.5,108.8,17.16,187.1,1.6864,102.3222,95.1,-0.529497057039987,-0.15642,-0.43,89.83741935483872,86.43605695498385,362.9744642967612,14.177142857142858,7.824257425742574,0.9928366762177651,0.7525020693806909,0.009981793209186443,0.7197869430648528,84.54868228337021,0.011827505444123153,1.2183871523355616
1995-01-01,47317.0,71.2734,84.4175,-15562.0,1.45,9159.706,54.379,68.475,177136.0,,333500.0,2512500.0,11.48,9.1475,1282.0,1423.0,654.3104,3492.4,5.53,150.5,122.9,3.0,3.7001702,5.71,6.21,7.05,7.51,7.76,7.78,,,0.27,1.88,94.1002,,1.2863,99.766,1.5746,,31.54,1.5302,6.0311,5.2912,1.5567,1611.53,1.7159,0.7828874142,132.62,238.21,157.86,1.4132,90.3,105.8,17.99,192.3,1.485125,105.0121,97.6,-0.601164788283312,-0.2485,-0.4575,136.1058064516129,185.1980705480424,433.5823536670241,12.274285714285714,7.533733133433284,1.109984399375975,0.7774236181295188,0.010023454884429565,0.7076139258420606,86.43950805613964,0.01156878402582454,1.244991870021362
1995-02-01,46200.0,71.193,83.9078,-14487.0,1.46,9180.168,54.278,68.587,174560.0,,337750.0,2522500.0,11.53,8.8275,1254.0,1294.0,666.3843,3489.9,5.92,150.9,123.5,3.0,3.5637152,5.77,6.03,6.7,7.11,7.37,7.47,,,0.36,1.53,93.6275,,1.2715,98.2368,1.572,,30.91,1.5022,5.9302,5.2252,1.562,1620.58,1.6844,0.7662859848,130.52,236.17,155.36,1.4005,93.0,104.0,18.53,190.6,1.521125,102.3222,95.1,-0.898377526962171,-0.314875,-0.58525,134.41607142857143,166.74132037895808,207.1115153153379,11.47,7.468541820873427,1.0318979266347688,0.7864726700747149,0.010179484673767876,0.7140307033202428,86.0052905363242,0.011627191696743953,1.2625400777264353
1995-03-01,46095.0,71.3113,83.8217,-15547.0,1.48,9203.415,54.564,68.755,176376.0,,340250.0,2531250.0,11.55,8.462,1226.0,1413.0,673.4962,3491.1,5.98,151.2,123.9,3.2,3.474127,5.73,5.89,6.43,6.78,7.05,7.2,,,0.42,1.29,92.738,,1.1709,90.5196,1.6002,,29.04,1.4061,5.6281,4.9756,1.5976,1688.99,1.5774,0.7207256339,128.58,228.53,147.92,1.4077,96.6,101.1,18.55,189.9,1.5196,97.15771,90.3,-0.92197132236827,-0.26786000000000004,-0.6382,97.5209677419355,96.29856450878347,179.91477949323317,12.166521739130435,7.439382806759736,1.1525285481239804,0.8540438978563498,0.01104733118573215,0.7103786318107551,85.18820468086442,0.011738714341336826,1.3245012186814957
1995-04-01,46776.0,71.1882,83.2082,-15901.0,1.48,9214.181,54.475,68.915,176353.0,,350200.0,2519400.0,11.56,8.32,1259.0,1342.0,677.4348,3499.2,6.05,151.8,124.6,3.3,3.4644238,5.65,5.77,6.27,6.57,6.86,7.06,,,0.49,1.22,90.1878,,1.1384,83.6895,1.6073,,28.42,1.3812,5.4391,4.8503,1.628,1710.89,1.5474,0.7044762134,124.14,225.19,145.89,1.3762,100.3,103.2,19.87,193.3,1.62675,99.52479,92.5,-0.950962542182269,-0.315025,-0.65575,69.45033333333332,49.73308923025985,56.04629469499328,12.442631578947369,7.194174757281553,1.0659253375694997,0.8784258608573435,0.011948930272017398,0.7266385699752942,82.84561631819604,0.012070644705679643,1.3487595116836981
1995-05-01,48401.0,71.5378,83.1916,-15420.0,1.49,9221.249,54.869,69.032,179020.0,,370250.0,2573000.0,11.59,7.955,1271.0,1326.0,686.0514,3524.2,6.01,152.1,124.9,3.0,3.4662409,5.67,5.67,6.0,6.17,6.41,6.63,,,0.46,0.78,90.1369,,1.1693,85.1127,1.5874,,29.01,1.4096,5.5194,4.9869,1.6198,1652.78,1.5779,0.7186284547,123.22,228.46,148.4,1.3609,101.9,108.4,19.74,184.4,1.659,96.61974,89.8,-0.998956075045506,-0.28650000000000003,-0.702,64.40677419354839,39.371442832303714,114.52831435541452,12.265909090909092,6.949358541525996,1.043273013375295,0.8552125203112974,0.011749127920980065,0.7348078477478139,82.79886008430857,0.012077460957575581,1.3270887313492088
1995-06-01,47970.0,71.7749,83.2331,-16068.0,1.48,9255.248,55.308,69.092,181382.0,,366250.0,2606750.0,11.63,7.566,1305.0,1242.0,690.3815,3548.9,6.0,152.4,125.3,2.9,3.0571159,5.47,5.42,5.64,5.72,5.93,6.17,,,0.45,0.53,90.3097,,1.1588,84.6355,1.5948,,28.79,1.4012,5.4604,4.9172,1.6287,1639.75,1.5686,0.7131500078,121.71,226.56,147.63,1.3775,108.5,114.7,18.42,190.1,1.6287,99.73998,92.7,-0.895749619583999,-0.17368,-0.6914,93.43633333333334,120.16327847104172,122.91698332824504,11.896818181818183,7.11740614334471,0.9517241379310345,0.8629616845012081,0.011815372981786603,0.7259528130671506,82.95759244611122,0.01205435175387466,1.3378760366213565
1995-07-01,45962.0,71.4748,82.3071,-14448.0,1.49,9286.334,55.158,69.201,180019.0,,371400.0,2622800.0,11.67,7.6075,1354.0,1352.0,698.6658,3567.4,5.85,152.6,125.3,2.9,3.2567759,5.42,5.37,5.59,5.78,6.01,6.28,,,0.5,0.69,90.3452,,1.1556,87.397,1.5952,,28.56,1.3886,5.4073,4.8307,1.6396,1609.71,1.5557,0.7078153392,119.71,225.45,145.88,1.3612,112.9,124.6,17.3,195.9,1.4325,101.5691,94.4,-0.884437530261656,-0.272675,-0.6737500000000001,89.75612903225807,88.64650384032439,46.227979081686804,12.514,7.061927840603123,0.9985228951255539,0.8653513326410524,0.011442040344634254,0.7346459006758742,82.99020239312507,0.01204961514930394,1.3517577472252034
1995-08-01,47502.0,72.4223,82.8963,-13515.0,1.48,9299.788,55.428,69.367,181787.0,,356250.0,2607250.0,11.69,7.86,1386.0,1265.0,703.1401,3589.0,5.74,152.9,125.1,2.9,3.2675624,5.4,5.41,5.75,5.98,6.24,6.49,,,0.51,0.92,92.4834,,1.1962,94.7383,1.5668,,29.74,1.4456,5.606,4.9727,1.6025,1607.18,1.6195,0.7358000392,123.45,232.38,149.88,1.3552,109.9,121.6,18.03,195.6,1.5315,103.5058,96.2,-0.931600694830781,-0.270875,-0.7032499999999999,46.755806451612905,35.921198791209186,72.20698301075761,12.798260869565217,7.31859649122807,0.9126984126984127,0.8359806052499582,0.010555393119783657,0.7378984651711925,84.9543316524214,0.011771030158784113,1.3084067618147628
1995-09-01,49431.0,72.7144,83.25,-13187.0,1.47,9335.583,55.558,69.458,182074.0,,362000.0,2626800.0,11.73,7.636,1421.0,1279.0,706.2303,3602.1,5.8,153.1,125.2,2.8,3.2099157,5.28,5.3,5.62,5.81,6.0,6.2,,,0.39,0.77,93.8448,,1.1868,100.5455,1.559,,30.04,1.4601,5.6587,5.0352,1.5905,1613.41,1.6354,0.7459017003,125.41,235.65,152.11,1.3509,114.1,129.0,18.23,192.0,1.627,95.6514,88.9,-1.01043700552074,-0.28258,-0.707,53.65933333333333,32.48447844267121,22.152602946979922,12.057,7.256353591160221,0.900070372976777,0.8426019548365352,0.00994574595581105,0.7402472425790214,86.20490015565125,0.011600268641276815,1.2950966553328083
1995-10-01,50283.0,72.5866,82.7324,-12861.0,1.49,9349.228,55.342,69.627,181411.0,,371500.0,2663250.0,11.75,7.475,1400.0,1335.0,706.4451,3613.4,5.76,153.5,125.3,2.9,3.1309968,5.28,5.32,5.59,5.7,5.86,6.04,,,0.34,0.6,93.6617,,1.1453,100.839,1.5779,,29.1,1.4143,5.4912,4.9374,1.6132,1605.69,1.5846,0.7226269773,122.51,232.65,148.94,1.3458,120.9,133.2,17.44,186.9,1.761,97.05012,90.2,-0.701771754683038,-0.15455,-0.70375,80.6690322580645,42.06806602581002,129.49478430866915,14.357272727272727,7.168909825033647,0.9535714285714286,0.8731336767659129,0.009916798064241018,0.7430524595036408,86.0367063162643,0.011622946098425445,1.3283543504315158
1995-11-01,49798.0,72.7779,82.4035,-13597.0,1.48,9379.567,55.803,69.672,184327.0,,377000.0,2672000.0,11.78,7.3774999999999995,1430.0,1360.0,712.7022,3619.9,5.8,153.7,125.4,2.8,2.9833163,5.36,5.27,5.43,5.48,5.69,5.93,,,0.45,0.41,94.8835,,1.1437,101.94,1.5625,,29.15,1.4173,5.4923,4.8882,1.6054,1592.67,1.5877,0.7223542944,121.81,234.16,148.68,1.3534,126.1,136.1,17.99,191.5,1.989,94.89823,88.2,-0.834450646444678,-0.32645,-0.74125,91.449,93.9392426253172,80.07665671357562,12.46904761904762,7.087533156498674,0.951048951048951,0.8743551630672379,0.009809691975671964,0.7388798581350673,87.15903964757487,0.011473279238085596,1.329267120347848
1995-12-01,51221.0,73.0305,82.2529,-13577.0,1.45,9396.526,56.158,69.77,184841.0,,365000.0,2612600.0,11.81,7.2,1442.0,1200.0,715.1002,3629.5,5.6,153.9,125.7,2.7,2.7518619,5.14,5.13,5.31,5.32,5.51,5.71,,,0.39,0.42,95.567,,1.1631,101.8495,1.5405,,29.62,1.4406,5.5791,4.9565,1.5918,1593.88,1.6127,0.7339507535,122.53,238.06,151.03,1.3693,133.7,141.3,19.04,192.0,2.6724,97.91087,91.0,-0.820309162345313,-0.29244,-0.7494,113.51806451612903,176.51570213896582,38.75243571623328,11.7485,7.157808219178082,0.8321775312066574,0.8597713008339781,0.009818408534160697,0.7303001533630322,87.78689595134863,0.011391221766790782,1.3107106048201524
1996-01-01,47931.0,72.6125,81.2592,-15007.0,1.5,9428.309,55.905,69.849,184636.0,,374000.0,2648750.0,11.86,7.029999999999999,1387.0,1402.0,721.7298,3647.9,5.56,154.7,126.3,2.8,3.0038319,5.0,4.92,5.09,5.11,5.36,5.65,,,0.54,0.5,96.4501,,1.1818,105.7514,1.5288,,30.08,1.4635,5.6618,5.0117,1.5818,1584.87,1.6388,0.7450786938,123.38,240.91,151.9,1.3669,141.7,137.0,18.88,180.4,2.934125,96.08177,89.3,-0.832578128145393,-0.31255,-0.7705,115.49612903225807,138.47096025380472,44.639387558965296,13.473636363636365,7.082219251336898,1.010814708002884,0.8461668641056016,0.009456139587750139,0.7315824127587973,88.59810283044536,0.011286923399632498,1.2948707855248678
1996-02-01,49183.0,73.6752,82.0152,-13764.0,1.5,9506.777,56.334,69.94,187576.0,,377250.0,2692750.0,11.87,7.075,1420.0,1317.0,723.945,3661.8,5.22,155.0,126.2,2.8,2.9196834,4.83,4.77,4.94,5.03,5.38,5.81,,,0.78,0.85,96.6093,,1.1967,105.788,1.536,,30.17,1.4669,5.6749,5.044,1.581,1570.0,1.6424,0.7466825649,123.65,242.21,152.49,1.3752,148.1,142.6,19.07,171.4,3.83325,95.22102,88.5,-0.824185330028991,-0.3307,-0.8195,90.44379310344827,57.522703726971564,191.2329726780877,15.032999999999998,7.137839628893307,0.9274647887323944,0.8356313194618533,0.009452868000151247,0.7271669575334497,88.74434236747649,0.011268323966604607,1.2927211925270967
1996-03-01,49780.0,73.585,81.4024,-15122.0,1.46,9539.993,56.607,70.102,188237.0,,386400.0,2685000.0,11.89,7.624,1437.0,1369.0,727.1887,3686.9,5.31,155.5,126.4,2.9,2.6168022,4.96,4.96,5.34,5.66,5.97,6.27,,,0.61,1.17,96.6007,,1.1959,105.94,1.5271,,30.37,1.4776,5.7074,5.0583,1.5721,1562.43,1.654,0.7532145593,124.39,241.54,152.93,1.3656,156.4,141.3,21.36,174.6,2.922,100.8159,93.7,-0.770151618237487,-0.18548,-0.7647999999999999,81.62645161290322,68.22388145847961,138.05753312121985,17.76238095238095,6.948757763975156,0.9526791927627001,0.8361903169161301,0.009439305267132339,0.7322788517867604,88.73644249298863,0.01126932714345646,1.2856923065697494
1996-04-01,48102.0,74.3172,81.9406,-15597.0,1.46,9565.104,56.816,70.197,189778.0,,359250.0,2633500.0,11.96,7.925000000000001,1463.0,1327.0,731.9809,3697.7,5.22,156.1,127.4,3.0,3.1333648,4.95,5.06,5.54,5.96,6.3,6.51,,,0.55,1.42,96.8903,,1.218,107.1995,1.516,,30.9,1.5044,5.805,5.1049,1.5651,1565.6,1.6819,0.7666107254,125.49,242.0,154.51,1.3592,176.5,149.3,23.57,172.5,2.2515,99.73998,92.7,-0.761477630460288,-0.101525,-0.69125,64.89766666666667,29.41227211331113,66.90241760416619,16.575238095238095,7.330549756437022,0.9070403280929596,0.8210180623973727,0.009328401718291596,0.7357268981753973,89.00246617341712,0.011235643718585809,1.2684719710363064
1996-05-01,50505.0,74.8726,82.1342,-16668.0,1.45,9606.394,56.89,70.319,191544.0,,344500.0,2590500.0,11.98,8.07,1457.0,1423.0,736.1981,3709.6,5.24,156.4,128.1,3.1,3.2478188,5.02,5.12,5.64,6.1,6.48,6.74,,,0.64,1.59,97.3537,,1.2539,106.3423,1.5152,,31.5,1.5324,5.916,5.1855,1.5629,1556.71,1.7135,0.7821015917,127.97,243.27,157.54,1.3693,202.0,175.3,21.25,180.9,2.2408,96.18937,89.4,-0.967621246520601,-0.20324,-0.7068,74.12774193548387,57.68786294574313,83.59729987733446,16.14636363636364,7.519593613933236,0.9766643788606726,0.7975117632985086,0.009403595746941716,0.7303001533630322,89.428140805705,0.011182162471348234,1.249952398377013
1996-06-01,51556.0,75.4433,82.4584,-14944.0,1.44,9670.238,56.956,70.373,189960.0,,342200.0,2548000.0,12.03,8.32,1429.0,1437.0,741.3047,3722.5,5.27,156.7,128.0,2.9,3.2261356,5.09,5.25,5.81,6.3,6.69,6.91,,,0.61,1.68,97.8128,,1.2579,108.96,1.5416,,31.43,1.5282,5.8941,5.1787,1.5831,1542.3,1.712,0.7789335125,128.87,241.75,157.4,1.3658,196.9,155.8,20.45,174.2,2.491,99.4172,92.4,-0.883309697701578,-0.164125,-0.70875,73.288,71.41474328293693,84.41484618114566,16.395,7.44593804792519,1.0055983205038488,0.7949757532395262,0.009177679882525698,0.732171621027969,89.84986550074893,0.011129677205712285,1.254985147923576
1996-07-01,51047.0,75.4549,82.38,-16397.0,1.45,9650.331,57.077,70.505,191113.0,,337000.0,2490000.0,12.05,8.245000000000001,1450.0,1453.0,745.2041,3737.1,5.4,157.0,128.0,3.0,3.144873,5.15,5.3,5.85,6.27,6.64,6.87,,,0.6,1.57,97.6823,,1.232,109.1909,1.553,,30.95,1.5025,5.7948,5.0881,1.6031,1526.82,1.6862,0.7701556028,126.96,237.65,154.56,1.3697,209.8,139.0,21.32,151.1,2.55875,101.8919,94.7,-0.831196629643137,-0.11465,-0.704,65.24516129032257,92.13380975751814,51.91471847982898,17.978636363636365,7.388724035608309,1.0020689655172415,0.8116883116883117,0.009158272346871396,0.7300868803387603,89.7299894983459,0.01114454604966196,1.2734988577298882
1996-08-01,50780.0,75.8411,82.3084,-17097.0,1.45,9681.266,57.273,70.566,191139.0,,331800.0,2494400.0,12.09,8.001999999999999,1413.0,1468.0,748.1998,3744.0,5.22,157.2,128.3,3.1,3.1073244,5.05,5.13,5.67,6.03,6.39,6.64,,,0.61,1.45,97.26,,1.2029,107.8659,1.5499,,30.55,1.4826,5.7327,5.0636,1.6108,1516.62,1.6633,0.7571907714,125.72,237.0,152.27,1.3722,193.2,128.5,21.96,145.9,2.042,102.5374,95.3,-0.901776388097479,-0.1929,-0.7375999999999999,71.99032258064516,42.34075808668137,60.32611108122451,15.760454545454547,7.517781796262809,1.0389242745930645,0.8313242996092776,0.009270770465921112,0.7287567409998542,89.34206891738957,0.011192935334021123,1.2863074460695378
1996-09-01,49824.0,76.3158,82.4969,-17018.0,1.44,9708.672,57.346,70.78,193303.0,,342750.0,2473000.0,12.13,8.23,1392.0,1379.0,758.824,3753.4,5.3,157.7,128.2,3.2,3.1347765,5.09,5.24,5.83,6.23,6.6,6.83,,,0.6,1.59,97.7927,,1.2343,109.931,1.5593,,31.06,1.508,5.8057,5.1307,1.6096,1520.48,1.6905,0.7684401796,127.11,239.67,153.99,1.3694,145.7,120.6,23.99,144.6,1.831625,101.8919,94.7,-1.06338854791643,-0.14525,-0.73625,70.32633333333334,68.95224722696497,51.51241359747064,16.578,7.2151714077315825,0.9906609195402298,0.8101758081503687,0.00909661514950287,0.7302468234263181,89.83140184060869,0.011131964764107083,1.2707110742867318
1996-10-01,52556.0,76.3384,82.0128,-15070.0,1.44,9710.076,57.516,70.948,195420.0,,339000.0,2460250.0,12.16,7.915,1358.0,1392.0,766.2964,3772.8,5.24,158.2,128.0,3.0,3.1805381,4.99,5.11,5.55,5.91,6.27,6.53,,,0.62,1.41,98.2434,,1.2586,112.4123,1.5863,,31.47,1.5277,5.8576,5.1652,1.6083,1523.82,1.7141,0.7804803681,128.6,239.76,154.28,1.3508,117.3,118.6,24.9,144.9,2.2725,103.8286,96.5,-0.977481459390903,-0.12329999999999999,-0.74975,70.33,45.356486609691075,67.01628866229274,16.38173913043478,7.257374631268436,1.0250368188512518,0.794533608771651,0.00889582367765805,0.7403020432336394,90.24541037917612,0.011080895923664028,1.260367830367458
1996-11-01,52664.0,77.0397,82.3142,-15814.0,1.43,9741.024,57.659,71.041,194860.0,,336400.0,2428600.0,12.2,7.618,1412.0,1413.0,772.1146,3795.1,5.31,158.7,128.2,3.0,3.0987135,5.03,5.07,5.42,5.7,5.97,6.2,,,0.5,1.03,97.8598,,1.2752,112.2958,1.6623,,31.15,1.5118,5.8053,5.1156,1.6645,1513.66,1.6958,0.7722552609,127.28,238.38,152.83,1.3381,108.2,117.3,23.71,150.7,3.0804,106.7336,99.2,-0.868836294897102,-0.22898000000000002,-0.7806,62.71066666666666,31.4627741239445,89.65483342734913,15.997,7.219381688466112,1.0007082152974505,0.7841907151819323,0.00890505254871509,0.7473283013227711,89.89303923341518,0.011124331856256546,1.2779608313380306
1996-12-01,50765.0,77.5333,82.5699,-18502.0,1.43,9778.588,57.888,71.068,195318.0,,353500.0,2487750.0,12.24,7.5975,1411.0,1487.0,778.5077,3818.6,5.29,159.1,129.1,3.0,2.9632444,4.91,5.04,5.47,5.78,6.07,6.3,3.13,,0.52,1.26,98.9296,,1.329,113.981,1.6639,,31.99,1.5525,5.9428,5.2427,1.6593,1528.44,1.742,0.793194827,130.69,245.7,156.54,1.3622,105.6,114.0,25.39,154.4,3.8145,104.2589,96.9,-0.747775531426467,-0.110525,-0.7315,63.94096774193549,60.654919130632784,118.91940900724327,19.260952380952382,7.037482319660538,1.0538625088589653,0.7524454477050414,0.008773392056570833,0.7341065922771987,90.87574687610304,0.01100403610837297,1.2502296816867158
1997-01-01,51958.0,77.6562,82.2119,-18455.0,1.43,9834.79,58.162,71.144,197447.0,,339000.0,2487750.0,12.29,7.824,1382.0,1377.0,782.1925,3834.6,5.25,159.4,129.7,3.0,3.1574043,5.03,5.1,5.61,6.01,6.33,6.58,3.03695652173913,,0.57,1.41,100.0,,1.3913,117.9124,1.6585,,33.09,1.6047,6.1199,5.4145,1.6311,1567.91,1.8023,0.8198285073,134.79,251.54,160.53,1.3494,107.6,114.7,25.17,160.7,3.2791,104.7969,97.4,-0.79097297247625,-0.26626,-0.6991999999999999,72.05741935483871,53.13118400884018,44.15836531321155,19.473333333333333,7.338495575221239,0.9963820549927641,0.718752246100769,0.008480872240748217,0.7410701052319549,91.85900567282496,0.010886248905868945,1.2145304001182864
1997-02-01,54285.0,78.5833,82.8966,-17036.0,1.41,9865.668,58.285,71.29,198891.0,,320750.0,2415000.0,12.31,7.65,1445.0,1545.0,788.9324,3846.3,5.19,159.7,128.5,3.0,3.1308768,5.01,5.06,5.53,5.9,6.2,6.42,2.956,,0.52,1.28,101.8516,,1.4541,122.9621,1.6256,,34.56,1.6747,6.3867,5.6536,1.586,1655.0,1.8812,0.8566580482,141.85,262.42,168.24,1.3556,108.4,112.4,22.21,161.1,2.134375,107.2716,99.7,-0.919518696137466,-0.320375,-0.7304999999999999,64.32357142857143,19.423842951669506,98.15269557022562,20.139473684210525,7.529228371005456,1.069204152249135,0.6877106113747335,0.008132587195566764,0.737680731779286,93.559867021863,0.010688343536938982,1.16510211276362
1997-03-01,54195.0,79.082,83.2201,-16048.0,1.4,9912.112,58.441,71.46,200352.0,,319400.0,2347600.0,12.35,7.8975,1436.0,1445.0,795.3782,3861.2,5.39,159.8,127.3,2.8,3.2344619,5.14,5.26,5.8,6.22,6.54,6.69,2.696190476190476,,0.47,1.41,102.6546,,1.4634,122.7738,1.6096,,34.96,1.6946,6.4628,5.7154,1.5657,1691.21,1.9071,0.8674909953,143.72,266.86,170.35,1.3725,120.3,113.2,20.99,165.8,1.892375,107.5944,100.0,-0.795037717471037,-0.29415,-0.7122499999999999,64.99064516129032,60.959100637169264,50.66429979525895,20.169999999999998,7.350031308703819,1.006267409470752,0.6833401667350006,0.008145060265300904,0.7285974499089253,94.29749483741578,0.010604735594770175,1.1507069999747088
1997-04-01,55044.0,79.1747,82.7028,-15778.0,1.41,9919.423,58.438,71.6,197212.0,,327000.0,2324250.0,12.39,8.1425,1421.0,1438.0,803.8042,3877.0,5.51,159.9,127.0,3.0,3.2328116,5.16,5.37,5.99,6.45,6.76,6.89,2.893181818181818,,0.44,1.59,103.452,,1.4618,125.6377,1.6293,,35.33,1.7119,6.5226,5.7672,1.5505,1694.52,1.9256,0.874508861,144.48,270.58,171.77,1.3942,119.2,121.7,19.72,161.4,2.0105,109.1007,101.4,-0.757749774495498,-0.170625,-0.656,58.05566666666667,65.53338005045384,67.0351665300677,19.662272727272725,7.1077981651376145,1.011963406052076,0.6840881105486387,0.007959394353764833,0.7172572084349447,95.02997854865089,0.010522995114515857,1.1432899558765521
1997-05-01,53924.0,79.6133,82.788,-16248.0,1.42,9964.583,58.474,71.652,196937.0,,323800.0,2302800.0,12.43,7.944,1414.0,1400.0,808.9736,3889.2,5.5,159.9,127.4,2.9,3.1341546,5.05,5.3,5.87,6.28,6.57,6.71,2.721739130434783,,0.43,1.51,102.4414,,1.4331,119.1924,1.6322,,35.19,1.7048,6.4926,5.7482,1.5111,1684.33,1.9173,0.8724984445,143.93,271.95,171.72,1.3804,114.7,115.2,20.83,165.4,2.2166,111.0374,103.2,-0.660266074844263,-0.23934000000000002,-0.6296,77.92322580645161,75.03735613587692,139.88414143374652,19.924761904761905,7.111797405806053,0.9900990099009901,0.6977880120019538,0.00838979666488803,0.7244277021153288,94.10165143732132,0.010626806062655278,1.1470570586326523
1997-06-01,55972.0,79.9792,82.7944,-15021.0,1.42,10000.824,58.763,71.758,199311.0,,325500.0,2295500.0,12.46,7.6899999999999995,1402.0,1315.0,813.3984,3906.0,5.56,160.2,127.2,2.8,3.201087,4.93,5.13,5.69,6.09,6.38,6.49,2.617142857142857,,0.4,1.42,102.0955,,1.4424,114.2857,1.6449,,35.65,1.7277,6.5804,5.8293,1.506,1694.54,1.9438,0.8812614806,145.98,273.83,174.56,1.3843,110.4,110.1,19.17,167.8,2.203,112.4361,104.5,-0.603279195453327,-0.181475,-0.63525,77.964,54.07790850846296,68.95702922069094,20.194285714285712,7.052227342549923,0.9379457917261056,0.6932889628397116,0.008750001093750136,0.7223867658744492,93.78391113669902,0.01066280972801832,1.1354845113442815
1997-07-01,58969.0,80.6624,82.902,-14718.0,1.41,10045.882,59.312,71.807,201751.0,,320250.0,2269500.0,12.5,7.4975,1440.0,1313.0,816.7129,3923.9,5.52,160.4,126.9,2.7,3.0903227,5.05,5.12,5.54,5.89,6.12,6.22,2.7247826086956524,,0.33,1.03,103.2968,,1.4824,115.3759,1.6694,,37.04,1.7939,6.8317,6.0511,1.4945,1745.91,2.0201,0.9166482812,151.33,281.43,181.2,1.3775,106.0,98.7,19.63,160.2,2.173875,115.2336,107.1,-0.699664745490989,-0.28125,-0.65275,58.03193548387097,24.046708559288636,89.93560230732382,20.529090909090908,7.086651053864169,0.9118055555555555,0.6745817593092283,0.008667321338338422,0.7259528130671506,94.88741337184666,0.010538805564033875,1.1009530955721194
1997-08-01,58232.0,81.4694,83.3485,-16505.0,1.41,10105.556,59.672,71.778,201892.0,,330200.0,2272400.0,12.57,7.4799999999999995,1449.0,1332.0,822.9157,3957.4,5.54,160.8,127.2,2.7,2.9692178,5.14,5.19,5.56,5.94,6.16,6.3,2.5436363636363635,,0.36,1.02,105.1786,,1.5128,117.9295,1.6035,,38.01,1.84,7.0109,6.201,1.4534,1797.12,2.0709,0.9382968227,155.51,288.41,186.5,1.3905,104.4,103.2,19.93,158.1,2.442,112.3285,104.4,-0.597075449091029,-0.29272,-0.6554,69.14903225806451,75.88222823841478,134.5433659108074,23.084761904761905,6.881889763779528,0.9192546583850931,0.6610259122157589,0.008479642498272273,0.719165767709457,96.61601614059788,0.010350250817056839,1.0715303228595932
1997-09-01,60143.0,82.2156,83.5136,-16597.0,1.41,10136.11,59.684,71.927,202992.0,,315250.0,2234750.0,12.6,7.43,1494.0,1442.0,830.3257,3973.1,5.54,161.2,127.5,2.8,3.0134879,4.95,5.09,5.52,5.88,6.11,6.21,2.5945454545454543,,0.33,1.13,105.6641,,1.4702,120.89,1.6013,,36.88,1.7862,6.8001,6.0031,1.4806,1743.22,2.0116,0.9164945872,150.75,281.69,181.49,1.3872,106.2,104.4,19.79,150.6,2.8505,114.05,106.0,-0.495623839966526,-0.1628,-0.6295,49.31933333333333,16.5745098674803,114.99463553130873,23.812380952380952,7.088818398096748,0.965194109772423,0.6801795674057951,0.008271982794275788,0.720876585928489,97.06199161313945,0.010302694014210072,1.0995838861859133
1997-10-01,57582.0,82.9446,83.6688,-16820.0,1.42,10189.34,59.989,72.036,203055.0,,310000.0,2215500.0,12.66,7.294,1499.0,1396.0,834.4586,3992.3,5.5,161.5,127.8,2.8,2.9881361,4.97,5.09,5.46,5.77,5.93,6.03,2.6056521739130436,,0.26,0.92,106.2741,,1.4516,121.0605,1.633,,36.27,1.7575,6.6922,5.8954,1.4692,1721.09,1.98,0.8987925106,148.32,276.84,179.07,1.3869,109.5,102.2,21.26,147.1,3.0604,113.6197,105.6,-0.26305166274618,-0.02193999999999998,-0.5566,74.4532258064516,80.4511045213234,100.84479725108145,23.87086956521739,7.146774193548387,0.9312875250166778,0.6888950124001102,0.008260332643595557,0.7210325185665873,97.62233154774368,0.010243557843227037,1.1182252791520075
1997-11-01,57967.0,83.5978,83.8583,-16854.0,1.41,10262.137,60.235,72.058,202778.0,,314600.0,2215000.0,12.71,7.205,1469.0,1420.0,839.8971,4014.8,5.52,161.7,127.9,2.9,2.9327548,5.14,5.17,5.46,5.71,5.8,5.88,2.8595238095238096,,0.17,0.6,108.0039,,1.4069,125.3817,1.6889,,35.74,1.7323,6.5937,5.8001,1.503,1697.08,1.9524,0.8870175682,146.3,271.87,176.84,1.4128,106.7,101.8,20.17,141.1,2.932125,115.3412,107.2,-0.0545628760285828,-0.0003499999999999996,-0.4805,81.30066666666667,53.721401188091434,180.91504908559864,32.20611111111111,7.040686586141131,0.966643975493533,0.7107825716113441,0.007975645568691445,0.7078142695356738,99.2113086278722,0.010079496116222605,1.1372395668382467
1997-12-01,58401.0,83.9538,83.6515,-18350.0,1.42,10325.103,60.579,72.1,203837.0,,313250.0,2235250.0,12.75,7.095000000000001,1456.0,1428.0,844.8364,4032.9,5.5,161.8,126.8,2.8,2.9354614,5.16,5.24,5.53,5.72,5.77,5.81,2.890434782608696,,0.09,0.51,112.2393,,1.4393,129.7341,1.6597,,36.75,1.7788,6.7752,5.9542,1.4533,1743.86,2.0051,0.9076299148,150.46,279.93,181.91,1.4271,107.9,101.1,18.32,133.9,2.327625,109.8539,102.1,-0.0750662014867699,-0.0822,-0.494,64.06322580645161,59.10262711802081,66.2842291318601,26.276363636363637,7.135674381484438,0.9807692307692307,0.6947821857847565,0.0077080736676016556,0.7007217433956976,103.10190495413903,0.009699141838793493,1.1088123736976774
1998-01-01,56811.0,84.3218,83.6492,-18016.0,1.43,10417.404,60.525,72.21,204505.0,,321200.0,2275200.0,12.79,6.994,1555.0,1316.0,855.3153,4056.2,5.56,162.0,125.4,2.3,2.7570107,5.04,5.03,5.24,5.36,5.42,5.54,3.0204347826086955,,0.18,0.36,115.9906,,1.4748,129.5475,1.635,,37.54,1.8165,6.919,6.0832,1.3819,1787.87,2.0472,0.9291198045,153.93,287.24,185.8,1.4409,106.3,94.7,16.71,128.9,2.1093,114.6956,106.6,-0.0612261523027173,-0.14722,-0.5646,110.96516129032258,120.80201184079752,69.24200878610823,23.8665,7.083437110834371,0.8463022508038586,0.6780580417683754,0.007719176363881973,0.6940106877645915,106.54781183394371,0.009385457878370269,1.085456196691738
1998-02-01,59362.0,84.4583,83.1551,-18302.0,1.42,10490.223,60.918,72.272,204207.0,,319000.0,2224250.0,12.83,7.0425,1647.0,1441.0,862.0974,4088.9,5.51,162.0,125.0,2.4,2.6177094,5.09,5.07,5.31,5.42,5.49,5.57,2.9233333333333333,,0.15,0.34,114.4475,,1.4631,125.8516,1.6408,,37.42,1.8123,6.9089,6.0744,1.3771,1788.28,2.0432,0.9278381949,153.61,286.7,185.54,1.4334,106.7,95.8,16.06,127.0,2.2115,118.7842,110.4,-0.211270042578233,-0.3554,-0.62825,85.11714285714285,137.38720517691348,43.27017765250224,19.998947368421053,6.972570532915361,0.8749241044323012,0.683480281593876,0.007945866401380673,0.6976419701409237,105.13033551740637,0.00951200236428838,1.087587157966344
1998-03-01,57672.0,84.488,82.3971,-20288.0,1.43,10555.838,61.189,72.349,205311.0,,315000.0,2221750.0,12.87,7.1275,1605.0,1477.0,865.7996,4114.3,5.49,162.0,124.7,2.5,2.8714847,5.03,5.04,5.39,5.56,5.61,5.65,2.833636363636364,,0.09,0.49,114.1786,,1.4901,129.0823,1.6619,,37.7,1.8272,6.9661,6.1257,1.3672,1799.07,2.0598,0.9344470363,154.95,306.05,187.03,1.4166,109.2,97.5,15.02,128.1,2.223,114.588,106.5,-0.221804923927722,-0.327125,-0.633,70.9616129032258,54.35452969337791,38.721524415523724,20.158636363636365,7.053174603174603,0.9202492211838006,0.6710958996040535,0.007746995521461889,0.7059155724975292,104.88332665115213,0.009534403912702508,1.0814694558881843
1998-04-01,55909.0,84.7779,82.1691,-21488.0,1.43,10595.962,61.516,72.482,208683.0,,311000.0,2182500.0,12.92,7.140000000000001,1547.0,1498.0,864.2988,4140.2,5.45,162.2,124.9,2.4,2.7267374,4.95,5.06,5.38,5.56,5.61,5.64,2.846363636363636,,0.08,0.56,113.9345,,1.5051,131.7536,1.6723,,37.42,1.8132,6.9174,6.0782,1.3894,1791.24,2.0422,0.9284430551,153.99,315.82,185.81,1.4298,98.4,92.6,15.44,130.5,2.451875,116.9551,108.7,-0.0167440281980447,-0.224875,-0.61325,77.972,56.65689445643315,74.51391111860987,22.02857142857143,7.017684887459807,0.9683257918552036,0.6644076805527871,0.007589925436572511,0.6993985172751433,104.65909881830476,0.009554830982598727,1.089152847625497
1998-05-01,58575.0,85.3367,82.0271,-21493.0,1.43,10645.347,61.961,72.552,209165.0,,311200.0,2134600.0,12.96,7.144,1554.0,1465.0,875.6518,4164.4,5.49,162.6,125.1,2.6,2.644841,5.0,5.14,5.44,5.59,5.63,5.65,3.001818181818182,,0.06,0.51,114.8202,,1.479,134.896,1.6382,,36.62,1.7753,6.7662,5.9528,1.4174,1750.79,2.0005,0.9075803361,150.81,307.22,181.87,1.4452,96.7,92.3,14.86,128.5,2.1539,114.588,106.5,-0.343795442408766,-0.19978,-0.585,64.89935483870968,60.91892759615546,108.88367999100096,20.874000000000002,6.859254498714653,0.9427284427284427,0.676132521974307,0.00741311825406239,0.691945751453086,105.47269403154897,0.009481126932254905,1.107269601421493
1998-06-01,59020.0,84.8248,80.8666,-19957.0,1.44,10707.166,62.372,72.461,211222.0,,338000.0,2214250.0,12.99,6.9975000000000005,1551.0,1467.0,891.15,4184.1,5.56,162.8,124.8,2.7,2.4650222,4.98,5.12,5.41,5.52,5.52,5.5,3.242272727272727,,-0.02,0.38,117.3693,,1.4949,140.3305,1.6504,,36.98,1.7928,6.8294,6.0118,1.4051,1766.32,2.0208,0.9169680639,152.18,304.24,183.58,1.4655,92.4,84.5,13.66,124.2,2.145,113.6197,105.6,-0.153105747492881,-0.175525,-0.55975,64.301,58.822420920745685,55.87252974650395,21.66272727272727,6.55103550295858,0.9458413926499033,0.6689410662920597,0.007126034611150106,0.6823609689525759,107.81427194515496,0.009275209876747108,1.098775074070387
1998-07-01,56670.0,84.4986,80.0244,-20316.0,1.45,10726.5,62.412,72.665,209658.0,,333000.0,2333750.0,13.0,6.952,1610.0,1552.0,897.8608,4203.8,5.54,163.2,124.9,2.6,2.7361812,4.96,5.03,5.36,5.46,5.46,5.46,3.3360869565217395,,0.0,0.37,117.6859,,1.5136,140.7874,1.6437,,37.07,1.7976,6.8499,6.028,1.3988,1772.42,2.0267,0.9188644493,152.58,299.35,183.93,1.4869,89.8,83.9,14.08,123.7,2.192,113.1893,105.2,-0.0256234159216762,-0.2609,-0.5402,68.21645161290323,83.19637324772575,45.71645065792182,19.930000000000003,7.008258258258258,0.9639751552795031,0.660676532769556,0.007102908356855799,0.6725401842760105,108.10509755711512,0.009250257597442808,1.0957317679795096
1998-08-01,57658.0,86.248,81.4968,-22389.0,1.44,10767.064,62.697,72.807,207737.0,,312600.0,2237600.0,13.07,6.9225,1654.0,1521.0,904.3571,4228.7,5.55,163.4,124.2,2.4,2.7124419,4.9,4.95,5.21,5.27,5.27,5.34,3.9580952380952383,,0.07,0.3,119.6039,,1.4933,144.68,1.6342,,36.85,1.7869,6.8067,5.9912,1.4037,1763.01,2.0148,0.9135595279,151.72,301.21,182.99,1.5346,80.2,76.7,13.36,121.0,1.856,112.3285,104.4,0.615050315567786,0.386625,-0.40025,121.53483870967742,146.0987998653949,41.23887201985284,31.58809523809524,7.158029430582213,0.9195888754534461,0.6696578048617157,0.006911805363560962,0.6516356053694774,109.86695328591989,0.009101918002564253,1.1006474779528665
1998-09-01,60257.0,86.2021,80.9731,-21096.0,1.44,10803.967,63.163,72.795,210112.0,,304000.0,2153000.0,13.11,6.7225,1577.0,1452.0,912.8299,4267.7,5.51,163.5,123.8,2.3,2.5336411,4.61,4.63,4.71,4.67,4.62,4.81,5.6054545454545455,,0.14,0.07,118.2007,,1.4,134.4805,1.6823,,35.05,1.699,6.4717,5.6969,1.4724,1678.92,1.9169,0.8696104849,144.33,292.47,174.19,1.5218,72.5,74.8,14.95,123.5,1.962,108.5627,100.9,1.39245164978532,0.8166500000000001,-0.157,154.07133333333334,239.2139406075939,66.27179357672799,38.2047619047619,7.082236842105263,0.9207355738744452,0.7142857142857143,0.007436022322939013,0.6571165724799579,108.57798771831882,0.009209969912080847,1.1542134106658934
1998-10-01,56319.0,86.7914,81.2168,-21414.0,1.43,10823.508,63.376,72.937,213794.0,,310600.0,2164400.0,13.14,6.709999999999999,1719.0,1452.0,932.1106,4307.9,5.07,163.9,124.0,2.5,2.3601762,3.96,4.05,4.12,4.09,4.18,4.53,6.432173913043478,,0.44,0.46,115.0699,,1.3373,121.0486,1.6944,,33.81,1.6381,6.2294,5.4925,1.5221,1620.96,1.8479,0.8370347968,139.23,281.64,168.01,1.5452,80.5,85.7,14.39,119.5,1.9252,104.7969,97.4,1.61460185398987,1.14218,-0.0008000000000000001,113.8258064516129,157.48403034181757,74.20425173961769,36.60818181818182,6.968448164842241,0.8446771378708552,0.747775368279369,0.00826114469725383,0.6471654154801968,105.70206596871402,0.009460553025481854,1.1932814373336347
1998-11-01,58162.0,86.7256,80.9192,-21752.0,1.43,10874.887,63.548,72.95,215194.0,,316000.0,2203750.0,13.17,6.865,1672.0,1604.0,942.2355,4346.6,4.83,164.1,123.6,2.3,2.3458166,4.41,4.42,4.53,4.54,4.54,4.83,5.703809523809523,,0.29,0.3,115.0556,,1.3852,120.2895,1.6611,,34.71,1.6827,6.396,5.6422,1.4777,1664.91,1.8969,0.8605945974,143.05,282.64,172.52,1.5404,84.1,89.9,12.85,117.9,2.10275,110.4994,102.7,1.06783947178173,0.34985,-0.07475,95.25533333333333,148.74907973482217,74.39577129501741,26.223000000000003,6.9738924050632916,0.9593301435406698,0.721917412647993,0.008313277551240963,0.6491820306413919,105.6889301309028,0.009461728856195565,1.1626420778403161
1998-12-01,60818.0,87.1185,81.0067,-21709.0,1.42,10900.473,64.067,73.076,217396.0,,316000.0,2220250.0,13.21,6.7379999999999995,1742.0,1433.0,938.7909,4375.6,4.68,164.4,122.8,2.5,2.2704824,4.39,4.4,4.52,4.51,4.45,4.65,5.538260869565217,,0.14,0.15,114.3004,,1.3604,117.0709,1.6708,,34.44,1.6698,6.3531,5.5981,1.4876,1653.23,1.8816,0.8534726164,142.08,280.43,171.19,1.5433,83.6,85.9,11.28,112.8,1.72175,108.1323,100.5,0.964129221808806,0.430475,-0.16375,83.71483870967741,87.63404597901487,67.75290060239011,25.479090909090907,7.0261075949367084,0.822617680826636,0.7350779182593354,0.008541832342623146,0.6479621590099138,104.99521092006162,0.00952424392729067,1.1714172705254418
1999-01-01,57160.0,87.4949,80.8313,-22369.0,1.42,10942.984,64.013,73.18,217930.0,,326200.0,2287200.0,13.27,6.785,1732.0,1599.0,937.4063,4403.0,4.63,164.7,122.9,2.7,2.395567,4.34,4.33,4.51,4.62,4.6,4.72,5.553636363636364,,0.1,0.27,114.5023,,1.3856,113.29,1.6498,1.1591,34.8,1.6874,6.4194,5.6592,1.4718,1670.49,1.9012,0.861525983,143.55,278.91,172.96,1.5194,83.7,86.7,12.47,111.1,1.8452,111.7906,103.9,1.12904692786847,0.35932,-0.2394,89.71000000000001,109.77787194875297,69.51507401379774,28.035263157894736,7.011649294911098,0.9232101616628176,0.7217090069284064,0.008826904404625297,0.6581545346847439,105.18067425251506,0.0095074499864797,1.1591
1999-02-01,58576.0,88.027,81.1755,-25149.0,1.41,10988.184,64.316,73.155,220769.0,,301500.0,2240500.0,13.3,6.8075,1720.0,1459.0,935.6172,4425.8,4.76,164.7,122.3,2.5,2.4182198,4.44,4.44,4.7,4.88,4.91,5.0,5.31047619047619,,0.12,0.44,116.0309,,1.4272,116.6684,1.6276,1.1203,36.01,1.7458,6.6379,5.8552,1.4225,1728.35,1.9671,0.8923797552,148.52,287.41,178.95,1.4977,84.5,83.0,12.01,111.2,1.77675,116.3095,108.1,1.01722645315249,0.145075,-0.324,65.29321428571428,37.158917403311,75.00279156511759,28.82263157894737,7.4311774461028195,0.8482558139534884,0.7006726457399103,0.00857130122638178,0.6676904587033451,106.58483101322987,0.009382198109183799,1.1203
1999-03-01,59657.0,88.2267,80.8083,-24437.0,1.42,11000.779,64.624,73.177,222199.0,,302750.0,2227000.0,13.34,7.04,1665.0,1673.0,944.2363,4432.6,4.81,164.8,122.6,2.7,2.7113296,4.44,4.47,4.78,5.05,5.14,5.23,5.235652173913044,,0.18,0.66,117.4596,,1.466,119.473,1.6213,1.0886,37.06,1.7966,6.8287,6.0257,1.3822,1778.68,2.0244,0.9186893681,152.84,296.36,184.16,1.5176,84.7,79.6,14.66,109.6,1.7745,113.7272,105.7,0.813620241577354,0.10225000000000001,-0.38875000000000004,56.36419354838709,49.21654488206715,119.72146020153535,25.309565217391306,7.355904211395541,1.0048048048048048,0.6821282401091405,0.008370091987310941,0.6589351607801792,107.8972206272775,0.009268079327589185,1.0886
1999-04-01,58929.0,88.4295,80.7354,-24547.0,1.42,10969.064,65.011,73.365,223837.0,,308500.0,2237500.0,13.38,6.9159999999999995,1600.0,1580.0,947.1871,4461.4,4.74,165.9,123.6,2.7,2.7007827,4.29,4.37,4.69,4.98,5.08,5.18,5.035454545454545,,0.2,0.77,116.8587,,1.4971,119.7723,1.6089,1.0701,37.7,1.8277,6.9475,6.1299,1.3587,1809.43,2.0593,0.9343411465,155.49,304.26,187.35,1.4881,83.2,78.6,17.34,112.8,2.1099,112.5437,104.6,0.770094852173524,0.0374,-0.4194,50.68566666666666,34.72728771097377,52.66145359889012,23.478571428571428,7.252836304700162,0.9875,0.6679580522343196,0.008349175894593323,0.6719978496068812,107.34523986218952,0.009315736787991776,1.0701
1999-05-01,59814.0,88.9886,81.0344,-26694.0,1.4,10994.059,65.311,73.435,225577.0,,301600.0,2214400.0,13.42,7.145,1640.0,1623.0,942.0807,4486.1,4.74,166.0,124.7,2.8,2.7428736,4.5,4.56,4.85,5.25,5.44,5.54,4.701904761904761,,0.29,0.91,116.6886,,1.5078,121.9995,1.6154,1.063,37.95,1.8399,6.9925,6.1708,1.3497,1821.51,2.0731,0.9409123945,156.52,305.96,188.6,1.4611,85.5,78.8,17.75,116.7,2.2595,114.9108,106.8,0.416480826965995,0.1464,-0.41575,48.1216129032258,30.15064844919146,24.05644140154987,26.204500000000003,7.342175066312997,0.9896341463414634,0.6632179334129195,0.008196754904733216,0.6844158510711108,107.18898769354003,0.009329316579227916,1.063
1999-06-01,59045.0,88.9188,80.4957,-29752.0,1.4,11033.786,65.586,73.474,226474.0,,294000.0,2192250.0,13.47,7.55,1702.0,1648.0,949.8025,4508.0,4.76,166.0,125.2,2.5,2.3467564,4.57,4.82,5.1,5.62,5.81,5.9,4.672272727272728,,0.28,1.18,117.2677,,1.5374,120.7245,1.595,1.0377,38.87,1.8848,7.1643,6.3213,1.3176,1865.92,2.1236,0.9636387318,160.34,312.49,193.2,1.4695,81.7,79.7,17.89,113.2,2.308125,115.4488,107.3,0.356903398763841,0.11215,-0.35925,51.01199999999999,58.499432536946486,59.84002654844766,23.626363636363635,7.456632653061225,0.9682726204465335,0.6504488096786782,0.008283322772096799,0.6805035726437564,107.72094319539137,0.009283245860427846,1.0377
1999-07-01,62074.0,89.4333,80.4847,-30154.0,1.4,11061.061,65.697,73.606,228424.0,,298000.0,2193200.0,13.51,7.632,1682.0,1597.0,958.6382,4535.4,4.99,166.7,125.7,2.7,2.8008632,4.55,4.58,5.03,5.55,5.68,5.79,4.797826086956522,,0.24,1.1,117.3448,,1.5474,119.3305,1.5751,1.037,38.9,1.886,7.1792,6.3255,1.3167,1867.18,2.1251,0.9662252,160.45,313.52,193.33,1.489,67.3,74.3,20.07,121.9,2.2993,114.05,106.0,0.393066792712484,0.17556,-0.261,69.26548387096774,89.19775325649779,51.20045754728462,21.04904761904762,7.359731543624161,0.9494649227110583,0.6462453147214682,0.008380087236708134,0.6715916722632639,107.79176648876512,0.009277146414556882,1.037
1999-08-01,61732.0,89.7924,80.634,-29673.0,1.39,11111.719,66.041,73.642,230902.0,,290750.0,2180250.0,13.53,7.9425,1671.0,1563.0,969.3807,4552.7,5.07,167.1,126.9,2.8,2.8129568,4.72,4.87,5.2,5.68,5.84,5.94,4.819090909090909,,0.26,1.07,116.2908,,1.5093,113.2268,1.6058,1.0605,38.04,1.8443,7.0144,6.1854,1.3466,1825.81,2.078,0.9435675375,156.89,307.84,189.04,1.4932,79.2,79.6,21.26,123.0,2.7865,112.4361,104.5,0.614396644613751,0.25327500000000003,-0.16849999999999998,54.715161290322584,77.38758338035704,49.794838332879166,24.323636363636364,7.498710232158212,0.9353680430879713,0.6625588020936858,0.00883183133321793,0.669702652022502,106.82357256897355,0.009361229698195337,1.0605
1999-09-01,63231.0,89.4299,79.9785,-29694.0,1.39,11105.537,66.372,73.837,231912.0,,289500.0,2162000.0,13.61,7.8225,1551.0,1643.0,975.6399,4568.8,5.22,167.8,128.0,2.7,2.6882069,4.68,4.88,5.25,5.66,5.8,5.92,5.042727272727273,,0.26,1.1,115.6301,,1.5262,106.8752,1.6247,1.0497,38.43,1.8632,7.0828,6.249,1.3328,1844.59,2.0994,0.9509796476,158.51,311.68,190.99,1.4771,72.7,80.5,23.88,126.6,2.59775,115.3412,107.2,0.808369075138301,0.31625,-0.11950000000000001,58.79233333333333,64.48694181676726,37.10517060481472,24.541428571428572,7.468048359240069,1.059316569954868,0.6552221202987812,0.009356707636570503,0.6770022341073725,106.21666011849318,0.009414718923419546,1.0497
1999-10-01,61451.0,90.523,80.7666,-30202.0,1.39,11171.257,66.518,73.963,231254.0,,290400.0,2102800.0,13.64,7.851999999999999,1649.0,1593.0,979.0983,4592.7,5.2,168.1,127.7,2.9,2.8762836,4.86,4.98,5.43,5.86,6.03,6.11,5.001818181818182,,0.25,1.09,115.1131,,1.4896,105.965,1.6572,1.0706,37.68,1.8269,6.945,6.127,1.3594,1808.58,2.0584,0.9339608478,155.41,307.71,187.26,1.4776,68.7,77.4,22.64,126.4,2.6896,111.0374,103.2,0.812756293893952,0.3781,-0.0934,56.07387096774193,64.17809849652328,45.31511942353499,24.021428571428572,7.241046831955923,0.9660400242571255,0.6713211600429645,0.009437078280564337,0.676773145641581,105.74174905916468,0.009457002639898453,1.0706
1999-11-01,61849.0,90.9618,80.9602,-31823.0,1.39,11247.83,66.845,74.034,234425.0,,281750.0,2085750.0,13.66,7.7375,1672.0,1596.0,1000.2986,4611.8,5.42,168.4,128.3,2.9,2.9859271,5.07,5.2,5.55,5.86,5.97,6.03,5.08,,0.17,0.8,115.3816,,1.5543,104.6485,1.6205,1.0328,39.06,1.8937,7.2019,6.3512,1.3114,1874.78,2.1337,0.968291072,161.1,318.24,194.12,1.4674,74.4,81.3,24.97,127.0,2.333,115.3412,107.2,0.674423076000055,0.1305,-0.151,54.52766666666666,56.33389621092453,126.21097933506742,21.81809523809524,7.402839396628217,0.9545454545454546,0.6433764395547835,0.009555798697544637,0.6814774430966335,105.98839048939622,0.009434995619638611,1.0328
1999-12-01,65451.0,91.6634,81.1849,-32574.0,1.39,11339.82,67.645,74.128,239589.0,,278500.0,2097250.0,13.7,7.912000000000001,1683.0,1659.0,1000.6226,4639.3,5.3,168.8,127.8,3.0,3.1640203,5.2,5.44,5.84,6.1,6.19,6.28,4.773478260869566,,0.18,0.92,115.4333,,1.5841,102.5843,1.6132,1.011,39.9,1.9345,7.3597,6.4882,1.2837,1915.2,2.1797,0.9882430935,164.58,326.19,198.3,1.4722,73.2,74.0,26.08,128.7,2.3526,113.4045,105.4,0.562582170530997,0.15854,-0.16960000000000003,73.08548387096775,115.68964999253008,128.20257187010236,22.15909090909091,7.5305206463195695,0.9857397504456328,0.6312732782021336,0.00974808035927525,0.6792555359326179,106.03588159532906,0.009430769895575146,1.011
2000-01-01,63975.0,91.538,80.8292,-33360.0,1.38,11441.669,67.481,74.306,237541.0,,288400.0,2109800.0,13.74,8.21,1727.0,1574.0,1003.1482,4667.6,5.45,169.3,128.3,3.0,3.080288,5.32,5.5,6.12,6.44,6.58,6.66,4.784285714285714,,0.22,1.16,115.2151,,1.5903,105.296,1.6404,1.0131,39.82,1.9305,7.3492,6.4748,1.2864,1911.23,2.1752,0.9865996552,164.23,326.86,197.89,1.4486,77.1,77.4,27.18,133.9,2.40275,120.5057,112.0,0.578281602089092,0.0070500000000000024,-0.1975,57.54838709677419,47.469651552902704,71.91424718351676,23.202,7.315533980582524,0.9114070642733063,0.6288121738036848,0.009497036924479561,0.6903216899074969,105.83544524495096,0.00944863034955396,1.0131
2000-02-01,58497.0,91.8239,80.6792,-36214.0,1.4,11488.814,68.116,74.415,241541.0,,293750.0,2147500.0,13.8,8.325,1692.0,1677.0,1016.2395,4680.9,5.73,170.0,129.8,2.9,3.1570678,5.55,5.72,6.22,6.61,6.68,6.52,4.902380952380953,,-0.09,0.79,116.6867,,1.6348,109.3885,1.6,0.9834,41.02,1.9888,7.5725,6.6703,1.2487,1968.95,2.2409,1.0158312604,169.19,338.87,203.87,1.4512,82.8,80.3,29.35,133.3,2.657375,119.7525,111.3,0.580612008554495,0.113375,-0.20425,50.603793103448275,53.641941199183634,50.35241290759234,23.5955,7.31063829787234,0.9911347517730497,0.611695620259359,0.009141728792331919,0.6890848952590959,107.18724237243225,0.009329468487727345,0.9834
2000-03-01,63642.0,92.1504,80.8587,-37326.0,1.38,11520.777,68.451,74.568,244533.0,,274750.0,2079000.0,13.85,8.24,1651.0,1704.0,1026.2416,4711.7,5.85,171.0,130.8,3.2,3.2388566,5.69,5.85,6.22,6.53,6.5,6.26,5.368695652173913,,-0.27,0.4,116.6735,,1.6636,106.3074,1.5799,0.9643,41.83,2.0282,7.7228,6.8024,1.2244,2007.95,2.2853,1.0362688143,172.55,346.33,207.9,1.4608,87.8,80.2,29.89,130.0,2.7816,115.2336,107.1,1.23161555862124,0.02652,-0.1318,64.99451612903225,49.18063888457009,88.17975383586639,22.718260869565217,7.56687898089172,1.0321017565112054,0.6011060351045925,0.009406682883787959,0.6845564074479736,107.17511698368344,0.009330523988625477,0.9643
2000-04-01,64414.0,92.6989,81.0265,-35671.0,1.39,11582.719,68.431,74.617,239552.0,,271600.0,2015400.0,13.89,8.1525,1597.0,1610.0,1035.2058,4767.8,6.02,170.9,130.7,3.2,3.1606735,5.66,5.81,6.15,6.4,6.26,5.99,5.846666666666667,,-0.41,0.17,117.3307,,1.6657,105.627,1.5823,0.9449,42.69,2.0699,7.8872,6.9421,1.1998,2049.18,2.3322,1.057506551,176.09,355.02,212.17,1.4689,83.6,78.0,25.74,128.5,3.03526315833333,117.493,109.2,1.3413641659494,0.411075,-0.0525,59.75833333333333,86.93387080975837,82.57421586475193,27.164210526315788,7.420471281296024,1.008140262993112,0.6003482019571351,0.009467276359264204,0.680781537204711,107.77881436896524,0.0092782612784795,0.9449
2000-05-01,63753.0,92.9499,80.701,-35883.0,1.4,11624.34,68.688,74.697,241546.0,,282250.0,1989500.0,13.93,8.515,1543.0,1682.0,1051.7891,4755.7,6.27,171.2,131.6,3.0,3.3126257,5.79,6.1,6.33,6.81,6.69,6.44,5.897826086956522,,-0.37,0.45,119.9141,,1.719,108.3205,1.509,0.9059,44.53,2.159,8.2329,7.2409,1.1503,2137.4,2.4326,1.1019083056,183.67,371.63,221.31,1.4957,87.7,79.7,28.78,131.8,3.58954545555556,119.107,110.7,1.43120235896557,0.448725,0.0045,77.52,95.24134440203088,245.00958401488393,26.37318181818182,7.048715677590788,1.0900842514581983,0.5817335660267597,0.009231862851445479,0.6685832720465333,110.15189992151701,0.00907837269000805,0.9059
2000-06-01,68292.0,92.9862,80.5159,-37265.0,1.4,11657.461,68.834,74.754,243226.0,,291000.0,2028250.0,13.98,8.288,1572.0,1530.0,1062.7574,4773.6,6.53,172.2,133.8,2.9,3.7602013,5.69,5.97,6.17,6.48,6.3,6.1,6.135909090909092,,-0.38,0.24,118.701,,1.642,106.1255,1.5092,0.9505,42.44,2.0577,7.8501,6.9012,1.2069,2037.11,2.3185,1.0529837192,175.05,354.14,210.92,1.477,76.1,81.2,31.83,130.7,4.28727272777778,114.4804,106.4,1.59518701280411,0.41128,0.0218,67.236,88.45760827449179,35.76592550203761,21.54,6.969931271477663,0.9732824427480916,0.6090133982947625,0.009422806017403923,0.6770480704129993,109.03755832369995,0.009171151806529807,0.9505
2000-07-01,63581.0,92.8048,80.2704,-37527.0,1.41,11719.57,68.882,74.925,240979.0,,295000.0,2085600.0,14.02,8.1475,1542.0,1495.0,1068.6389,4791.3,6.54,172.7,133.7,3.0,3.0862813,5.96,6.0,6.08,6.34,6.18,6.05,6.123333333333333,,-0.29,-0.09,118.9958,,1.6519,108.2115,1.5076,0.9386,42.98,2.0838,7.9471,6.9887,1.1918,2062.93,2.3479,1.0654109333,177.27,359.04,213.6,1.4778,65.3,79.7,29.77,132.7,3.9895,116.5247,108.3,0.971001835833489,0.15642499999999998,-0.07050000000000001,53.874516129032266,43.26377387605583,60.7730162096869,19.893,7.069830508474576,0.9695201037613489,0.6053635207942369,0.009241161983707832,0.6766815536608473,109.30835867242345,0.009148431210067032,0.9386
2000-08-01,64759.0,92.5521,79.4606,-36037.0,1.42,11783.694,69.236,75.021,242318.0,,312750.0,2117250.0,14.07,8.0275,1552.0,1573.0,1071.8339,4819.5,6.5,172.7,132.9,2.7,3.1234906,6.09,6.07,6.18,6.23,6.06,5.83,6.361304347826087,,-0.4,-0.45,119.8154,,1.7149,108.0804,1.4889,0.9045,44.6,2.1623,8.2459,7.2522,1.1485,2140.71,2.4364,1.1059381633,183.95,372.97,221.65,1.4828,61.7,73.1,31.22,135.4,4.42652173888889,115.4488,107.3,0.83616548723838,0.033325,-0.174,47.63967741935484,55.601949592855256,22.634383774776637,18.088695652173914,6.76978417266187,1.0135309278350515,0.5831243804303458,0.009252371382785408,0.6743997841920691,110.06123508291792,0.009085851155918976,0.9045
2000-09-01,66733.0,92.9792,79.5715,-39188.0,1.4,11794.536,69.808,75.203,245520.0,,300200.0,2119600.0,14.13,7.912000000000001,1570.0,1528.0,1073.3289,4855.2,6.52,173.6,134.7,2.9,3.1741185,6.0,5.98,6.13,6.08,5.93,5.8,6.453636363636363,,-0.28,-0.38,121.2054,,1.7586,106.8375,1.4336,0.8695,46.39,2.2494,8.5849,7.5441,1.104,2226.88,2.5345,1.1483974476,191.36,389.67,230.57,1.4864,65.5,77.7,33.88,140.2,5.0645,114.9108,106.8,1.06012199193759,0.09620000000000001,-0.20400000000000001,67.98733333333334,82.06733715298608,99.21129841203721,19.6875,7.060626249167222,0.9732484076433121,0.5686341407938132,0.00936000936000936,0.6727664155005383,111.33807526177019,0.008981653380021803,0.8695
2000-10-01,63580.0,92.6179,78.9447,-39522.0,1.42,11824.829,69.765,75.308,245399.0,,301000.0,2116250.0,14.17,7.795,1577.0,1513.0,1078.8326,4871.3,6.51,173.9,135.4,3.2,3.1062109,6.11,6.04,6.01,5.91,5.78,5.74,7.292272727272728,,-0.17,-0.55,122.9712,,1.7745,108.4429,1.4506,0.8525,47.32,2.2942,8.7276,7.6945,1.0825,2271.28,2.585,1.171642344,195.17,398.29,235.17,1.5125,71.9,85.2,33.08,139.7,5.02136363611111,113.8348,105.8,1.22501822416487,0.41455,-0.17875,67.58645161290322,70.28354685349954,65.76986998489774,25.2,7.030730897009967,0.9594166138237159,0.5635390250774867,0.009221442805384216,0.6611570247933884,112.96012158394093,0.008852681689589876,0.8525
2000-11-01,62569.0,92.6438,78.447,-38855.0,1.43,11832.213,69.829,75.441,243846.0,,334250.0,2211250.0,14.23,7.745,1614.0,1539.0,1080.5634,4882.7,6.51,174.2,135.0,2.9,3.0989798,6.17,6.06,6.09,5.88,5.7,5.72,8.088181818181818,,-0.16,-0.64,123.9732,,1.7779,109.0095,1.4258,0.8552,47.17,2.287,8.6992,7.6702,1.0859,2264.11,2.5768,1.1678184071,194.56,397.94,234.43,1.5426,78.3,87.0,34.4,135.3,5.522,115.7715,107.6,1.3845725828339,0.345825,-0.134,138.21633333333332,227.22342454252615,143.20366143031308,26.38285714285714,6.6155572176514585,0.9535315985130112,0.5624613307835086,0.009173512400295387,0.6482561908466226,113.88054882078265,0.008781130845915846,0.8552
2000-12-01,62554.0,92.3415,77.6908,-39933.0,1.42,11859.86,70.149,75.515,243844.0,5088.0,346000.0,2306400.0,14.29,7.382,1543.0,1521.0,1084.8969,4927.6,6.4,174.6,136.2,2.8,3.1672986,5.77,5.68,5.6,5.35,5.17,5.24,9.01590909090909,,-0.11,-0.7,122.9532,,1.6855,112.209,1.4629,0.8983,44.91,2.1773,8.3059,7.3022,1.1406,2155.48,2.4532,1.1108472407,185.22,379.58,223.18,1.5219,78.9,84.3,28.46,138.0,8.9135,105.8729,98.4,1.70840396498983,0.6569200000000001,-0.07680000000000001,124.63064516129033,210.67382244964304,98.69861031624568,26.5305,6.665895953757225,0.9857420609202852,0.5932957579353307,0.008911941109893146,0.6570733950982325,112.94358696291982,0.008853977697098525,0.8983
2001-01-01,60808.0,91.902,77.1264,-40753.0,1.43,11932.006,70.164,75.796,247339.0,5234.0,340000.0,2395750.0,14.29,7.0325,1699.0,1456.0,1093.6156,4978.3,5.98,175.6,140.0,3.0,2.6536536,5.15,4.95,4.81,4.76,4.86,5.16,8.493478260869566,,0.4,-0.13,122.8101,,1.6305,116.6719,1.4775,0.9376,43.02,2.086,7.9629,6.9961,1.1905,2065.13,2.3504,1.0651099201,177.46,,213.82,1.5032,83.8,89.1,29.58,135.1,8.17285714166667,101.8919,94.7,1.557533120966,0.49524999999999997,-0.173,123.21387096774194,166.23864511840875,91.79073986944574,24.918571428571425,7.046323529411764,0.8569746909947028,0.613308800981294,0.008571044098878993,0.6652474720596061,112.81213672580202,0.008864294472416311,0.9376
2001-02-01,60697.0,91.3034,76.3313,-35305.0,1.42,11960.086,70.199,75.93,247289.0,5097.0,371250.0,2486500.0,14.36,7.05,1656.0,1536.0,1093.8498,5017.0,5.49,176.0,137.4,2.8,2.632136,4.88,4.71,4.68,4.66,4.89,5.1,7.6075,,0.44,0.09,123.537,,1.6686,116.2337,1.4525,0.9205,43.82,2.1247,8.1103,7.1261,1.1688,2103.5,2.394,1.0853814393,180.76,,217.8,1.5216,77.2,85.1,29.61,132.9,5.55157894722222,97.4805,90.6,1.1067278093251,0.4344,-0.2695,122.26107142857143,171.6383251313895,43.13873890538478,23.411578947368422,6.697643097643097,0.927536231884058,0.5993048064245475,0.008603356857778768,0.6572029442691903,113.47985983803778,0.008812136368755065,0.9205
2001-03-01,58146.0,91.1162,75.9107,-38540.0,1.44,12003.752,70.141,76.009,244514.0,4762.0,387200.0,2585400.0,14.42,6.952,1659.0,1470.0,1092.1973,5074.8,5.31,176.1,135.9,2.8,2.1422446,4.42,4.28,4.3,4.34,4.64,4.89,7.915217391304348,,0.55,0.35,125.5514,,1.6908,121.505,1.4445,0.9083,44.41,2.1533,8.2229,7.2218,1.1533,2131.75,2.4262,1.1010139483,183.18,,220.72,1.5587,81.6,89.1,27.24,130.7,5.17772727222222,98.44884,91.5,1.28557009688521,0.67214,-0.25860000000000005,124.46225806451612,133.97302274521945,31.43932158745316,28.49681818181818,6.677169421487603,0.8860759493670886,0.5914360066240832,0.008230113987078722,0.6415602745877975,115.33026764831116,0.00867075070916688,0.9083
2001-04-01,54841.0,90.7891,75.3521,-36105.0,1.45,11981.996,70.094,76.13,249113.0,4615.0,396750.0,2697250.0,14.44,7.0775,1666.0,1574.0,1089.2749,5139.1,4.8,176.4,136.4,3.1,2.5592129,3.87,3.85,3.98,4.23,4.76,5.14,8.5,,0.91,1.17,126.518,,1.7131,123.771,1.4348,0.8925,45.2,2.1914,8.3657,7.3497,1.1332,2169.49,2.4691,1.118874966,186.43,,224.63,1.5578,78.6,83.2,27.41,127.3,5.1825,95.11342,88.4,1.26965907212513,0.798225,-0.297,105.17433333333334,155.78921578109924,82.43675067024138,28.133999999999997,6.798361688720857,0.9447779111644657,0.5837370848169984,0.00807943702482811,0.6419309282321222,116.2181767971447,0.008604506003785189,0.8925
2001-05-01,56599.0,90.3555,74.7304,-32630.0,1.43,11953.393,70.394,76.148,250250.0,4425.0,394500.0,2819250.0,14.5,7.145,1665.0,1497.0,1083.9579,5137.2,4.21,177.3,136.8,3.2,2.7238774,3.62,3.62,3.78,4.26,4.93,5.39,7.688695652173913,,1.13,1.69,126.3995,,1.7528,121.7682,1.4265,0.8753,46.09,2.2345,8.5256,7.4941,1.1114,2212.12,2.5177,1.143491682,190.09,,229.04,1.5411,74.3,91.0,28.64,129.6,4.195,98.98682,92.0,0.828401409232793,0.385075,-0.39475,96.31193548387097,114.26965663310807,24.396411475431332,22.944090909090907,7.14638783269962,0.8990990990990991,0.5705157462345961,0.008212324728459484,0.6488871585231328,116.10932387542239,0.008612572760073375,0.8753
2001-06-01,55428.0,89.8784,74.097,-34830.0,1.44,11940.34,70.438,76.318,248836.0,4361.0,397200.0,2947400.0,14.54,7.159999999999999,1626.0,1654.0,1071.9119,5180.1,3.97,177.7,135.5,3.0,2.7511842,3.49,3.45,3.58,4.08,4.81,5.28,8.056818181818182,,1.2,1.71,127.227,,1.7856,122.351,1.402,0.853,47.29,2.2929,8.7397,7.69,1.0831,2269.95,2.5835,1.1708814672,195.06,,235.03,1.5245,72.4,87.1,27.6,127.3,3.72714285833333,99.63239,92.6,0.791639409420266,0.41736000000000006,-0.44720000000000004,70.57433333333333,61.842786807157836,48.595180532391595,20.94047619047619,7.420443101711984,1.017220172201722,0.5600358422939068,0.00817320659414308,0.6559527714004592,116.86945714736503,0.008556555531348648,0.853
2001-07-01,53436.0,89.3028,73.5073,-35176.0,1.43,11940.991,70.588,76.515,247336.0,4447.0,398000.0,3030750.0,14.55,7.1275,1598.0,1582.0,1063.9525,5210.0,3.77,177.4,133.4,2.6,2.6878453,3.51,3.45,3.62,4.04,4.76,5.24,8.26,,1.2,1.65,127.6435,,1.757,124.4981,1.4148,0.8615,46.83,2.2703,8.6442,7.6141,1.0939,2247.56,2.558,1.1609328566,193.14,,232.71,1.5308,79.2,82.8,26.45,125.2,3.10714285833333,99.4172,92.4,0.693158934289262,0.405625,-0.48424999999999996,91.89645161290322,89.45618767721984,49.25015105087355,22.316190476190474,7.614949748743719,0.9899874843554443,0.5691519635742743,0.008032251094595018,0.6532532009406846,117.25204990599234,0.008528635540289122,0.8615
2001-08-01,54169.0,89.2003,73.0372,-33391.0,1.42,11924.877,70.989,76.553,249590.0,4024.0,398000.0,3120000.0,14.6,6.95,1615.0,1615.0,1055.8851,5243.8,3.65,177.4,133.4,2.7,2.5859519,3.36,3.29,3.47,3.76,4.57,4.97,8.05304347826087,,1.21,1.53,125.555,,1.6808,121.367,1.4372,0.9014,44.75,2.1698,8.2632,7.2771,1.1445,2148.07,2.4448,1.1085936288,184.59,,222.41,1.5399,83.0,81.9,27.47,121.7,2.954347825,98.44884,91.5,0.708243641598671,0.35646,-0.47640000000000005,80.83741935483872,90.24769949011294,60.00530132508653,21.86173913043478,7.839195979899498,1.0,0.5949547834364588,0.008239472014633303,0.649392817715436,115.33357457251539,0.008670502095391617,0.9014
2001-09-01,50735.0,88.7485,72.5829,-35338.0,1.44,11930.997,70.084,76.118,243130.0,4071.0,435000.0,3262200.0,14.62,6.8175,1565.0,1551.0,1059.5265,5355.1,3.07,178.1,133.3,2.8,3.1152263,2.64,2.63,2.82,3.12,4.12,4.73,9.096666666666668,,1.61,2.04,125.8961,,1.6338,118.6117,1.4638,0.9114,44.26,2.146,8.1654,7.1972,1.1572,2124.5,2.4179,1.0958313556,182.56,,219.97,1.5679,80.8,82.7,25.88,122.0,2.19052631583333,88.01219,81.8,1.22214724926605,1.1903,-0.36125,234.57433333333333,407.9408833241052,148.07043337796316,35.065333333333335,7.499310344827586,0.9910543130990416,0.6120700208103808,0.008430871490755129,0.637795777791951,115.6469056408654,0.008647010436279554,0.9114
2001-10-01,49736.0,88.5052,72.1596,-35084.0,1.39,11904.934,71.89,76.654,262862.0,3707.0,480750.0,3527500.0,14.66,6.6175,1566.0,1599.0,1045.2523,5343.8,2.49,177.6,130.3,1.0,2.2912795,2.16,2.12,2.33,2.73,3.91,4.57,9.796521739130435,,1.84,2.37,126.7357,,1.6357,121.4536,1.4501,0.905,44.57,2.1611,8.2186,7.2481,1.1491,2139.52,2.435,1.1038487339,183.85,,221.53,1.5717,75.8,82.8,22.21,118.1,2.4704347825,88.98055,82.7,1.44325264357697,0.8835999999999999,-0.35925,236.40612903225806,337.9183301308995,99.35938784269852,32.72130434782609,7.337493499739989,1.0210727969348659,0.6113590511707526,0.008233597028000817,0.6362537379907106,116.41815385249443,0.008589725630480556,0.905
2001-11-01,51335.0,87.97,71.7544,-33997.0,1.39,11910.073,71.633,76.81,254084.0,3775.0,447500.0,3656500.0,14.72,6.6579999999999995,1651.0,1555.0,1034.2084,5387.5,2.09,177.5,129.8,0.4,2.0813513,1.87,1.88,2.18,2.78,3.97,4.65,8.79409090909091,,1.87,2.74,127.2734,,1.6509,122.4055,1.4356,0.8883,45.41,2.2018,8.3832,7.3844,1.1279,2179.75,2.4808,1.1257230773,187.31,,225.69,1.5922,77.5,86.0,19.67,118.3,2.3555,90.27168,83.9,0.754492712479494,0.7055,-0.3896,154.38666666666668,197.33819163550638,106.29614334602026,26.63095238095238,8.170949720670391,0.9418534221683827,0.6057302077654613,0.00816956754394206,0.628061801281246,116.9120797259972,0.008553436072163504,0.8883
2001-12-01,51290.0,87.9324,71.7863,-31221.0,1.39,11929.854,71.552,76.828,249879.0,3677.0,416800.0,3589400.0,14.74,7.0649999999999995,1680.0,1693.0,1021.5675,5440.5,1.82,177.4,128.1,1.8,2.7313753,1.69,1.78,2.22,3.11,4.39,5.09,8.294761904761904,,1.98,3.37,127.3909,,1.6566,127.5945,1.4413,0.8912,45.26,2.1946,8.3526,7.3604,1.1316,2172.65,2.4727,1.1198899849,186.7,,224.96,1.5788,81.1,85.7,19.33,119.9,2.42315789472222,95.5438,88.8,0.575665261103917,0.737075,-0.36075,127.57193548387097,96.78871963480586,130.77364108038395,23.72,8.611804222648752,1.0077380952380952,0.6036460219727152,0.00783732841149109,0.6333924499619965,117.02001405766278,0.008545546743031837,0.8912
2002-01-01,47643.0,88.5176,72.1618,-33806.0,1.39,11952.127,71.667,76.871,250603.0,3699.0,408500.0,3550500.0,14.76,6.9975,1665.0,1632.0,1011.7855,5460.9,1.73,177.7,128.5,1.9,2.2902539,1.65,1.73,2.16,3.03,4.34,5.04,8.157826086956522,,2.01,3.36,128.898,,1.6709,132.6833,1.4322,0.8832,,,8.4183,,,,,1.1329108656,,,,1.5997,80.2,86.7,19.67,121.5,2.25809523805556,100.0628,93.0,0.542516641357387,0.5167999999999999,-0.42725,141.64290322580646,137.56052508035205,91.46339246894546,22.252857142857142,8.69155446756426,0.9801801801801802,0.5984798611526722,0.007536743508791234,0.625117209476777,118.40442113215792,0.008445630580667617,0.8832
2002-02-01,50422.0,88.5278,72.088,-36219.0,1.37,11953.58,71.951,77.018,252279.0,3436.0,399000.0,3554250.0,14.78,6.8925,1787.0,1671.0,1016.4296,5490.2,1.74,178.0,128.4,2.1,2.1457897,1.72,1.82,2.23,3.02,4.3,4.91,8.103,,1.89,3.15,129.6402,,1.697,133.6426,1.4227,0.8707,,,8.5343,,,,,1.1485257019,,,,1.5964,79.2,84.6,20.74,122.6,2.31052631583333,97.5881,90.7,0.454800595840709,0.530975,-0.48624999999999996,86.75392857142857,60.00462246825715,33.810857177473835,22.87578947368421,8.907894736842104,0.9350867375489648,0.5892751915144372,0.007482644007225241,0.6264094211976948,119.08619867226163,0.008397278703572614,0.8707
2002-03-01,47371.0,89.1686,72.5091,-36101.0,1.37,11946.054,71.937,77.11,251542.0,3612.0,415400.0,3610800.0,14.82,7.014,1691.0,1559.0,1012.0572,5502.0,1.73,178.5,129.8,2.7,2.013877,1.79,2.0,2.57,3.56,4.74,5.28,7.318636363636363,,1.72,3.45,128.9149,,1.6743,131.061,1.423,0.8766,,,8.4795,,,,,1.1407623889,,,,1.5877,80.0,83.3,24.42,124.7,3.0315,102.9678,95.7,0.372781624922594,0.28302,-0.4932,94.4274193548387,103.1453972321474,86.8898587606275,18.985,8.692344727973039,0.92193968066233,0.5972645284596548,0.007630034869259352,0.6298419096806702,118.41994530411662,0.008444523407200366,0.8766
2002-04-01,49964.0,89.604,72.6845,-38648.0,1.35,11960.946,72.321,77.325,254543.0,3471.0,429250.0,3689250.0,14.84,6.985,1669.0,1625.0,1000.4692,5502.1,1.75,179.3,130.8,2.8,2.5878316,1.71,1.92,2.48,3.42,4.65,5.21,7.159090909090909,,1.79,3.46,128.5416,,1.6542,130.7718,1.4429,0.886,,,8.3942,,,,,1.1276855728,,,,1.5815,78.1,82.2,26.27,124.5,3.42772727222222,100.0628,93.0,0.485553038847267,0.3846,-0.54625,74.52199999999999,57.964062896522485,22.86274290184945,19.900454545454547,8.59464181712289,0.9736369083283404,0.6045218232378189,0.007646908584266638,0.6323110970597534,118.07703563593996,0.008469047301316418,0.886
2002-05-01,50680.0,89.964,73.0064,-39212.0,1.35,11993.987,72.041,77.411,252390.0,3457.0,409000.0,3712000.0,14.88,6.806,1716.0,1705.0,990.7703,5528.3,1.75,179.5,130.8,2.7,2.6186536,1.73,1.86,2.35,3.26,4.49,5.16,7.026521739130434,,1.9,3.4,126.9577,,1.5889,126.375,1.4598,0.917,,,8.1098,,,,,1.0891203166,,,,1.5502,83.1,82.5,27.02,125.3,3.50454545555556,104.2589,96.9,0.25739220320483,0.30428,-0.6202,89.6558064516129,103.29683697149457,66.16118958749824,20.087727272727275,9.075794621026894,0.9935897435897436,0.6293662282081943,0.00791295746785361,0.6450780544445878,116.6220808450881,0.008574705516773654,0.917
2002-06-01,48847.0,90.7061,73.7004,-39676.0,1.35,12023.36,72.283,77.534,253652.0,3412.0,387200.0,3635200.0,14.93,6.65,1758.0,1589.0,983.8954,5553.3,1.75,179.6,130.9,2.7,2.3419254,1.7,1.79,2.2,2.99,4.19,4.93,7.975714285714286,,1.94,3.2,125.5364,,1.5399,123.2905,1.4837,0.9561,,,7.7775,,,,,1.0454304451,,,,1.5318,80.1,85.6,25.52,127.7,3.225,99.4172,92.4,0.731172327647412,0.703125,-0.57575,87.07466666666666,68.21598958875886,57.97449108424607,25.271,9.388429752066116,0.90386803185438,0.649392817715436,0.008110925010442816,0.6528267397832616,115.31648879746024,0.008671786753379056,0.9561
2002-07-01,49531.0,90.6769,73.6162,-38692.0,1.35,11987.388,72.762,77.692,257339.0,3367.0,386000.0,3504250.0,14.97,6.485,1738.0,1615.0,976.6186,5596.0,1.73,180.0,131.2,2.6,2.3480992,1.68,1.69,1.96,2.56,3.81,4.65,9.360434782608696,,2.09,2.94,123.8053,,1.4718,117.8991,1.5565,0.9935,,,7.4807,,,,,1.0083493024,,,,1.5456,88.8,95.2,26.94,125.4,2.99,94.79064,88.1,1.20929852510357,1.066675,-0.47275,126.56032258064516,114.26022054508677,123.75386344188995,34.04954545454546,9.078367875647668,0.929228998849252,0.6794401413235494,0.008481828953740953,0.6469979296066253,113.72631755025797,0.008793039478817906,0.9935
2002-08-01,51112.0,90.5762,73.6831,-41136.0,1.34,11987.158,72.868,77.845,259050.0,3517.0,393600.0,3516800.0,15.02,6.29,1695.0,1722.0,972.4442,5638.3,1.74,180.5,131.5,2.6,2.1314545,1.62,1.6,1.76,2.13,3.29,4.26,9.78608695652174,,2.13,2.61,125.1962,,1.4972,118.9927,1.5368,0.9781,,,7.5948,,,,,1.0224667614,,,,1.5694,105.7,106.1,28.38,119.2,3.08727272777778,94.25267,87.6,1.02300934943507,1.0022600000000002,-0.40659999999999996,114.96,131.14199275631046,71.04837939887315,33.74272727272727,8.934959349593496,1.015929203539823,0.6679134384183809,0.008403876876480658,0.6371861858034918,115.00398446016129,0.008695350901919504,0.9781
2002-09-01,48089.0,90.6531,73.7166,-41176.0,1.36,11994.021,72.531,77.972,254081.0,3301.0,409500.0,3555000.0,15.05,6.0925,1803.0,1641.0,966.4242,5662.3,1.75,180.8,132.3,2.5,2.0411286,1.63,1.6,1.72,2.0,2.94,3.87,9.84952380952381,,1.87,2.21,126.0642,,1.4931,121.078,1.5563,0.9806,,,7.5752,,,,,1.018930549,,,,1.5761,111.9,126.3,29.67,119.3,3.553,92.63875,86.1,1.46305198853605,1.273025,-0.36524999999999996,138.87133333333335,178.29577627398078,34.77410438111175,37.6475,8.68131868131868,0.9101497504159733,0.6697475051905432,0.008259138737012504,0.6344775077723495,115.80132062940142,0.008635480101304688,0.9806
2002-10-01,49106.0,90.4643,73.5323,-39488.0,1.36,12014.38,72.827,78.038,256131.0,3479.0,407500.0,3555750.0,15.12,6.1125,1799.0,1601.0,963.2808,5707.1,1.75,181.2,133.2,2.5,2.0053377,1.58,1.56,1.65,1.91,2.95,3.94,10.677391304347827,,2.03,2.33,127.0413,,1.4932,123.9077,1.5575,0.9812,,,7.5732,,,,,1.0185576368,,,,1.578,99.5,124.6,28.85,118.3,4.13304347777778,86.72106,80.6,1.55748411764003,1.14825,-0.36724999999999997,113.34322580645161,120.57671910200607,52.47552045835774,35.24304347826087,8.725766871165645,0.8899388549193996,0.669702652022502,0.008070523462222283,0.6337135614702154,116.69887497383058,0.008569062899914394,0.9812
2002-11-01,49620.0,90.9711,73.9162,-43800.0,1.35,12040.567,73.035,78.114,256350.0,3514.0,392200.0,3482400.0,15.15,6.068,1771.0,1718.0,960.7924,5758.1,1.34,181.5,133.1,2.4,2.0305948,1.23,1.27,1.49,1.92,3.05,4.05,9.648181818181818,,2.13,2.8,125.732,,1.4658,121.6079,1.5711,1.0013,,,7.4201,,,,,0.998391457,,,,1.5715,93.9,111.1,26.27,122.3,4.06210526388889,90.59446,84.2,0.924815017468693,0.9002000000000001,-0.433,136.54799999999997,206.8669626698974,21.114354854680517,28.175,8.879143294237634,0.9700734048560136,0.6822213125938055,0.008223149976276212,0.6363347120585429,115.49616501255629,0.008658296142484765,1.0013
2002-12-01,48744.0,90.4652,73.4884,-47290.0,1.37,12067.267,73.513,78.187,259206.0,3169.0,414250.0,3482750.0,15.2,6.0475,1896.0,1671.0,957.7599,5779.4,1.24,181.8,132.9,2.5,1.9511579,1.19,1.24,1.45,1.84,3.03,4.03,8.965,,2.19,2.82,125.0607,,1.4388,121.8929,1.5863,1.0194,,,7.2874,,,,,0.9816505964,,,,1.5592,91.8,106.3,29.42,123.5,4.74761904722222,93.28432,86.7,0.684629745235761,0.830875,-0.463,153.67129032258066,165.02271503489632,53.754726373393446,28.21047619047619,8.407362703681352,0.8813291139240507,0.6950236308034473,0.008203923280191053,0.6413545407901489,114.87951550747461,0.00870477208736953,1.0194
2003-01-01,48896.0,91.2361,74.1095,-44682.0,1.35,12033.66,73.503,78.24,261394.0,3441.0,395000.0,3414500.0,15.21,5.9159999999999995,1808.0,1654.0,950.1322,5812.1,1.24,182.6,135.3,2.5,2.0790118,1.17,1.2,1.36,1.74,3.05,4.05,8.21391304347826,,2.31,2.86,123.5596,,1.3765,118.8133,1.6175,1.0622,,,6.998,,,,,0.94040941,,,,1.5414,91.5,97.5,32.94,125.7,5.461428571428571,88.65776,82.4,0.572230121551976,0.7860400000000001,-0.505,184.77193548387098,171.75527105721636,29.585318590120668,27.424285714285713,8.644303797468355,0.9148230088495575,0.726480203414457,0.00841656615883912,0.6487608667445179,113.50061997331984,0.00881052456132016,1.0622
2003-02-01,49128.0,91.3445,74.0295,-43453.0,1.36,11991.075,73.266,78.348,257531.0,3229.0,411000.0,3437000.0,15.28,5.8425,1854.0,1688.0,941.2618,5848.2,1.26,183.6,137.6,2.7,2.1065381,1.17,1.18,1.3,1.63,2.9,3.9,8.433499999999999,,2.27,2.71,123.3993,,1.3602,119.3379,1.6079,1.0785,,,6.892,,,,,0.9275953902,,,,1.5121,96.8,102.7,35.87,126.8,7.862631578947368,85.9679,79.9,0.512751033673305,0.8019000000000001,-0.532,192.12321428571428,283.7969519541221,66.1536300049848,32.21842105263158,8.362530413625304,0.9104638619201726,0.7351860020585208,0.008379567597552831,0.6613319224918986,113.3533699872263,0.008821969740402858,1.0785
2003-03-01,51757.0,91.1044,74.1193,-47085.0,1.35,12008.784,73.687,78.474,260566.0,3099.0,427400.0,3540800.0,15.27,5.745,1757.0,1638.0,937.7421,5868.4,1.25,183.9,141.2,3.1,1.903343,1.13,1.13,1.24,1.57,2.78,3.81,8.043809523809523,,2.24,2.66,122.8932,,1.3614,118.6871,1.5825,1.0797,,,6.8807,,,,,0.9265309166,,,,1.4761,94.6,96.6,33.55,125.9,5.944285714285714,83.49323,77.6,0.503081613124312,0.663225,-0.5635,212.56935483870967,300.74964854125585,79.53238049194812,30.634285714285717,8.28451099672438,0.9322709163346613,0.7345379756133392,0.008425515494101718,0.6774608766343744,112.88847155951612,0.008858300464036208,1.0797
2003-04-01,49199.0,90.5617,73.6009,-45665.0,1.37,12058.25,74.035,78.561,261375.0,3108.0,436250.0,3629750.0,15.28,5.8125,1803.0,1662.0,935.3311,5905.5,1.26,183.2,136.8,2.4,1.9895133,1.13,1.14,1.27,1.62,2.93,3.96,7.01409090909091,,2.34,2.81,121.9479,,1.3783,119.895,1.5739,1.0862,,,6.8381,,,,,0.9199372046,,,,1.4582,97.1,93.4,28.25,123.8,5.276666666666667,92.53116,86.0,0.198641924992398,0.3775,-0.64775,135.47866666666667,155.59133796729333,29.72758655921441,23.99190476190476,8.320343839541547,0.9217970049916805,0.725531451788435,0.008340631385795905,0.6857769853243726,112.02012837889092,0.008926967094856858,1.0862
2003-05-01,50849.0,90.537,73.6471,-45108.0,1.37,12147.017,74.273,78.674,261392.0,3289.0,424000.0,3719200.0,15.33,5.484,1835.0,1733.0,923.877,5965.3,1.26,182.9,136.7,2.0,1.8385312,1.07,1.08,1.18,1.42,2.52,3.57,6.638695652173913,,2.15,2.48,117.9449,,1.3111,117.3681,1.6224,1.1556,,,6.4268,,,,,0.8642839574,,,,1.384,101.5,100.2,28.14,125.9,5.813333333333333,99.09441,92.1,-0.0568230208429721,0.35734,-0.709,116.63935483870968,121.92483906579868,49.04426985361315,20.23952380952381,8.771698113207547,0.9444141689373297,0.7627183281214248,0.008520202678581319,0.7225433526011561,108.34301238180774,0.009229944580790643,1.1556
2003-06-01,49941.0,90.6527,73.9947,-43896.0,1.34,12186.558,74.671,78.718,265331.0,3390.0,421750.0,3701500.0,15.36,5.23,1875.0,1641.0,917.209,6002.2,1.22,183.1,138.0,2.1,2.2847306,0.92,0.92,1.01,1.23,2.27,3.33,6.341904761904762,,2.1,2.39,117.3416,,1.3196,118.329,1.6609,1.1674,,,6.362,,,,,0.8568760615,,,,1.3525,97.3,98.2,30.72,127.0,5.829047619047619,96.51215,89.7,-0.108888300418201,0.348075,-0.7104999999999999,89.30199999999999,67.79086705312503,27.785250921772818,20.362380952380953,8.77652637818613,0.8752,0.7578053955744164,0.008451013699093207,0.7393715341959335,107.78882700058358,0.00927739940981625,1.1674
2003-07-01,49408.0,91.1185,74.2472,-44942.0,1.33,12197.554,75.008,78.915,267683.0,2981.0,411500.0,3616250.0,15.4,5.6325,1885.0,1680.0,921.4341,6049.1,1.01,183.7,137.7,1.7,1.6263355,0.9,0.95,1.12,1.47,2.87,3.98,5.85695652173913,,2.51,3.06,118.4927,,1.3611,118.6959,1.6221,1.1365,,,6.5425,,,,,0.8796626356,,,,1.3821,86.1,88.1,30.76,128.9,5.027272727272727,97.80328,90.9,-0.201891129014485,0.2195,-0.715,82.49387096774193,51.746649556235106,21.313526492932617,19.161363636363635,8.787970838396111,0.8912466843501327,0.7346998751010212,0.008424890834477013,0.7235366471311772,108.84621601488347,0.009187273904526562,1.1365
2003-08-01,50447.0,90.9197,73.9161,-43611.0,1.32,12216.821,75.672,79.004,270612.0,3190.0,400200.0,3596400.0,15.42,6.264,1966.0,1570.0,909.5964,6107.1,1.03,184.5,138.0,2.5,1.8526073,0.95,1.03,1.31,1.86,3.37,4.45,5.821363636363636,,2.59,3.48,119.8556,,1.3811,118.6624,1.5939,1.1155,,,6.6653,,,,,0.8969280973,,,,1.3963,88.8,98.3,31.59,130.3,4.986190476190476,96.08177,89.3,-0.297723431618653,0.24948,-0.683,89.77354838709678,84.19547343173775,50.62130026488396,19.274285714285714,8.986506746626686,0.7985757884028484,0.7240605314604301,0.008427269295075777,0.7161784716751414,110.0981624031984,0.009082803728711003,1.1155
2003-09-01,51971.0,91.5059,74.5478,-45611.0,1.31,12234.634,75.452,79.114,270212.0,3091.0,395500.0,3575750.0,15.42,6.1475,1961.0,1719.0,899.9446,6079.7,1.01,185.1,138.5,2.8,1.9804944,0.94,1.01,1.24,1.71,3.18,4.27,5.358636363636363,,2.56,3.31,118.6206,,1.3743,114.8,1.6155,1.1267,,,6.5953,,,,,0.8885194569,,,,1.3634,96.6,95.7,28.29,131.8,4.620952380952381,94.36026,87.7,-0.446294372976547,0.059024999999999994,-0.6727500000000001,96.15799999999999,53.8378164971781,76.28768498119294,19.532380952380954,9.041087231352718,0.8765935747067822,0.7276431637924762,0.008710801393728223,0.7334604664808567,108.96370368313902,0.009177367932609466,1.1267
2003-10-01,51088.0,91.6186,74.647,-45370.0,1.31,12281.469,75.574,79.26,269060.0,3305.0,382000.0,3486250.0,15.42,5.952,2012.0,1728.0,887.2151,6070.0,1.01,184.9,139.3,2.6,1.7885532,0.92,1.0,1.25,1.75,3.19,4.29,4.920869565217391,,2.54,3.35,116.1571,,1.3222,109.4955,1.6792,1.1714,,,6.3449,,,,,0.8546855464,,,,1.3221,84.9,92.8,30.33,136.8,4.633913043478261,96.40456,89.6,-0.449521233036788,-0.1453,-0.703,65.80032258064516,33.86371584489239,61.65050552274912,18.023478260869567,9.12630890052356,0.8588469184890656,0.7563152321887763,0.009132795411683584,0.7563724377883669,106.70075707838897,0.009372004729688452,1.1714
2003-11-01,52318.0,92.2329,75.3087,-44024.0,1.31,12352.377,76.008,79.368,270161.0,3324.0,363000.0,3373400.0,15.46,5.9325,1918.0,1692.0,882.0882,6075.5,1.0,185.0,138.9,2.7,1.9308072,0.93,1.02,1.34,1.93,3.29,4.3,4.617619047619048,,2.37,3.35,116.0338,,1.3318,109.1778,1.6897,1.171,,,6.3526,,,,,0.8534178999,,,,1.313,92.1,107.6,31.09,144.4,4.491666666666667,100.8159,93.7,-0.511026618709669,-0.234575,-0.7162499999999999,61.467,30.292232631084158,125.51745620884753,17.40105263157895,9.293112947658402,0.8821689259645464,0.7508634930169694,0.009159371227483976,0.7616146230007617,106.58749492439438,0.009381963622555622,1.171
2003-12-01,53325.0,92.2602,75.2623,-48196.0,1.31,12356.981,76.108,79.467,271550.0,3414.0,358250.0,3270250.0,15.47,5.8759999999999994,1987.0,1716.0,883.655,6073.8,0.98,185.5,139.5,2.6,2.2234564,0.9,0.99,1.31,1.91,3.27,4.27,4.278695652173913,,2.36,3.36,114.4802,,1.2643,107.7377,1.7516,1.2298,,,6.0537,,,,,0.8131120243,,,,1.3128,98.0,110.6,32.15,148.8,6.14,99.63239,92.6,-0.582759763996626,-0.2479,-0.7164999999999999,73.56870967741936,60.476482172260454,86.37821621192109,16.826363636363638,9.128401953942777,0.863613487669854,0.7909515146721506,0.009281802006168686,0.7617306520414382,105.16037341226136,0.009509285366263288,1.2298
2004-01-01,50190.0,92.4006,75.2136,-48867.0,1.31,12332.995,76.355,79.671,272465.0,3424.0,360200.0,3148200.0,15.51,5.7125,1952.0,1709.0,876.2356,6082.1,1.0,186.3,141.4,2.7,1.9069713,0.88,0.97,1.24,1.76,3.12,4.15,3.9504347826086956,,2.39,3.25,112.6356,,1.2391,106.2685,1.8255,1.2638,,,5.8952,,,,,0.7927523477,,,,1.2958,104.3,110.5,34.27,159.0,6.150526315789474,111.683,103.8,-0.574764716503485,-0.36656,-0.7598,93.05129032258066,94.51192913553523,50.050010705257975,16.101,8.740144364242088,0.8755122950819673,0.8070373658300378,0.009410126236843466,0.7717240314863405,103.46594219362044,0.009665016127999446,1.2638
2004-02-01,51210.0,92.958,75.8069,-49027.0,1.3,12349.224,76.51,79.8,274360.0,3532.0,360750.0,3114750.0,15.53,5.635,1966.0,1718.0,874.2774,6121.8,1.01,186.7,142.1,2.6,1.9871939,0.93,0.99,1.24,1.74,3.07,4.08,4.258571428571429,,2.34,3.14,113.0747,,1.2448,106.7079,1.8673,1.264,,,5.8956,,,,,0.791426784,,,,1.3299,109.0,108.3,34.74,172.9,5.376315789473684,101.5691,94.4,-0.684547044264873,-0.451125,-0.8065,83.24655172413793,53.071842748070026,147.03015210581802,15.99842105263158,8.634095634095635,0.873855544252289,0.8033419023136248,0.00937137737693273,0.7519362358072035,103.86929508752982,0.00962748422579847,1.264
2004-03-01,54995.0,92.5861,75.8094,-51543.0,1.28,12393.884,76.947,79.934,279692.0,3525.0,342000.0,3046250.0,15.56,5.445,2066.0,1794.0,869.5143,6157.9,1.0,187.1,143.1,2.9,1.7042839,0.94,0.99,1.19,1.58,2.79,3.83,4.401739130434782,,2.25,2.88,114.2224,,1.2778,108.5157,1.8261,1.2261,,,6.0757,,,,,0.8155332247,,,,1.3286,116.1,105.5,36.76,184.4,5.396086956521739,103.0754,95.8,-0.560967560441897,-0.4077,-0.8095,63.193225806451615,38.915768923689086,61.352914549992875,17.687391304347827,8.907163742690058,0.8683446272991288,0.7825950853028643,0.009215256409901978,0.7526719855486979,104.92356089563683,0.009530747826931446,1.2261
2004-04-01,52065.0,92.93,76.0725,-52183.0,1.29,12433.863,76.884,80.142,277625.0,3511.0,348250.0,3000750.0,15.59,5.83,2070.0,1938.0,864.7337,6198.9,1.0,187.4,144.8,3.2,1.8527671,0.94,1.09,1.43,2.07,3.39,4.35,3.9790909090909095,,2.28,3.39,115.031,,1.2969,107.6564,1.8031,1.1989,,,6.2104,,,,,0.833518721,,,,1.342,121.9,110.8,36.69,187.8,5.715238095238095,101.3539,94.2,-0.481357095345213,-0.50674,-0.7684,59.875,57.156985768151,27.145307329787446,15.69857142857143,8.616654702081838,0.936231884057971,0.7710694733595498,0.009288811440843274,0.7451564828614009,105.66633281550729,0.00946375229796224,1.1989
2004-05-01,52405.0,93.6013,76.628,-52560.0,1.29,12499.431,77.289,80.252,281281.0,3710.0,336200.0,2975600.0,15.63,6.27,2150.0,1893.0,862.6995,6275.7,1.0,188.2,146.8,3.3,2.2141024,1.02,1.31,1.78,2.53,3.85,4.72,4.250952380952381,,2.19,3.68,116.8454,,1.2839,112.196,1.786,1.2,,,6.2021,,,,,0.8324215129,,,,1.3789,116.7,110.9,40.28,176.2,6.335,97.05012,90.2,-0.522344344294772,-0.43362500000000004,-0.709,76.70161290322581,92.67783957726706,81.08038270769369,17.705000000000002,8.850684116597263,0.8804651162790698,0.7788768595685022,0.00891297372455346,0.7252157516861266,107.33302261443502,0.00931679715749952,1.2
2004-06-01,53213.0,92.871,76.1259,-58940.0,1.3,12511.921,76.892,80.379,279141.0,3337.0,349000.0,2950750.0,15.67,6.2875,2020.0,1857.0,869.0455,6277.9,1.03,188.9,147.2,3.3,2.5740778,1.27,1.6,2.12,2.76,3.93,4.73,4.069090909090909,,1.97,3.44,115.7666,,1.2503,109.4336,1.8279,1.2146,,,6.122,,,,,0.8231777259,,,,1.3578,110.4,106.5,38.02,177.1,6.267142857142857,102.8602,95.6,-0.621333506141737,-0.5866750000000001,-0.687,79.36333333333333,114.73608299109554,43.1816154263494,15.342727272727274,8.45487106017192,0.9193069306930693,0.7998080460689435,0.009137961284285631,0.7364854912358227,106.34204766123659,0.009403618060709173,1.2146
2004-07-01,53699.0,93.5649,76.8104,-56104.0,1.31,12556.147,77.568,80.474,281350.0,3814.0,343000.0,2917000.0,15.69,6.056,2112.0,1881.0,878.117,6291.1,1.26,189.1,147.4,3.0,2.2558469,1.33,1.66,2.1,2.64,3.69,4.5,4.0117391304347825,,1.86,3.14,114.9737,,1.2452,109.4871,1.8438,1.2266,,,6.0631,,,,,0.815449971,,,,1.3225,97.6,103.9,40.69,184.0,5.935,104.0438,96.7,-0.596281211721019,-0.5080199999999999,-0.6912,60.95,73.3490920294071,26.126513042198276,15.502380952380953,8.504373177842565,0.890625,0.8030838419530999,0.009133496092233698,0.7561436672967864,105.61369760525676,0.009468468794053723,1.2266
2004-08-01,51950.0,93.6277,77.1402,-56935.0,1.31,12606.222,77.855,80.505,281006.0,3541.0,340750.0,2891500.0,15.73,5.8675,2056.0,1911.0,882.8316,6317.8,1.43,189.2,148.0,2.8,2.3408529,1.48,1.72,2.02,2.51,3.47,4.28,4.081363636363637,,1.77,2.78,115.1471,,1.2623,110.2336,1.8203,1.2191,,,6.1007,,,,,0.8202851114,,,,1.3127,91.2,95.3,44.94,184.7,5.407727272727273,103.183,95.9,-0.597516339695149,-0.48702500000000004,-0.6992499999999999,70.37935483870967,95.12458581094265,39.35426241906095,16.68409090909091,8.48569332355099,0.9294747081712063,0.7922047056959518,0.009071644217371111,0.7617886798202179,105.77298112109344,0.00945421022836784,1.2191
2004-09-01,56227.0,93.7467,77.1344,-55895.0,1.3,12621.706,78.358,80.656,286866.0,3821.0,337250.0,2862750.0,15.78,5.754,2041.0,1796.0,886.7373,6352.2,1.61,189.8,147.7,2.8,2.6767708,1.65,1.87,2.12,2.53,3.36,4.13,3.8736363636363635,,1.6,2.45,114.7086,,1.2629,110.0914,1.7937,1.2224,,,6.0866,,,,,0.8178968621,,,,1.2881,86.0,104.2,45.95,187.3,5.167142857142857,101.3539,94.2,-0.61133980129047,-0.614675,-0.7004999999999999,75.086,71.32165236865772,32.89349496032668,14.08095238095238,8.488510007412899,0.8799608035276825,0.7918283316177054,0.009083361643143788,0.7763372408974458,105.37017938121811,0.009490351120900214,1.2224
2004-10-01,53948.0,94.5465,77.7669,-59561.0,1.29,12628.422,78.542,80.831,287700.0,3943.0,334000.0,2778000.0,15.81,5.7225,2097.0,1839.0,889.5302,6379.8,1.76,190.8,150.0,3.1,2.145831,1.76,2.0,2.23,2.58,3.35,4.1,3.727272727272727,,1.52,2.31,113.0771,,1.233,108.7835,1.8077,1.2507,,,5.9486,,,,,0.8010767148,,,,1.2469,71.8,101.9,53.13,194.1,6.378571428571429,98.66404,91.7,-0.476714790726185,-0.5654,-0.7011999999999999,102.47483870967741,107.70223015002409,63.260373273663284,14.973809523809523,8.317365269461078,0.876967095851216,0.8110300081103,0.009192570564469794,0.8019889325527308,103.87149970366596,0.009627279887677474,1.2507
2004-11-01,55318.0,94.7813,77.7031,-63496.0,1.29,12595.005,78.683,81.005,289679.0,3472.0,328750.0,2734500.0,15.84,5.73,2079.0,1758.0,897.9707,6406.3,1.93,191.7,151.4,2.8,2.2068239,2.07,2.27,2.5,2.85,3.53,4.19,3.2895454545454546,,1.34,2.08,110.1773,,1.1711,104.699,1.8607,1.2997,,,5.7178,,,,,0.7693685486,,,,1.1968,69.6,108.8,48.46,194.6,6.187,99.84757,92.8,-0.555904598814247,-0.809725,-0.713,72.18733333333333,78.57551175347272,40.81602708243197,13.577619047619047,8.31787072243346,0.8455988455988456,0.853898044573478,0.009551189600664763,0.8355614973262031,101.20777225716539,0.009880664080413066,1.2997
2004-12-01,56631.0,95.5365,78.2322,-59655.0,1.28,13020.595,79.199,81.109,293401.0,4074.0,325250.0,2719000.0,15.86,5.752,2082.0,1921.0,906.5194,6424.5,2.16,191.7,150.2,3.0,1.7525286,2.19,2.43,2.67,3.01,3.6,4.23,3.100869565217391,,1.22,2.01,108.9736,,1.1465,103.8104,1.9286,1.3406,,,5.5449,,,,,0.7454376067,,,,1.2189,75.6,105.1,43.33,202.3,6.581904761904762,104.4741,97.1,-0.710473587992779,-0.80062,-0.7053999999999999,40.12580645161291,28.592294059833076,32.59009966688517,12.459545454545456,8.359723289777094,0.9226705091258406,0.872219799389446,0.00963294621733468,0.820411846747067,100.10206540588159,0.009989803866137252,1.3406
2005-01-01,57884.0,95.8801,78.6268,-61181.0,1.29,12665.162,79.033,81.401,290111.0,3804.0,343400.0,2723800.0,15.9,5.71,2139.0,1892.0,921.3183,6430.8,2.28,191.6,150.9,2.9,2.1405957,2.33,2.61,2.86,3.22,3.71,4.22,3.2042857142857146,,1.0,1.85,109.5418,,1.1792,103.341,1.8797,1.3123,,,5.6699,,,,,0.7628096826,,,,1.2248,77.2,105.7,46.84,201.9,6.152,102.7526,95.5,-0.625796964916289,-0.73375,-0.698,66.99064516129032,77.83283293286578,18.4823967002117,13.437999999999999,7.93185789167152,0.884525479195886,0.8480325644504749,0.009676701406024715,0.8164598301763553,100.62400827611458,0.00993798614398243,1.3123
2005-02-01,57580.0,96.5761,79.1803,-63446.0,1.29,12674.095,79.383,81.536,293710.0,3965.0,311750.0,2686500.0,15.93,5.6275,2114.0,1908.0,931.6006,6438.9,2.5,192.4,151.6,2.9,2.1370072,2.54,2.77,3.03,3.38,3.77,4.17,3.0515,,0.79,1.59,109.7431,,1.1918,104.9442,1.8871,1.3013,,,5.7195,,,,,0.7676513351,,,,1.2401,75.6,101.2,47.97,207.0,6.138421052631579,101.2463,94.1,-0.851567212062934,-0.9099,-0.71075,63.730357142857144,31.340544536425046,18.23341731226838,11.708947368421052,8.617481956696071,0.902554399243141,0.8390669575432119,0.009528873439408753,0.8063865817272801,100.80892045453398,0.009919757056132864,1.3013
2005-03-01,56576.0,96.4456,78.6751,-58949.0,1.29,12716.359,79.51,81.737,294743.0,4044.0,332000.0,2659500.0,15.97,5.928,2062.0,1787.0,945.8622,6448.3,2.63,193.1,153.7,3.2,2.3342418,2.74,3.0,3.3,3.73,4.17,4.5,2.983913043478261,,0.77,1.7,109.1596,,1.1756,105.2543,1.9043,1.3185,,,5.6488,,,,,0.7588134294,,,,1.216,84.1,108.6,54.31,212.2,6.955454545454545,99.63239,92.6,-0.754572880163942,-0.8486750000000001,-0.68475,55.76258064516129,42.25327753097176,25.752851420752464,13.126363636363635,8.010542168674698,0.8666343355965083,0.8506294658046955,0.009500799492277275,0.8223684210526316,100.27292315643304,0.00997278196866693,1.3185
2005-04-01,58138.0,96.6532,78.8731,-62621.0,1.28,12759.492,80.026,81.831,297153.0,4159.0,323200.0,2604400.0,16.01,5.855,2150.0,1927.0,958.801,6461.8,2.79,193.7,155.0,3.3,2.4622893,2.78,3.05,3.32,3.65,4.0,4.34,3.7813636363636363,,0.69,1.5,110.0809,,1.1954,107.1938,1.8961,1.2943,,,5.7554,,,,,0.7726796173,,,,1.2359,77.8,98.3,53.04,213.4,7.175714285714286,94.36026,87.7,-0.417006393738831,-0.69668,-0.6284,66.458,68.83730803378565,31.989523222747614,14.459047619047618,8.058168316831683,0.8962790697674419,0.8365400702693659,0.009328897753414844,0.8091269520187717,101.11922017569678,0.009889316771455306,1.2943
2005-05-01,57105.0,96.7402,78.9331,-61685.0,1.29,12815.998,79.917,81.999,295314.0,3797.0,327000.0,2586250.0,16.04,5.72,2085.0,2103.0,968.6237,6479.0,3.0,193.6,154.3,3.2,2.5780667,2.84,3.08,3.33,3.64,3.85,4.14,4.227727272727273,,0.5,1.24,110.5769,,1.2172,106.5952,1.8559,1.2697,,,5.8628,,,,,0.7885121195,,,,1.2555,77.7,100.3,49.83,215.9,6.473809523809524,93.4995,86.9,-0.477778831784019,-0.669975,-0.601,73.0741935483871,60.592869982490214,102.59660382579072,13.967619047619047,7.909021406727828,1.00863309352518,0.821557673348669,0.009381285461259043,0.7964954201513341,101.57484084383398,0.009844957586863934,1.2697
2005-06-01,58903.0,97.1753,78.9349,-63601.0,1.27,12849.466,80.62,82.056,305083.0,4062.0,325750.0,2600000.0,16.08,5.582,2178.0,1965.0,975.0068,6511.7,3.04,193.7,154.3,3.2,2.3619011,2.97,3.13,3.36,3.64,3.77,4.0,3.902727272727273,,0.36,0.96,111.6389,,1.2665,108.7473,1.8177,1.2155,,,6.1247,,,,,0.8225777413,,,,1.2402,80.6,100.2,56.26,228.6,7.184545454545455,103.2906,96.0,-0.559436476207036,-0.7148,-0.6014999999999999,59.68933333333334,61.4135147374454,62.025687778154534,11.868636363636364,7.981580966999233,0.9022038567493113,0.7895775759968418,0.009195630604162126,0.8063215610385422,102.5503834840794,0.009751304344515167,1.2155
2005-07-01,57606.0,96.8676,78.4897,-63343.0,1.26,12868.735,81.199,82.176,307320.0,4256.0,324400.0,2595200.0,16.15,5.695,2203.0,1886.0,989.703,6543.5,3.26,194.9,156.3,3.0,2.3318043,3.22,3.42,3.64,3.87,3.98,4.18,3.494090909090909,,0.31,0.89,112.1025,,1.2945,111.9535,1.7507,1.2041,,,6.1943,,,,,0.8299360787,,,,1.2229,84.8,98.1,58.7,231.4,7.6165,103.8286,96.5,-0.59494541593687,-0.8371600000000001,-0.6098,50.884838709677425,56.60819118943854,132.53006740360505,11.049,8.0,0.8561053109396278,0.772499034376207,0.008932279919788125,0.8177283506419167,102.97624183437861,0.009710977815721278,1.2041
2005-08-01,60352.0,97.1833,78.7308,-63929.0,1.26,12891.416,80.839,82.243,303216.0,4142.0,315750.0,2580750.0,16.17,5.82,2219.0,1952.0,995.5061,6576.3,3.5,196.1,157.6,3.1,2.4638191,3.44,3.66,3.87,4.04,4.12,4.26,3.3739130434782605,,0.22,0.74,110.6422,,1.2629,110.6065,1.7944,1.2295,,,6.0665,,,,,0.8133932101,,,,1.2043,77.7,96.9,64.97,238.7,9.524782608695652,95.86658,89.1,-0.71764141813784,-0.8566750000000001,-0.60675,56.08838709677419,42.41258188467616,25.405351802618714,12.951304347826087,8.173396674584323,0.8796755295178008,0.7918283316177054,0.009041059973871337,0.830357884248111,101.63482477453834,0.009839147184228934,1.2295
2005-09-01,58344.0,95.3005,77.6962,-70530.0,1.25,12850.144,80.521,82.425,304187.0,4352.0,382750.0,2716500.0,16.19,5.774,2263.0,1922.0,1000.7563,6610.1,3.62,198.8,162.2,4.3,2.3538136,3.42,3.67,3.85,3.95,4.01,4.2,3.639090909090909,,0.25,0.71,110.5133,,1.2671,111.239,1.8064,1.2234,,,6.0973,,,,,0.8166935065,,,,1.1777,67.8,103.7,65.57,246.0,12.5315380952381,82.74007,76.9,-0.583531157211365,-0.7891,-0.5773999999999999,85.24833333333332,126.8743664666778,21.942887584095082,12.628095238095238,7.097322011757021,0.8493150684931506,0.7892036934732856,0.008989652909501164,0.8491126772522714,101.51641851622608,0.009850623323951908,1.2234
2005-10-01,59751.0,96.4572,78.6389,-73179.0,1.25,12925.11,80.738,82.662,303989.0,4184.0,352200.0,2803400.0,16.28,6.065,2170.0,1962.0,1014.6763,6643.9,3.78,199.1,166.2,4.6,2.8474638,3.71,3.99,4.18,4.27,4.33,4.46,3.584761904761905,,0.19,0.67,111.5674,,1.288,114.8695,1.7651,1.2022,,,6.2064,,,,,0.8312796932,,,,1.1774,62.6,109.2,62.37,261.9,13.63380952380952,79.83502,74.2,-0.461011134129381,-0.7432,-0.5754999999999999,62.99677419354839,80.45718733124258,30.771824027922616,14.937619047619048,7.959681998864282,0.904147465437788,0.7763975155279503,0.008705531059158436,0.8493290300662477,102.48470429502333,0.009757553645481514,1.2022
2005-11-01,60459.0,97.5414,79.1894,-69822.0,1.25,13010.071,80.976,82.873,306566.0,4248.0,317250.0,2701250.0,16.3,6.33,2218.0,1907.0,1023.0361,6660.7,4.0,198.1,163.7,3.3,3.0510174,3.88,4.15,4.33,4.42,4.45,4.54,3.6213636363636366,,0.12,0.57,112.3629,,1.311,118.454,1.7349,1.1789,,,6.3277,,,,,0.8479040994,,,,1.1815,69.2,106.4,58.3,274.9,10.3005,87.797,81.6,-0.487223770038319,-0.81055,-0.586,48.773,32.466095980037096,14.39104363611126,12.147619047619047,8.51457840819543,0.8597835888187556,0.7627765064836003,0.008442095665828086,0.8463817181548878,103.21544268515065,0.00968847271285179,1.1789
2005-12-01,61271.0,98.0452,79.1365,-70516.0,1.25,13055.374,81.292,82.959,306723.0,4282.0,316400.0,2639400.0,16.36,6.272,2120.0,1941.0,1036.3155,6687.8,4.16,198.1,163.0,3.1,3.2271725,3.89,4.18,4.35,4.4,4.39,4.47,3.65695652173913,,0.07,0.5,111.6511,,1.3053,118.4624,1.7458,1.1861,,,6.2844,,,,,0.8431824679,,,,1.1615,76.1,104.0,59.43,288.4,13.04904761904762,98.44884,91.5,-0.513722893114425,-0.69902,-0.5660000000000001,60.027419354838706,78.73817649110998,29.633586644883177,11.26,8.34197218710493,0.9155660377358491,0.7661074082586379,0.008441497048852631,0.8609556607834696,102.56159028277148,0.009750238829594107,1.1861
2006-01-01,62469.0,98.1999,79.5941,-72871.0,1.25,13214.527,81.714,83.145,315566.0,4397.0,295750.0,2557000.0,16.42,6.145,2212.0,2036.0,1048.677,6730.1,4.29,199.3,164.3,3.0,2.4027758,4.24,4.31,4.45,4.4,4.35,4.42,3.553181818181818,,0.02,0.08,110.1981,100.0,1.2773,115.4765,1.7686,1.2126,,,6.153,,,,,0.8252306086,,,,1.1572,77.8,103.4,65.51,294.2,8.685,98.12607,91.2,-0.488165202799979,-0.915925,-0.586,63.64354838709678,62.222410814143004,21.522698457213004,12.036,8.6458157227388,0.9204339963833634,0.7829014327096218,0.008659770602676736,0.8641548565502938,101.22687893034532,0.009878799095328274,1.2126
2006-02-01,62592.0,98.2413,79.2317,-67493.0,1.25,13283.182,81.885,83.279,313440.0,4325.0,290750.0,2507250.0,16.48,6.2525,2141.0,2048.0,1058.2694,6754.7,4.49,199.4,161.8,3.0,2.5082827,4.43,4.52,4.68,4.67,4.57,4.57,3.335,,-0.1,0.03,110.3774,100.2112,1.3052,117.8605,1.748,1.194,,,6.2514,,,,,0.8375599006,,,,1.1489,79.2,107.8,61.63,305.1,7.525263157894737,93.28432,86.7,-0.592584946446842,-1.03225,-0.62475,59.09428571428571,60.37162199694527,17.34480215893843,12.471052631578948,8.623387790197764,0.9565623540401681,0.7661661048115231,0.008484606802109274,0.8703977717817042,101.3915821275167,0.00986275170992336,1.194
2006-03-01,65096.0,98.4628,79.0731,-68017.0,1.26,13340.072,82.057,83.509,314471.0,4732.0,301750.0,2455500.0,16.54,6.324,2118.0,2245.0,1068.6019,6769.3,4.59,199.7,162.2,3.0,1.768612,4.51,4.62,4.77,4.73,4.72,4.72,3.2517391304347822,,-0.01,0.09,110.5359,100.4281,1.305,117.2778,1.7442,1.2028,,,6.2025,,,,,0.8311872662,,,,1.1573,81.0,108.1,62.9,315.0,6.88,95.6514,88.9,-0.565639280496698,-1.0305199999999999,-0.6317999999999999,51.51064516129032,46.38076046654976,47.77774876657805,11.69391304347826,8.137531068765535,1.0599622285174692,0.7662835249042146,0.008526762950873908,0.8640801866413204,101.53717865150813,0.009848609280667137,1.2028
2006-04-01,63272.0,98.7618,79.2153,-68707.0,1.27,13347.045,82.203,83.764,316094.0,4790.0,303600.0,2401000.0,16.63,6.5075,1998.0,2071.0,1085.217,6806.9,4.79,200.7,164.3,3.3,2.6830379,4.6,4.72,4.9,4.89,4.9,4.99,3.06,,0.1,0.27,109.7646,99.7435,1.283,117.0695,1.768,1.2273,,,6.0798,,,,,0.8141953955,,,,1.1441,88.9,115.3,69.69,364.4,7.168421052631579,94.03748,87.4,-0.456198162286414,-1.02575,-0.62275,69.78299999999999,57.94457797737796,23.070117893773688,11.84736842105263,7.908432147562582,1.0365365365365364,0.779423226812159,0.008541934491904381,0.87404947120007,100.82867014075363,0.009917814036464348,1.2273
2006-05-01,64145.0,98.7869,78.8787,-71283.0,1.27,13336.874,82.341,83.974,314919.0,4463.0,332750.0,2383750.0,16.65,6.5975,1905.0,1897.0,1103.3153,6813.7,4.94,201.3,165.8,4.0,2.8830197,4.72,4.82,5.0,4.97,5.0,5.11,3.0186956521739132,,0.14,0.27,107.5444,97.5118,1.219,111.7305,1.8687,1.2767,,,5.8398,,,,,0.7829057142,,,,1.11,89.3,117.3,70.94,460.8,6.235909090909091,85.10715,79.1,-0.696510895233249,-0.97185,-0.5994999999999999,67.5151612903226,95.86812370732414,41.90670034829922,14.454545454545455,7.1637866265965435,0.9958005249343832,0.8203445447087776,0.00895010762504419,0.9009009009009008,98.78921649680557,0.010122562314605824,1.2767
2006-06-01,63601.0,99.0997,78.9462,-69728.0,1.27,13353.303,82.386,84.186,316978.0,4614.0,305500.0,2408500.0,16.72,6.6819999999999995,1867.0,2050.0,1118.8134,6851.8,4.99,201.8,166.1,3.3,2.7447553,4.79,4.97,5.16,5.12,5.07,5.11,3.2809090909090908,,-0.01,0.19,108.7959,98.6927,1.2321,114.625,1.8435,1.2661,,,5.8897,,,,,0.7897520166,,,,1.1137,88.2,115.3,70.96,444.0,6.203636363636364,91.34762,84.9,-0.454583468422585,-0.8203400000000001,-0.5452,67.88633333333334,91.21692511895127,23.326821235994167,16.918636363636363,7.88379705400982,1.098018211033744,0.8116224332440549,0.008724100327153763,0.8979078746520608,99.93883195280098,0.010006120548539922,1.2661
2006-07-01,63922.0,99.0489,78.5463,-72687.0,1.29,13342.387,82.851,84.268,317984.0,4394.0,318800.0,2449400.0,16.78,6.7625,1763.0,1934.0,1130.7415,6893.6,5.24,202.9,166.8,3.2,2.8005219,4.95,5.06,5.22,5.12,5.04,5.09,3.3704761904761904,,-0.03,0.01,108.5049,98.4387,1.2376,115.767,1.8443,1.2681,,,5.8826,,,,,0.7878321157,,,,1.1294,95.3,124.9,74.41,464.8,6.173157894736842,91.13243,84.7,-0.422512126122568,-0.871675,-0.542,74.71290322580644,120.16363501225362,48.56916487906032,15.325999999999999,7.683186951066499,1.0969937606352809,0.8080155138978669,0.008638040201439098,0.8854258898530193,99.67152224629307,0.010032956028593127,1.2681
2006-08-01,64379.0,99.4836,78.9594,-74214.0,1.28,13329.621,82.576,84.44,318802.0,4710.0,314250.0,2466250.0,16.82,6.523999999999999,1722.0,1877.0,1151.7102,6925.1,5.25,203.8,167.9,3.8,2.8670646,4.96,4.97,5.08,4.9,4.82,4.88,3.4182608695652177,,-0.02,-0.21,107.8084,97.7138,1.2318,115.9243,1.8941,1.281,,,5.8236,,,,,0.7806007433,,,,1.1182,82.1,110.1,73.05,450.8,7.132608695652174,88.22739,82.0,-0.583716504379256,-0.9562999999999999,-0.5894999999999999,71.14838709677419,134.59693721005104,35.707896592305666,13.351739130434783,7.848050914876691,1.0900116144018583,0.8118201006656924,0.008626319072015099,0.8942944017170452,99.03172427178184,0.010097774297614048,1.281
2006-09-01,66981.0,99.3183,78.8808,-71279.0,1.31,13408.301,83.088,84.573,316400.0,4737.0,316200.0,2446200.0,16.87,6.4025,1655.0,2011.0,1150.8735,6952.4,5.25,202.8,165.4,3.1,2.6513028,4.81,4.89,4.97,4.77,4.67,4.72,3.428636363636364,,-0.05,-0.21,108.0537,97.9814,1.2455,117.2145,1.8839,1.2722,,,5.8633,,,,,0.785348419,,,,1.1161,82.9,114.6,63.87,449.1,4.897,91.88559,85.4,-0.52562087504167,-0.8855599999999999,-0.606,39.139,35.063340463333255,15.844100368139449,12.1845,7.7362428842504745,1.2151057401812688,0.8028904054596547,0.008531367706213822,0.8959770629871875,99.25705441269727,0.010074850658393877,1.2722
2006-10-01,66492.0,99.2044,78.3488,-65954.0,1.32,13479.95,83.447,84.726,316145.0,4591.0,315500.0,2446250.0,16.93,6.3575,1570.0,1918.0,1161.5392,7001.7,5.25,201.9,162.2,3.1,2.4007047,4.92,4.92,5.01,4.8,4.69,4.73,3.252272727272727,,-0.07,-0.32,108.3583,98.3156,1.2602,118.609,1.8765,1.2617,,,5.9085,,,,,0.7922798054,,,,1.1285,108.2,128.2,58.88,437.1,5.843636363636364,100.7083,93.6,-0.645547137694307,-0.958975,-0.619,42.938709677419354,36.09655980452553,23.571865623700354,11.306363636363637,7.753565768621236,1.221656050955414,0.7935248373274083,0.008431063410027907,0.8861320336730172,99.5368569439767,0.010046529805163927,1.2617
2006-11-01,66484.0,99.1627,78.2681,-65796.0,1.31,13547.935,83.477,84.766,317123.0,4645.0,326250.0,2476000.0,16.98,6.24,1535.0,1893.0,1170.5212,7037.2,5.25,202.0,164.6,3.0,1.8893923,4.94,4.95,5.01,4.74,4.58,4.6,3.14,,-0.14,-0.47,107.4592,97.5133,1.2356,117.3205,1.9125,1.2888,,,5.7858,,,,,0.7758053555,,,,1.1359,137.4,130.3,59.37,419.6,7.41,99.09441,92.1,-0.739059809709376,-0.95545,-0.631,50.216,48.19654218698915,41.70326976408417,10.817619047619049,7.589272030651341,1.2332247557003257,0.8093234056328908,0.008523659547990335,0.8803591865481117,98.71095262397232,0.010130588079819081,1.2888
2006-12-01,65935.0,100.1735,79.227,-69259.0,1.28,13627.346,83.961,84.88,320312.0,4620.0,324000.0,2481200.0,17.05,6.135,1638.0,1888.0,1182.8014,7080.1,5.24,203.1,165.6,2.9,1.9891528,4.85,4.88,4.94,4.67,4.53,4.56,2.9936363636363637,,-0.11,-0.41,106.6566,96.7951,1.2099,117.322,1.9629,1.3205,,,5.6452,,,,,0.7576693085,,,,1.1532,136.4,127.2,62.03,417.4,6.7295,98.66404,91.7,-0.678752126971857,-0.9187200000000001,-0.6244,38.20903225806452,17.616228674882336,18.37326043106117,10.9645,7.658024691358024,1.1526251526251525,0.8265145879824779,0.008523550570225533,0.8671522719389525,97.97369224444223,0.010206821618042339,1.3205
2007-01-01,64155.0,99.8346,78.781,-65776.0,1.3,13651.743,84.127,85.224,320305.0,4763.0,317250.0,2524250.0,17.09,6.2175,1626.0,1822.0,1192.29,7118.3,5.25,203.437,164.0,3.0,2.6838116,4.98,4.95,5.06,4.88,4.75,4.76,2.767826086956522,,-0.12,-0.35,107.6788,97.8338,1.2431,120.4471,1.9587,1.2993,,,5.7364,,,,,0.7692050272,,,,1.1763,134.6,121.9,54.57,387.7,6.5855,104.2589,96.9,-0.720861204899902,-1.02265,-0.6635,56.95483870967742,44.72173252930129,50.287613799814416,11.0425,7.95665878644602,1.120541205412054,0.8044405116241653,0.008302399974760703,0.8501232678738417,98.91267500042984,0.01010992777210458,1.2993
2007-02-01,63735.0,100.7753,78.8347,-66380.0,1.29,13711.191,84.106,85.408,321434.0,4699.0,322750.0,2569250.0,17.16,6.285,1598.0,1640.0,1204.8529,7134.3,5.26,204.226,166.8,3.0,2.6396415,5.03,4.96,5.05,4.85,4.71,4.72,2.6205,,-0.13,-0.44,107.2734,97.4764,1.2393,120.5047,1.9589,1.308,,,5.6981,,,,,0.7641653326,,,,1.171,156.4,130.1,59.26,379.2,8.004736842105263,98.23366,91.3,-0.725542169082435,-1.105375,-0.6757500000000001,58.37785714285714,27.484564576369806,20.558662847648186,11.155263157894737,7.960495739736638,1.0262828535669588,0.8069071249899136,0.008298431513459641,0.8539709649871904,98.54027859143223,0.01014813449174627,1.308
2007-03-01,66936.0,100.9547,79.285,-70644.0,1.28,13762.811,84.2,85.494,323708.0,4962.0,309400.0,2519000.0,17.22,6.156000000000001,1596.0,1623.0,1215.6537,7168.2,5.26,205.288,169.3,3.0,2.7976602,4.94,4.89,4.92,4.57,4.48,4.56,2.86,,-0.01,-0.52,106.7481,97.0118,1.2178,117.26,1.9474,1.3246,,,5.6232,,,,,0.7547579095,,,,1.1682,154.3,132.6,60.56,397.3,7.11,95.11342,88.4,-0.492676435272639,-0.8576,-0.6234,54.72451612903226,59.732663817455084,22.403890300003496,15.162727272727272,8.141564318034906,1.0169172932330828,0.8211528986697323,0.008528057308545113,0.8560178051703476,98.05774323463285,0.01019807275808089,1.3246
2007-04-01,66118.0,101.6334,79.5845,-68670.0,1.28,13784.697,84.281,85.616,322878.0,4689.0,320250.0,2496000.0,17.27,6.18,1470.0,1539.0,1226.6366,7240.7,5.25,205.904,171.4,3.3,2.7184483,4.87,4.86,4.93,4.67,4.59,4.69,2.741904761904762,,0.02,-0.32,105.4025,95.6322,1.2124,118.9324,1.9879,1.3513,,,5.5155,,,,,0.7401965351,,,,1.135,136.9,134.8,63.97,459.1,7.599,93.7147,87.1,-0.268309773110609,-1.004475,-0.59575,44.371,31.232594761195553,27.83127901420889,12.933000000000002,7.793911007025761,1.046938775510204,0.8248102936324646,0.00840813773202256,0.8810572687224669,96.82168845429933,0.010328264420548796,1.3513
2007-05-01,64975.0,101.7306,79.3763,-67895.0,1.27,13791.861,84.405,85.717,327266.0,4657.0,304250.0,2447750.0,17.34,6.2620000000000005,1493.0,1536.0,1244.7308,7254.6,5.25,206.755,173.3,3.3,2.9243064,4.73,4.78,4.91,4.77,4.67,4.75,2.5660869565217395,,-0.02,-0.12,104.4998,94.7225,1.2211,120.7732,1.9842,1.3518,,,5.512,,,,,0.74015873,,,,1.0951,143.2,136.9,63.46,476.2,7.640909090909091,95.00583,88.3,-0.56705958088249,-0.9437,-0.56575,55.788387096774194,36.276646296704534,14.30858356329337,13.297727272727274,8.04519309778143,1.028801071667783,0.8189337482597657,0.008279982645156376,0.9131586156515387,95.99247721009074,0.01041748300558369,1.3518
2007-06-01,64874.0,101.7893,79.4851,-68735.0,1.28,13786.416,84.409,85.859,324076.0,4859.0,315200.0,2482000.0,17.41,6.657500000000001,1407.0,1481.0,1263.9333,7287.8,5.25,207.234,173.8,3.4,3.214615,4.61,4.76,4.96,4.98,5.03,5.1,2.612727272727273,,0.12,0.36,104.2476,94.4449,1.233,122.6886,1.9867,1.3421,,,5.5463,,,,,0.7450341002,,,,1.0651,153.1,150.4,67.48,465.0,7.347142857142857,91.778,85.3,-0.58451918335216,-0.7348,-0.5368,50.80166666666666,42.459964735377845,22.40590885035037,14.947619047619046,7.874365482233503,1.052594171997157,0.8110300081103,0.008150716529490109,0.9388789784996715,95.76080879778388,0.010442685400785193,1.3421
2007-07-01,64902.0,101.6672,79.2955,-69198.0,1.29,13795.953,84.666,85.988,325455.0,4598.0,313250.0,2542250.0,17.46,6.695,1361.0,1534.0,1281.8644,7318.7,5.26,207.603,175.1,3.4,2.614408,4.82,4.83,4.96,4.82,4.88,5.0,3.3486363636363636,,0.18,0.04,102.9369,93.2059,1.2069,121.4148,2.0355,1.3726,,,5.4199,,,,,0.728967982,,,,1.0502,133.3,159.1,74.18,484.2,6.222857142857143,97.26531,90.4,-0.212112855007197,-0.572325,-0.40575,38.93387096774194,25.43432020815925,22.25153743110583,17.273333333333333,8.115722266560255,1.127112417340191,0.8285690612312535,0.008236228202822061,0.9521995810321843,94.55681281043016,0.010575652565667847,1.3726
2007-08-01,66265.0,101.863,78.8946,-67060.0,1.28,13795.066,85.023,86.116,327444.0,4546.0,320000.0,2553000.0,17.5,6.572,1321.0,1512.0,1306.9108,7394.8,5.02,207.667,172.4,3.2,2.6534371,4.2,4.38,4.47,4.31,4.43,4.67,4.31,,0.36,0.35,103.4872,93.7603,1.2027,116.7335,2.011,1.3626,,,5.4621,,,,,0.734198174,,,,1.0579,126.0,172.9,72.39,462.3,6.228260869565217,89.7337,83.4,0.73946815402848,0.73468,0.0368,81.75161290322582,148.93293546856887,49.82382816529703,25.02608695652174,7.978125,1.1445874337623012,0.8314625426124552,0.008566521178581983,0.9452689290103033,95.06231291864772,0.010519415836807783,1.3626
2007-09-01,65393.0,102.0894,78.9517,-67714.0,1.28,13813.791,85.095,86.351,328668.0,4652.0,313400.0,2537200.0,17.55,6.3825,1261.0,1356.0,1349.608,7413.0,4.94,208.547,173.5,3.1,2.5740481,3.89,4.05,4.14,4.01,4.2,4.52,4.424285714285714,,0.51,0.53,102.1135,92.4366,1.1852,115.0435,2.0184,1.391,,,5.3563,,,,,0.718849564,,,,1.0267,124.2,215.5,79.93,462.3,6.068947368421053,89.7337,83.4,0.351799418245042,1.124825,0.16025,79.89133333333332,154.1409047843251,30.1434160400047,22.198947368421056,8.095724313975749,1.0753370340999207,0.8437394532568343,0.008692364192674945,0.9739943508327652,93.8004457577201,0.010660930147207712,1.391
2007-10-01,64974.0,101.8015,78.7002,-68299.0,1.27,13796.513,85.162,86.576,330544.0,4636.0,328250.0,2561750.0,17.58,6.375,1192.0,1405.0,1375.0587,7428.1,4.76,209.19,174.7,3.1,2.2920506,3.9,4.01,4.1,3.97,4.2,4.53,4.160869565217391,,0.56,0.53,100.0509,90.4002,1.1741,115.8661,2.0449,1.4233,,,5.2363,,,,,0.7027786407,,,,0.9754,124.8,227.5,86.2,478.2,6.735652173913043,87.04385,80.9,0.341552854367855,0.633,-0.009,72.21290322580644,122.13596325685135,46.92905475542248,19.115652173913045,7.804265041888804,1.1786912751677852,0.8517162081594414,0.008630652106181186,1.025220422390814,91.9057619067124,0.01088071062416125,1.4233
2007-11-01,65466.0,102.3446,78.9719,-71741.0,1.26,13787.506,85.34,86.746,334021.0,4646.0,336000.0,2616750.0,17.63,6.208,1224.0,1390.0,1394.4104,7453.6,4.49,210.834,179.0,3.4,2.6320037,3.27,3.46,3.5,3.34,3.67,4.15,5.3109090909090915,,0.81,0.8,98.6049,89.053,1.1233,111.0729,2.0701,1.4683,,,5.0766,,,,,0.6807399048,,,,0.9672,144.8,218.0,94.62,439.2,7.1055,81.87932,76.1,0.991661104889241,1.36342,0.275,64.19,94.69215130903407,31.16851382812986,25.58238095238095,7.787946428571429,1.1356209150326797,0.8902341315766047,0.009003096164771065,1.0339123242349049,90.57748068468334,0.011040271736870024,1.4683
2007-12-01,68096.0,102.3803,78.9954,-69084.0,1.28,13846.539,85.286,86.92,329259.0,4545.0,348200.0,2712000.0,17.68,6.095,1149.0,1328.0,1418.0137,7483.9,4.24,211.445,178.6,3.4,2.5437758,3.0,3.23,3.26,3.12,3.49,4.1,5.692380952380953,,0.98,1.03,99.453,90.005,1.1402,112.449,2.0161,1.4559,,,5.1235,,,,,0.6867732256,,,,1.0021,165.7,265.9,91.73,423.0,7.131447368421053,81.23375,75.5,1.06037658668496,1.7573,0.55025,91.99612903225807,125.26931116373171,35.255457356730645,21.651,7.788627225732338,1.155787641427328,0.8770391159445711,0.00889292034611246,0.9979044007584074,91.35653691179454,0.01094612420527179,1.4559
2008-01-01,68408.0,102.2448,78.7582,-71650.0,1.27,13862.766,85.272,87.093,330478.0,4624.0,338750.0,2798750.0,17.74,5.758,1094.0,1331.0,1440.7731,7517.5,3.94,212.174,181.0,3.4,2.466622,2.75,2.75,2.71,2.48,2.98,3.74,6.7586956521739125,,1.26,0.92,98.6522,89.3971,1.1006,107.8181,1.9702,1.4728,,,5.0575,,,,,0.6796661957,,,,1.0099,193.8,287.4,92.95,439.8,7.982857142857143,84.35399,78.4,1.54529595971879,1.383175,0.431,182.06129032258065,238.28663733108766,87.34278232615918,25.816190476190474,8.261992619926199,1.216636197440585,0.9085953116481919,0.009274880562725553,0.9901970492127933,90.6209299943665,0.011034978343989248,1.4728
2008-02-01,66568.0,101.8438,78.161,-74110.0,1.28,13877.177,84.977,87.178,327869.0,4279.0,346750.0,2844250.0,17.8,5.9175,1014.0,1274.0,1448.8634,7604.0,2.98,212.687,182.7,3.6,2.2977869,2.12,2.04,2.05,1.97,2.78,3.74,7.245238095238095,,1.77,1.57,97.8066,88.6434,1.089,107.03,1.9646,1.4759,,,5.0507,,,,,0.6786291452,,,,0.9986,190.2,340.1,95.35,474.2,8.5455,76.17681,70.8,1.2930158047805,1.27976,0.6032,118.06724137931033,102.75051901663572,81.89583957484594,25.456,8.202595529920693,1.2564102564102564,0.9182736455463728,0.00934317481080071,1.001401962747847,89.84417024239703,0.011130382720459528,1.4759
2008-03-01,66526.0,101.5336,77.8244,-70917.0,1.28,13893.695,85.189,87.349,328493.0,4225.0,363400.0,2912800.0,17.87,5.97,967.0,1195.0,1470.5797,7670.0,2.61,213.448,187.9,4.3,1.9336763,1.26,1.48,1.54,1.62,2.48,3.51,8.098095238095238,,1.89,2.23,95.8746,86.8399,1.0126,100.7562,2.0015,1.552,,,4.8043,,,,,0.6440975906,,,,1.0029,217.8,347.3,105.56,504.8,9.411,74.77808,69.5,1.9376135222449,2.1467,0.93425,121.86903225806452,161.23567795565722,72.40856166193299,27.103500000000004,8.015410016510732,1.235780765253361,0.9875567845151096,0.009924947546652215,0.9971083856815237,88.06945425279794,0.011354674654047039,1.552
2008-04-01,69373.0,100.8785,77.0718,-74315.0,1.26,13854.44,85.327,87.4,328037.0,4035.0,359500.0,2964000.0,17.92,5.9175,1008.0,1022.0,1490.1961,7712.5,2.28,213.942,190.9,4.8,2.0175043,1.29,1.55,1.74,2.05,2.84,3.68,7.3931818181818185,,1.63,2.37,95.5019,86.5475,1.0138,102.6777,1.9816,1.5754,,,4.7354,,,,,0.6350929536,,,,1.0137,232.1,269.1,112.57,518.5,10.18,67.35407,62.6,1.62699078672907,1.81765,0.776,100.466,88.15247822632972,93.69977208202519,21.562727272727273,8.244784422809458,1.0138888888888888,0.9863878477017163,0.009739213091060668,0.9864851533984413,87.72709573865514,0.011398986727875577,1.5754
2008-05-01,68443.0,100.2674,76.6191,-73868.0,1.26,14441.892,85.486,87.559,331088.0,4194.0,366800.0,3013600.0,17.98,6.036,995.0,1142.0,1491.5275,7725.2,1.98,215.208,196.6,5.2,2.2868435,1.73,1.82,2.06,2.45,3.15,3.88,6.685652173913044,,1.43,2.12,95.8315,86.8245,1.0448,104.3595,1.965,1.5554,,,4.7963,,,,,0.6425454545,,,,0.9993,228.3,249.4,125.39,510.4,11.26761904761905,64.34143,59.8,1.04081023417213,1.1211600000000002,0.516,84.7341935483871,48.319723088065395,41.391351580651616,18.303333333333335,8.215921483097055,1.1477386934673366,0.9571209800918836,0.009582261317848399,1.0007004903432404,88.02986302135244,0.011359781393246527,1.5554
2008-06-01,67754.0,100.0335,76.1328,-72286.0,1.25,14094.894,85.328,87.76,331764.0,3830.0,383250.0,3057750.0,18.04,6.32,1180.0,1142.0,1498.3048,7743.9,2.0,217.463,200.5,5.1,2.7285115,1.86,2.13,2.42,2.77,3.49,4.1,6.730952380952381,,1.33,2.21,96.0363,87.0728,1.0371,106.9152,1.9664,1.5562,,,4.7926,,,,,0.6429047619,,,,1.0166,256.0,233.7,133.93,496.9,12.68238095238095,60.68322,56.4,1.68588615874228,1.40285,0.6335,98.481,51.213192443622845,43.10307346044523,22.11047619047619,7.978473581213307,0.9677966101694915,0.9642271719217048,0.009353207027625633,0.9836710603974032,88.2179902649699,0.011335556353034328,1.5562
2008-07-01,67856.0,99.676,75.4485,-77628.0,1.26,13867.615,84.917,87.918,330301.0,3749.0,398000.0,3176250.0,18.1,6.425999999999999,921.0,1087.0,1512.2658,7791.2,2.01,219.016,205.5,5.1,2.9490198,1.63,1.93,2.28,2.57,3.3,4.01,7.748695652173913,,1.44,2.35,95.3524,86.4538,1.0283,106.8518,1.9888,1.5759,,,4.7335,,,,,0.6346086957,,,,1.013,240.5,217.8,133.44,510.1,11.08363636363636,65.84776,61.2,2.45703870365151,1.657575,0.7404999999999999,101.74806451612903,94.88114732633973,28.957535994515037,24.321818181818184,7.980527638190955,1.1802388707926168,0.9724788485850433,0.00935875670788887,0.987166831194472,87.58976652517262,0.011416858837186279,1.5759
2008-08-01,66142.0,98.1111,74.544,-71541.0,1.29,13780.34,84.907,88.026,327296.0,3674.0,433000.0,3378000.0,18.18,6.4775,858.0,1017.0,1512.8682,7805.8,2.0,218.69,199.0,4.8,3.0525448,1.72,1.92,2.18,2.42,3.14,3.89,8.19909090909091,,1.47,2.14,97.8434,88.945,1.0841,109.3624,1.8865,1.4955,,,4.9894,,,,,0.669,,,,1.0535,205.4,218.9,116.61,479.5,8.251428571428571,67.78445,63.0,1.76512281660146,1.6230799999999999,0.7220000000000001,91.43612903225807,66.7889949827039,40.370646482149155,20.695714285714285,7.8013856812933025,1.1853146853146854,0.9224241306152569,0.009143910521349203,0.9492168960607498,89.87797435648193,0.011126196458697567,1.4955
2008-09-01,63854.0,93.7895,72.0301,-70455.0,1.31,13789.923,84.343,88.116,321568.0,3222.0,464000.0,3521750.0,18.2,6.0375,797.0,1160.0,1530.4048,7872.4,1.81,218.877,196.9,4.3,2.7309252,1.13,1.61,1.91,2.08,2.88,3.69,9.19,,1.61,2.54,100.1949,91.2651,1.1102,106.5748,1.7973,1.4342,,,5.202,,,,,0.6970454545,,,,1.0582,201.4,196.1,103.9,451.9,7.621052631578947,75.63884,70.3,2.81449905711813,3.14215,1.3875,183.9743333333333,202.17209292061722,30.550759500004766,30.23857142857143,7.589978448275862,1.4554579673776662,0.9007386056566384,0.009383081178665126,0.945000945000945,92.03803887487736,0.010865072878828574,1.4342
2008-10-01,59330.0,94.7219,71.6296,-70138.0,1.36,13883.254,84.213,87.991,308968.0,3377.0,475250.0,3731000.0,18.25,6.2,736.0,1055.0,1586.9164,7974.9,0.97,216.995,186.4,3.9,1.6072395,0.67,1.2,1.42,1.61,2.73,3.81,14.942608695652174,,2.2,3.12,106.8898,98.04,1.1429,99.9659,1.6862,1.3266,,,5.6253,,,,,0.7533478261,,,,1.1847,152.6,161.3,76.65,376.9,6.736086956521739,61.97436,57.6,5.74155491489967,8.49264,2.4764,243.4674193548387,181.9019391971883,63.263959590133325,61.17739130434782,7.850604944765912,1.4334239130434783,0.8749671887304226,0.010003411163206653,0.8440955516164429,98.18790744567,0.010184553536323469,1.3266
2008-11-01,60759.0,93.4715,69.9172,-53601.0,1.44,13982.019,83.955,87.952,295396.0,3231.0,519800.0,4096600.0,18.31,6.0875,626.0,1076.0,1576.3301,8027.0,0.39,213.153,176.8,2.9,0.78457206,0.19,0.73,1.07,1.21,2.29,3.53,17.959047619047617,,2.32,3.34,109.5326,100.7667,1.191,96.9656,1.5327,1.2744,,,5.8448,,,,,0.7861,,,,1.2171,144.9,155.7,57.44,300.0,6.696666666666667,59.49969,55.3,5.81913750511248,6.721525,2.989,220.64866666666666,142.7077397772439,86.6348179981887,62.66894736842105,7.881108118507118,1.718849840255591,0.8396305625524769,0.010312935721534236,0.8216251745953496,100.61555724759478,0.009938820867822655,1.2744
2008-12-01,55512.0,90.8357,67.6607,-51983.0,1.47,13891.878,83.711,87.909,287571.0,3146.0,564000.0,4522250.0,18.39,5.286,554.0,1021.0,1559.194,8204.7,0.16,211.398,170.9,1.7,0.28299557,0.03,0.26,0.49,0.82,1.52,2.42,20.286956521739132,,1.6,2.39,108.3554,99.6622,1.1404,91.275,1.4854,1.3511,,,5.5239,,,,,0.74475,,,,1.2337,126.0,144.9,41.02,271.8,5.836190476190476,64.66422,60.1,5.66836381973663,6.0906,2.91125,165.27870967741936,113.55094716338263,35.952156642662295,52.405,8.018173758865249,1.8429602888086642,0.876885303402315,0.010955902492467817,0.8105698305909054,99.53419303281511,0.010046798688268996,1.3511
2009-01-01,49530.0,88.57,65.5546,-47164.0,1.48,13762.24,84.092,87.882,292449.0,2738.0,572000.0,4861200.0,18.39,5.047499999999999,545.0,777.0,1544.5985,8289.0,0.15,211.933,171.2,2.2,0.47357505,0.13,0.3,0.44,0.81,1.6,2.52,16.79391304347826,,1.71,2.39,109.0095,100.3521,1.1267,90.1205,1.4462,1.3244,,,5.6284,,,,,0.7583,,,,1.2248,139.8,159.6,41.74,263.4,5.233,65.84776,61.2,5.78153911812071,4.18802,2.3162,215.2174193548387,71.87853069662651,45.713820281257135,44.683,8.498601398601398,1.4256880733944954,0.8875477056891807,0.01109625445930726,0.8164598301763553,100.13504278892634,0.009986513933068267,1.3244
2009-02-01,50163.0,88.031,65.5782,-37359.0,1.45,13603.699,83.747,87.952,291429.0,2864.0,644000.0,5297000.0,18.44,5.13,558.0,819.0,1532.4425,8319.3,0.22,212.705,169.3,1.9,0.38164688,0.3,0.45,0.62,0.98,1.87,2.87,16.536190476190477,,1.89,2.57,111.7592,102.9737,1.1639,92.9158,1.4422,1.2797,,,5.8226,,,,,0.78065,,,,1.2452,146.0,158.4,39.16,259.6,4.505789473684211,60.57563,56.3,4.85756981476789,3.897225,2.11675,238.85999999999999,145.24662625226426,44.19855724340865,45.57052631578947,8.225155279503106,1.467741935483871,0.8591803419537761,0.010762432223583071,0.8030838419530999,102.66088986792329,0.009740807831361427,1.2797
2009-03-01,49254.0,86.6528,64.4771,-38976.0,1.47,13570.847,83.401,88.015,286022.0,2534.0,659250.0,5765750.0,18.49,5.0025,513.0,839.0,1511.0127,8386.4,0.18,212.495,168.1,2.0,-0.48067803,0.21,0.42,0.64,0.93,1.82,2.82,17.837727272727275,,1.89,2.6,112.2438,103.4397,1.1555,97.855,1.417,1.305,,,5.7137,,,,,0.7668636364,,,,1.2645,147.9,158.4,47.98,261.0,3.957727272727273,61.65157,57.3,4.8284677847977,3.8362749999999997,2.0505,189.9348387096774,93.09614136219305,59.43964631641906,44.79545454545455,8.745923397800532,1.635477582846004,0.8654262224145391,0.010219201880333146,0.7908264136022144,103.10603860942854,0.009698752987572883,1.305
2009-04-01,47096.0,85.9344,64.107,-39544.0,1.45,13601.477,83.277,88.211,287530.0,2295.0,627750.0,6184500.0,18.52,4.8100000000000005,521.0,846.0,1491.647,8391.1,0.15,212.709,169.1,2.8,1.2289362,0.16,0.35,0.55,0.93,1.86,2.93,15.623636363636365,,2.0,2.77,109.464,100.7162,1.1481,98.92,1.4712,1.3199,,,5.6437,,,,,0.7574090909,,,,1.2242,150.1,152.3,49.79,298.1,3.494761904761905,70.04394,65.1,4.70606526709715,2.8280250000000002,1.5907499999999999,139.217,71.0436356717149,14.439136333031449,38.063809523809525,9.851851851851851,1.6238003838771593,0.8710042679209129,0.010109179134654266,0.8168599901976802,100.55254196972881,0.009945049428000025,1.3199
2009-05-01,48652.0,85.0665,63.5243,-35595.0,1.43,13779.884,83.353,88.279,290215.0,2549.0,612000.0,6525600.0,18.53,4.8575,556.0,818.0,1469.7132,8449.2,0.18,213.022,170.8,2.8,1.2972457,0.18,0.3,0.5,0.93,2.13,3.29,12.50590909090909,,2.36,3.11,106.3212,97.5519,1.1076,96.6445,1.5418,1.3646,,,5.4585,,,,,0.731952381,,,,1.1528,166.2,165.3,59.16,309.2,3.8315,73.91733,68.7,3.2217334826846,1.79102,1.0396,122.90709677419355,88.83601038763258,18.718312628337785,31.977999999999998,10.662745098039215,1.4712230215827338,0.9028530155290719,0.01034720030627713,0.8674531575294934,97.66559713938388,0.010239019975200127,1.3646
2009-06-01,50533.0,84.7459,63.4322,-36844.0,1.38,13544.781,83.376,88.392,295458.0,2503.0,598250.0,6534250.0,18.56,5.42,601.0,797.0,1436.3434,8459.3,0.21,214.79,174.1,3.1,1.2745119,0.18,0.31,0.51,1.18,2.71,3.72,10.80590909090909,,2.54,3.54,104.9626,96.0426,1.0809,96.6145,1.6369,1.4014,,,5.3123,,,,,0.7135681818,,,,1.1264,173.9,172.8,69.68,321.1,3.8,76.17681,70.8,1.87926905559634,1.375975,0.7777499999999999,107.17366666666666,44.0260669570884,42.78323491733735,29.140454545454546,10.92227329711659,1.3261231281198003,0.9251549634563789,0.010350413240248615,0.8877840909090908,96.4176006881721,0.01037155034830351,1.4014
2009-07-01,50984.0,85.7027,64.4955,-42838.0,1.36,13493.206,83.654,88.468,296928.0,2232.0,566500.0,6139000.0,18.59,5.2219999999999995,595.0,797.0,1395.4735,8463.5,0.16,214.726,172.5,2.9,1.5522347,0.18,0.27,0.48,1.02,2.46,3.56,10.27,,2.54,3.38,104.5704,95.6605,1.078,94.367,1.6378,1.4092,,,5.2837,,,,,0.709826087,,,,1.1229,140.5,148.2,64.09,323.2,3.381363636363636,71.01228,66.0,1.84778868061397,1.00428,0.554,121.45838709677419,46.60460583559683,19.639773964288775,26.162727272727274,10.836716681376876,1.3394957983193276,0.9276437847866419,0.01059692477243104,0.890551251224508,96.05732966779487,0.01041044971225418,1.4092
2009-08-01,49900.0,86.6426,65.3114,-41816.0,1.32,13468.487,84.406,88.599,302871.0,2338.0,559200.0,6047800.0,18.67,5.1925,616.0,792.0,1362.9194,8463.0,0.16,215.445,175.0,2.8,2.0245319,0.17,0.26,0.46,1.12,2.57,3.59,8.971428571428572,,2.47,3.42,103.3205,94.373,1.0683,94.8971,1.6532,1.4266,,,5.2174,,,,,0.701,,,,1.0872,135.9,135.4,71.06,373.2,3.139047619047619,70.6895,65.7,1.35038700772603,0.62285,0.2925,94.85806451612903,46.04740415972305,26.62323300883634,25.337142857142858,10.815092989985693,1.2857142857142858,0.9360666479453337,0.010537729814715097,0.919793966151582,94.9091839555208,0.010536388137829212,1.4266
2009-09-01,53034.0,87.4063,66.102,-45296.0,1.31,13502.606,83.627,88.755,294449.0,2487.0,547500.0,5984750.0,18.7,5.0575,609.0,721.0,1337.3367,8461.6,0.15,215.861,174.1,2.2,2.3608109,0.12,0.21,0.4,0.96,2.37,3.4,8.452272727272726,,2.44,3.28,102.5432,93.6638,1.0391,91.2748,1.6323,1.4575,,,5.1065,,,,,0.6864545455,,,,1.0816,130.5,127.6,69.46,376.8,2.986190476190476,79.08186,73.5,1.04027783423718,0.3243,0.15175,91.19866666666667,71.1810665304195,10.564281322431555,24.92666666666667,10.931050228310502,1.1839080459770115,0.9623712828409201,0.010955926498880305,0.9245562130177516,94.19516390400103,0.010616256276374757,1.4575
2009-10-01,51978.0,87.6419,66.2859,-45350.0,1.31,13460.827,83.722,89.082,298067.0,2406.0,525400.0,5765600.0,18.74,4.952,583.0,746.0,1308.1789,8487.9,0.12,216.509,175.2,2.9,1.6283633,0.07,0.16,0.37,0.95,2.33,3.39,7.76304347826087,,2.44,3.32,101.0834,92.2598,1.0213,90.3671,1.6212,1.4821,,,5.022,,,,,0.675,,,,1.0547,142.9,137.1,75.82,377.3,3.999090909090909,75.96162,70.6,0.885928519849673,0.29691999999999996,0.0492,81.96032258064515,30.44925687135483,13.894024074629032,24.252272727272725,10.973734297677959,1.2795883361921099,0.9791442279447762,0.011065974231772404,0.9481369109699441,92.8542061382644,0.010769571369884436,1.4821
2009-11-01,52771.0,88.0221,67.0806,-49072.0,1.29,13494.222,83.588,89.16,300583.0,2503.0,494000.0,5460500.0,18.8,4.875,623.0,844.0,1290.6774,8517.0,0.12,217.234,177.4,2.7,1.8070337,0.05,0.15,0.31,0.8,2.23,3.4,7.561904761904763,,2.6,3.35,100.6049,91.7996,1.0131,89.2674,1.6599,1.4908,,,4.9914,,,,,0.6702333333,,,,1.0593,144.4,140.1,78.08,389.6,3.676842105263158,72.51861,67.4,0.704855448444363,0.18795,-0.005000000000000001,111.37866666666667,108.7670687523208,25.44941316698333,23.788999999999998,11.053643724696355,1.3547351524879614,0.9870693909781859,0.011202297815327882,0.9440196356084207,92.41466079469383,0.010820793923829636,1.4908
2009-12-01,54616.0,88.3793,67.1474,-49840.0,1.28,13551.644,84.099,89.236,301959.0,2568.0,485500.0,5141750.0,18.84,4.93,664.0,750.0,1265.5793,8512.2,0.12,217.347,178.1,2.5,1.7866037,0.05,0.17,0.37,0.87,2.34,3.59,6.919130434782608,,2.72,3.54,101.0176,92.2586,1.0301,89.9509,1.6226,1.4579,,,5.106,,,,,0.6863478261,,,,1.0537,144.4,136.8,74.3,411.2,5.343636363636364,78.00592,72.5,0.560623173570948,-0.079325,-0.1,129.59,71.07693764980095,23.416495511303086,21.239545454545453,10.590628218331616,1.1295180722891567,0.9707795359673818,0.011117176148320917,0.9490367277213627,92.79376290960809,0.010776586363612782,1.4579
2010-01-01,52331.0,89.3426,67.941,-49076.0,1.27,13610.249,83.945,89.368,302325.0,2837.0,479800.0,4839000.0,18.88,5.03,636.0,689.0,1238.5212,8477.7,0.11,217.488,181.9,2.8,1.6957593,0.06,0.15,0.35,0.93,2.48,3.73,6.233181818181818,,2.8,3.67,101.3292,92.4403,1.0345,91.1011,1.6158,1.4266,,,5.2177,,,,,0.7001428571,,,,1.0438,142.4,142.5,78.22,431.2,5.824210526315789,80.05021,74.4,0.629836499717825,-0.1996,-0.192,156.72870967741935,107.86946301536709,88.89479261127391,20.643157894736845,10.085452271779909,1.0833333333333333,0.9666505558240697,0.010976815867206871,0.9580379383023567,93.07999556648561,0.01074344700935998,1.4266
2010-02-01,53488.0,89.6779,68.0202,-52020.0,1.28,13610.405,84.259,89.446,302310.0,2666.0,485750.0,4793750.0,18.91,4.99,650.0,670.0,1223.367,8527.3,0.13,217.281,181.0,2.7,1.7316171,0.11,0.18,0.35,0.86,2.36,3.69,6.730952380952381,,2.83,3.58,102.7845,93.8867,1.0722,90.1395,1.5618,1.368,,,5.4414,,,,,0.73085,,,,1.0572,136.8,137.1,76.42,411.5,5.315263157894737,79.18945,73.6,0.339974968769754,-0.09747499999999999,-0.21075,151.77142857142857,80.1170362229333,25.56934442601718,22.54,9.868759650025734,1.0307692307692307,0.9326618168252191,0.01109391554202098,0.9458948164964057,94.41681967247347,0.010591333233516471,1.368
2010-03-01,56487.0,90.2928,68.9678,-51549.0,1.26,13661.363,84.662,89.579,309525.0,2679.0,470250.0,4731750.0,18.92,4.9675,687.0,635.0,1209.7429,8523.5,0.16,217.353,183.3,2.7,1.9701388,0.15,0.22,0.4,0.96,2.43,3.73,6.121739130434783,,2.77,3.58,101.9633,93.1499,1.0666,90.7161,1.5058,1.357,,,5.4837,,,,,0.737,,,,1.0229,137.5,136.7,81.24,431.9,4.290869565217391,79.18945,73.6,-0.0103998790363962,-0.4173,-0.34825,110.02806451612904,44.525996655135934,49.98270516837515,17.767391304347825,10.062200956937799,0.9243085880640466,0.9375585974123383,0.01102340157921251,0.9776126698602015,93.66247350997932,0.010676634542365086,1.357
2010-04-01,52283.0,90.5991,69.624,-52440.0,1.25,13776.728,84.835,89.625,312143.0,3153.0,469000.0,4728000.0,18.96,5.098000000000001,637.0,737.0,1207.5429,8554.8,0.2,217.403,184.4,2.9,1.587202,0.16,0.24,0.45,1.06,2.58,3.85,5.6040909090909095,,2.79,3.69,101.4563,92.6391,1.069,93.4527,1.5332,1.3417,,,5.5472,,,,,0.7465454545,,,,1.0052,137.6,134.7,84.48,445.7,4.032857142857143,77.68314,72.2,-0.173757408417038,-0.37972,-0.4178,87.81633333333333,42.10283667879479,17.375581406492888,17.424285714285716,10.081023454157782,1.1569858712715855,0.9354536950420954,0.010700600410689045,0.9948269001193791,93.19674833437546,0.010729988093706396,1.3417
2010-05-01,57262.0,91.823,70.611,-53595.0,1.26,13885.106,85.046,89.724,309158.0,2988.0,459400.0,4674800.0,19.01,4.8875,575.0,702.0,1196.9216,8609.0,0.2,217.29,184.8,3.2,1.562963,0.16,0.22,0.37,0.83,2.18,3.42,6.5009523809523815,,2.59,3.26,104.2648,95.5306,1.1295,91.973,1.4669,1.2563,,,5.9253,,,,,0.7954285714,,,,1.0403,145.4,133.9,73.84,413.4,4.138,79.18945,73.6,0.607154838268537,0.6925,-0.164,118.88548387096773,54.59911353185587,57.623352667808476,31.9295,10.175881584675665,1.2208695652173913,0.8853474988933157,0.010872756134952649,0.9612611746611555,95.776608519075,0.010440962730485896,1.2563
2010-06-01,59605.0,91.9928,70.682,-59092.0,1.27,13898.726,85.253,89.767,308588.0,2801.0,460500.0,4583250.0,19.03,4.7375,587.0,894.0,1190.1483,8628.1,0.18,217.199,183.5,2.8,1.3532178,0.12,0.19,0.32,0.72,2.0,3.2,7.016818181818182,,2.48,3.08,104.8328,96.0606,1.1255,90.8059,1.4768,1.2223,,,6.0873,,,,,0.8189545455,,,,1.0376,138.0,130.1,75.35,390.4,4.801363636363636,81.77172,76.0,0.527600818288926,0.720075,-0.04325,127.63266666666667,102.00501051903868,47.27035697182556,29.916363636363634,9.952768729641694,1.5229982964224873,0.8884940026654821,0.011012500289078133,0.9637625289128758,96.29836765486604,0.01038439201362173,1.2223
2010-07-01,56474.0,92.3421,71.1601,-53416.0,1.27,13928.888,85.486,89.769,309543.0,3082.0,459200.0,4528600.0,19.04,4.564,579.0,572.0,1189.0278,8639.5,0.18,217.605,184.1,2.7,0.96279857,0.16,0.2,0.29,0.62,1.76,3.01,6.778695652173913,,2.39,2.85,103.2002,94.4547,1.053,87.5005,1.5304,1.2811,,,5.8179,,,,,0.7820454545,,,,1.0422,141.9,140.2,76.37,397.3,4.628095238095238,72.94898,67.8,0.478041175010337,0.50644,-0.17839999999999998,176.8041935483871,159.49403801422793,53.77631310657356,25.565238095238094,9.861933797909408,0.9879101899827288,0.9496676163342831,0.011428506122822155,0.9595087315294569,94.79867746714322,0.010548670368809684,1.2811
2010-08-01,58224.0,92.6805,71.3642,-58128.0,1.27,13980.745,85.693,89.855,310761.0,2999.0,475000.0,4461250.0,19.11,4.4275,580.0,592.0,1187.4701,8687.9,0.19,217.923,184.9,2.7,1.3411201,0.16,0.19,0.26,0.52,1.47,2.7,6.755909090909091,,2.18,2.54,102.3998,93.6822,1.0388,85.3727,1.5661,1.2903,,,5.7745,,,,,0.7754090909,,,,1.0404,145.7,168.8,76.82,427.1,4.314545454545455,74.13252,68.9,0.229265983913298,0.378025,-0.26225,161.46967741935484,133.63676757253856,72.22164056051466,24.74590909090909,9.392105263157895,1.0206896551724138,0.9626492106276473,0.011713346303912141,0.9611687812379854,94.063437898685,0.010631123232781394,1.2903
2010-09-01,60134.0,92.9537,71.5357,-57297.0,1.28,13989.519,85.774,89.906,313785.0,2918.0,453500.0,4467750.0,19.11,4.346,563.0,632.0,1185.7277,8718.7,0.19,218.275,184.9,2.2,0.90713698,0.15,0.19,0.26,0.48,1.41,2.65,6.421363636363637,,2.17,2.5,101.3996,92.7626,1.0002,84.3571,1.5591,1.3103,,,5.6867,,,,,0.7639090909,,,,1.033,172.9,184.5,75.31,442.6,3.894761904761905,73.37936,68.2,0.163398338510389,0.106375,-0.29925,213.92533333333333,108.20142959774685,60.649333845522875,22.517619047619046,9.851708930540243,1.1225577264653641,0.9998000399920016,0.011854366733801896,0.9680542110358181,93.14466399852465,0.010735988054193199,1.3103
2010-10-01,57479.0,92.6903,71.6761,-53715.0,1.27,14000.339,85.993,90.043,317699.0,3235.0,446800.0,4363400.0,19.21,4.225,558.0,605.0,1185.2038,8768.4,0.19,219.035,186.6,2.7,1.3652619,0.13,0.18,0.23,0.38,1.18,2.54,6.008181818181819,,2.16,2.41,98.7679,90.2291,0.9686,81.7285,1.5867,1.3901,,,5.3638,,,,,0.72,,,,1.0179,202.3,183.5,81.9,473.6,3.433809523809524,72.84138,67.7,0.20227858834511,-0.07744,-0.3942,229.3158064516129,109.07293682531937,119.90323745596395,20.37333333333333,9.765890778871979,1.0842293906810037,1.0324179227751393,0.012235633836421811,0.9824147755182238,90.7272101810414,0.011022051686639018,1.3901
2010-11-01,60405.0,92.7709,71.8748,-52385.0,1.27,14018.501,86.211,90.16,320695.0,3211.0,426250.0,4195500.0,19.21,4.3,560.0,552.0,1187.5082,8789.0,0.19,219.59,187.7,3.0,1.3962369,0.14,0.18,0.25,0.45,1.35,2.76,5.872727272727272,,2.31,2.62,99.0493,90.5095,0.9847,82.518,1.5961,1.3654,,,5.4617,,,,,0.7334545455,,,,1.0129,208.5,190.3,84.14,483.7,3.714,77.03757,71.6,0.0283964187448077,-0.085725,-0.4425,169.89633333333333,114.81083435043315,69.20682254082712,20.095714285714287,9.842815249266863,0.9857142857142858,1.0155377272265664,0.012118568069996848,0.9872642906506073,90.98570102952223,0.010990737980636418,1.3654
2010-12-01,61939.0,93.6787,72.3185,-55958.0,1.27,14104.762,86.325,90.179,323421.0,3058.0,420250.0,4100000.0,19.23,4.714,632.0,565.0,1192.7014,8823.2,0.18,220.472,189.7,3.0,1.4938723,0.14,0.19,0.29,0.62,1.93,3.29,5.551304347826087,,2.67,3.15,99.7051,91.1835,0.9689,83.3376,1.5595,1.3221,,,5.6366,,,,,0.7567826087,,,,1.0081,221.3,204.2,89.04,498.4,4.245714285714286,80.15781,74.5,-0.122912772788048,-0.19828,-0.4824,157.47,77.0028504384169,77.95711044828802,17.56954545454545,9.75609756097561,0.8939873417721519,1.0320982557539478,0.01199938563145567,0.9919650828290845,91.58811195724736,0.010918447587027369,1.3221
2011-01-01,60963.0,93.4814,72.4358,-62609.0,1.25,14289.288,86.422,90.372,325674.0,3104.0,426800.0,3918400.0,19.33,4.755,576.0,520.0,1195.9352,8849.0,0.17,221.187,192.7,3.4,1.7900451,0.15,0.18,0.27,0.61,1.99,3.39,5.1242857142857146,,2.78,3.24,98.553,90.1112,0.9565,82.625,1.5782,1.3371,,,5.5749,,,,,0.7484095238,,,,0.9939,232.2,215.0,89.42,514.4,4.492,79.83502,74.2,-0.225711216780553,-0.307325,-0.5680000000000001,139.74677419354836,44.67372723461548,86.6348179981887,17.3155,9.180880974695407,0.9027777777777778,1.0454783063251438,0.012102874432677761,1.006137438374082,90.5298032887517,0.011046086080739885,1.3371
2011-02-01,59078.0,93.1102,72.6355,-59702.0,1.26,14331.186,86.398,90.53,328049.0,3226.0,401500.0,3849250.0,19.31,4.9525,542.0,615.0,1199.5471,8913.3,0.16,221.898,195.8,3.4,1.9547432,0.13,0.17,0.29,0.77,2.26,3.58,4.657500000000001,,2.81,3.45,97.8022,89.3967,0.95,82.5368,1.6124,1.3656,,,5.4596,,,,,0.73225,,,,0.9876,261.3,244.9,89.58,532.0,4.092105263157895,83.38564,77.5,-0.428712783390734,-0.312825,-0.5862499999999999,118.35964285714286,41.62163015528885,31.931584788140572,17.43,9.58717310087173,1.1346863468634687,1.0526315789473684,0.012115807736670188,1.012555690562981,89.84012395422145,0.011130884019144449,1.3656
2011-03-01,62497.0,94.0788,73.1469,-59755.0,1.24,14298.318,86.697,90.667,331161.0,3261.0,406000.0,3765500.0,19.3,4.836,583.0,591.0,1206.4413,8971.5,0.14,223.046,199.2,4.6,2.1063793,0.1,0.16,0.26,0.7,2.11,3.41,4.8365217391304345,,2.71,3.31,96.8669,88.4872,0.9185,81.647,1.6159,1.402,,,5.3191,,,,,0.7135652174,,,,0.9766,250.9,209.5,102.94,516.5,3.972173913043478,72.6262,67.5,-0.265212472887247,-0.1827,-0.5475000000000001,140.79451612903227,70.49472000899426,64.00142456453953,20.723478260869566,9.274630541871922,1.0137221269296741,1.0887316276537833,0.012247847440812277,1.0239606799098915,88.98096291940915,0.0112383589387059,1.402
2011-04-01,61562.0,93.7749,72.8001,-57812.0,1.25,14275.294,86.594,90.875,333189.0,3259.0,420600.0,3770800.0,19.36,4.84,581.0,549.0,1214.9147,9035.1,0.1,224.093,203.1,4.6,2.0757372,0.06,0.12,0.25,0.73,2.17,3.46,4.661818181818182,,2.73,3.4,95.2627,86.9214,0.8972,83.1771,1.6379,1.446,,,5.1577,,,,,0.6917142857,,,,0.958,287.1,235.9,110.04,528.5,4.2355,75.10087,69.8,-0.372170831396983,-0.41758000000000006,-0.5801999999999999,116.03166666666667,62.227224747457925,27.715049774084882,16.244,8.96528768426058,0.9449225473321858,1.1145786892554614,0.012022539857725265,1.0438413361169103,87.50735286202493,0.01142761113545196,1.446
2011-05-01,63711.0,93.888,72.8134,-63078.0,1.27,14260.443,86.494,91.091,332409.0,3179.0,422500.0,3773750.0,19.41,4.6375,618.0,549.0,1229.0589,9107.8,0.09,224.806,204.1,4.1,2.292302,0.04,0.09,0.19,0.56,1.84,3.17,4.846818181818182,,2.61,3.13,95.225,86.9464,0.874,81.1257,1.6332,1.4335,,,5.203,,,,,0.6984545455,,,,0.968,278.2,242.9,101.33,503.4,4.313809523809524,79.94262,74.3,-0.422577392810853,-0.324775,-0.57775,93.21774193548387,55.08151472861108,27.715049774084882,16.91142857142857,8.931952662721894,0.8883495145631068,1.1441647597254005,0.012326550032850256,1.0330578512396695,87.47271425731725,0.011432136392364756,1.4335
2011-06-01,63751.0,94.172,72.9204,-65598.0,1.27,14324.383,86.695,91.191,335108.0,3455.0,418250.0,3741750.0,19.41,4.51,636.0,579.0,1233.6241,9182.1,0.09,224.806,203.9,3.8,2.1177045,0.04,0.1,0.18,0.41,1.58,3.0,5.49,,2.59,2.96,95.1999,86.9412,0.8401,80.4259,1.6219,1.4403,,,5.1782,,,,,0.6941818182,,,,0.9766,301.7,235.3,96.29,509.1,4.537386363636364,76.92998,71.5,-0.182005399240354,-0.15175,-0.53,126.05866666666667,91.96403892240836,118.54931331280598,19.153181818181817,8.94620442319187,0.910377358490566,1.1903344839900012,0.012433805527821262,1.0239606799098915,87.44964348359856,0.011435152393589266,1.4403
2011-07-01,64756.0,94.636,73.3492,-62067.0,1.26,14386.123,86.846,91.326,334922.0,3623.0,412600.0,3721600.0,19.48,4.545,621.0,634.0,1244.3309,9344.2,0.07,225.395,204.6,3.4,2.432348,0.04,0.08,0.19,0.41,1.54,3.0,5.434545454545455,,2.59,2.96,94.5476,86.3178,0.8214,79.2425,1.6158,1.4275,,,5.223,,,,,0.700047619,,,,0.9553,279.8,205.8,97.19,535.4,4.4225,68.53761,63.7,-0.060790327644968,-0.26768000000000003,-0.46319999999999995,200.15064516129033,160.64557212177104,74.26638734493912,19.2275,9.01987396994668,1.0209339774557167,1.2174336498660823,0.012619490803546076,1.0467915837956663,86.8504195170496,0.011514049161313378,1.4275
2011-08-01,64464.0,95.2749,73.6851,-61924.0,1.26,14378.666,86.793,91.508,335163.0,3329.0,409500.0,3716000.0,19.47,4.27,647.0,614.0,1263.0844,9531.0,0.1,226.106,203.2,3.5,1.5113148,0.02,0.06,0.11,0.23,1.02,2.3,6.990434782608696,,2.07,2.28,95.0866,86.8983,0.78,76.9657,1.6356,1.4333,,,5.1973,,,,,0.6976521739,,,,0.9817,283.2,206.4,86.33,509.6,4.053913043478261,60.03766,55.8,0.731691322788159,0.7651,-0.22975,253.91870967741934,231.1489687908491,66.37082430826723,35.02913043478261,9.074481074481074,0.9489953632148377,1.282051282051282,0.012992800689138148,1.0186411327289395,87.34551429413337,0.011448784841228713,1.4333
2011-09-01,65581.0,95.1961,73.8276,-59834.0,1.26,14359.76,86.936,91.57,339011.0,3774.0,417750.0,3742750.0,19.49,4.106,610.0,603.0,1269.5994,9551.5,0.08,226.597,203.7,3.3,1.008876,0.01,0.04,0.1,0.21,0.9,1.98,7.675454545454546,,1.77,1.97,97.9271,89.7253,0.8767,76.7957,1.5771,1.3747,,,5.417,,,,,0.727,,,,1.0025,286.7,208.6,85.61,488.6,3.89,64.01865,59.5,0.877061116879672,0.8893599999999999,-0.0548,221.50666666666666,122.69902522038763,178.58756361223612,36.53,8.959305804907242,0.9885245901639345,1.1406410402646288,0.01302156240518675,0.9975062344139651,89.95478336114158,0.011116696218202191,1.3747
2011-10-01,67427.0,95.8568,74.1656,-60867.0,1.26,14364.71,87.093,91.614,341058.0,3619.0,402400.0,3701600.0,19.56,4.0675,671.0,566.0,1280.3982,9584.4,0.07,226.75,201.1,3.2,1.4656093,0.02,0.05,0.11,0.28,1.06,2.15,7.908571428571429,,1.87,2.13,98.8305,90.6098,0.8958,76.643,1.5768,1.3732,,,5.4225,,,,,0.7288571429,,,,1.0198,252.5,200.3,86.41,442.8,3.563809523809524,65.41737,60.8,0.965650319593743,0.709,-0.07825,133.75290322580645,75.55926705113976,113.82279494272609,32.829047619047614,9.198807157057654,0.8435171385991058,1.1163206072784102,0.01304750596923398,0.9805844283192783,90.7846179124263,0.011015081882754978,1.3732
2011-11-01,64660.0,95.8485,73.9533,-62687.0,1.26,14349.583,86.946,91.808,342214.0,3565.0,389250.0,3652500.0,19.56,3.9925,706.0,585.0,1293.2356,9636.5,0.08,227.169,201.4,3.2,1.5052488,0.01,0.05,0.11,0.25,0.91,2.01,7.606363636363636,,1.76,2.0,99.4638,91.2649,0.9079,77.5595,1.5806,1.3558,,,5.4886,,,,,0.7371363636,,,,1.0248,256.4,201.8,97.21,452.1,3.264,68.53761,63.7,0.571142185423501,0.9783249999999999,-0.0895,133.72266666666667,78.17902266057708,43.31740899909435,31.94190476190476,9.383429672447013,0.8286118980169972,1.1014428901861437,0.01289332705858083,0.9758001561280251,91.3663651601576,0.010944946734469338,1.3558
2011-12-01,68881.0,96.3571,74.3759,-65067.0,1.26,14479.33,86.985,91.96,343093.0,3768.0,377000.0,3573400.0,19.57,3.9579999999999997,697.0,610.0,1304.0391,9683.9,0.07,227.223,199.8,3.1,1.7116627,0.01,0.05,0.12,0.26,0.89,1.98,7.510434782608696,,1.72,1.97,100.4003,92.2056,0.9334,77.7967,1.5587,1.3155,,,5.6521,,,,,0.7606363636,,,,1.0235,237.6,187.5,98.57,449.5,3.162857142857143,75.20847,69.9,0.547294015149279,0.70366,-0.0996,186.00387096774193,88.39772089770635,52.83169315677552,25.047619047619047,9.478514588859417,0.8751793400286944,1.0713520462824084,0.012854015658761875,0.9770395701025891,92.22668557165845,0.010842848724331725,1.3155
2012-01-01,67784.0,96.9318,74.9205,-66735.0,1.25,14518.055,87.321,92.235,345656.0,3909.0,377750.0,3451250.0,19.59,3.915,712.0,545.0,1321.3179,9757.6,0.08,227.842,200.7,3.3,1.4714419,0.03,0.07,0.12,0.24,0.84,1.97,6.8531818181818185,,1.73,1.94,99.7781,91.6463,0.9376,76.964,1.5524,1.291,,,5.7599,,,,,0.775,,,,1.013,259.4,192.7,100.24,452.7,2.67727,80.69578,75.0,0.414464683921361,0.46290000000000003,-0.2575,156.16677419354838,76.10838963145328,102.96079606687651,20.228,9.13633355393779,0.7654494382022472,1.0665529010238908,0.012993087677355648,0.987166831194472,91.65514860573624,0.010910461825790056,1.291
2012-02-01,69850.0,97.2435,75.1535,-60195.0,1.25,14591.389,87.85,92.364,350345.0,3616.0,363250.0,3381750.0,19.58,3.89,738.0,561.0,1344.1778,9809.8,0.1,228.329,201.6,3.3,1.5014226,0.09,0.12,0.16,0.28,0.83,1.97,6.244285714285714,,1.69,1.88,98.048,89.9605,0.9118,78.47,1.5804,1.3238,,,5.6156,,,,,0.7554761905,,,,0.9967,256.8,193.3,102.25,478.1,2.50486,81.01856,75.3,0.0204390171381297,0.160675,-0.384,112.6948275862069,71.55014347776125,25.40326008384958,18.4205,9.30970406056435,0.7601626016260162,1.0967317394165386,0.012743723716069836,1.0033109260559847,90.06548881679359,0.011103031950830207,1.3238
2012-03-01,69491.0,96.74,74.669,-66971.0,1.25,14635.02,87.735,92.521,351748.0,3979.0,366600.0,3336800.0,19.64,3.9539999999999997,806.0,582.0,1350.492,9853.9,0.13,228.807,204.2,3.9,1.3620536,0.08,0.14,0.19,0.34,1.02,2.17,5.96304347826087,,1.83,2.09,98.6425,90.5112,0.9131,82.4659,1.5824,1.3208,,,5.6294,,,,,0.7571363636,,,,0.9938,268.2,195.9,106.19,479.4,2.163636363636364,81.98691,76.2,-0.0803723848763726,-0.01134,-0.4298,90.2490322580645,30.020061955726998,27.31396899535742,16.167272727272728,9.10201854882706,0.7220843672456576,1.0951702989814915,0.012126224293920275,1.0062386798148522,90.61134489978936,0.011036145651584128,1.3208
2012-04-01,67718.0,97.4359,74.9465,-64077.0,1.26,14689.558,87.816,92.661,349722.0,3793.0,381750.0,3323000.0,19.68,3.91,732.0,671.0,1368.5956,9907.7,0.14,229.187,203.7,3.2,1.6869361,0.08,0.14,0.18,0.29,0.89,2.05,6.12952380952381,,1.76,1.97,98.9607,90.8156,0.9133,81.2524,1.6,1.316,,,5.6529,,,,,0.759952381,,,,0.9928,258.7,190.7,103.33,467.8,1.94875,82.2021,76.4,-0.0327818525179506,0.09227500000000001,-0.40475,94.954,62.48596278129446,46.40848510557908,17.823,8.704649639816633,0.9166666666666666,1.0949304719150335,0.01230732876813485,1.0072522159548751,90.90334031995663,0.011000695865303238,1.316
2012-05-01,69334.0,97.6609,74.6333,-62589.0,1.27,14687.217,87.822,92.755,349064.0,3835.0,373500.0,3328000.0,19.68,3.7979999999999996,796.0,626.0,1379.0397,9951.4,0.16,228.713,201.9,3.0,1.5903147,0.09,0.15,0.19,0.29,0.76,1.8,6.313478260869566,,1.51,1.71,100.6822,92.4928,0.9383,79.6668,1.5924,1.2806,,,5.8061,,,,,0.7817826087,,,,1.0097,249.7,183.9,94.7,457.0,2.432727272727273,85.32233,79.3,0.141648495472359,0.21150000000000002,-0.30525,120.23387096774194,61.22184380182376,18.78744767036304,21.001818181818184,8.910307898259706,0.7864321608040201,1.0657572205051689,0.012552280247229713,0.9903931860948796,92.48579609060035,0.010812471128219368,1.2806
2012-06-01,67543.0,97.6663,74.7583,-60415.0,1.29,14680.673,87.73,92.85,345339.0,3911.0,379200.0,3324400.0,19.71,3.675,794.0,625.0,1397.9731,10021.6,0.16,228.524,199.8,3.1,0.78930567,0.09,0.15,0.19,0.29,0.71,1.62,6.7713636363636365,,1.33,1.53,102.1234,93.8809,0.9576,79.3152,1.5556,1.2541,,,5.9266,,,,,0.7977142857,,,,1.028,247.6,185.8,82.41,435.9,2.458571428571429,78.75908,73.2,0.130206772422184,0.25251999999999997,-0.24980000000000002,169.62566666666666,131.7220106639241,34.21148036222307,21.13095238095238,8.766877637130802,0.7871536523929471,1.0442773600668338,0.0126079238279674,0.9727626459143969,93.81163152595165,0.010659658975479647,1.2541
2012-07-01,64800.0,97.8713,74.5256,-59723.0,1.3,14586.106,87.914,92.946,346936.0,3735.0,372500.0,3305750.0,19.75,3.55,849.0,676.0,1413.7811,10074.5,0.16,228.59,200.1,3.0,1.2966497,0.1,0.15,0.19,0.25,0.62,1.53,6.355,,1.28,1.43,101.641,93.4062,0.9783,78.9348,1.5593,1.2278,,,6.059,,,,,0.8140909091,,,,1.0142,298.4,224.1,87.93,438.7,2.954004761904762,77.79073,72.3,0.0691099858198929,0.058425,-0.33325,171.5925806451613,123.276343608724,50.93926149053786,17.565238095238094,8.874496644295302,0.7962308598351001,1.0221813349688236,0.012668683521083223,0.9859988168014199,93.36829893864875,0.01071027330868573,1.2278
2012-08-01,63535.0,97.4525,74.345,-61109.0,1.29,14553.669,87.932,93.005,351782.0,3809.0,373250.0,3306250.0,19.74,3.6019999999999994,840.0,684.0,1425.6215,10145.6,0.13,229.918,202.7,3.6,1.3700924,0.1,0.14,0.18,0.27,0.71,1.68,5.923043478260869,,1.41,1.58,100.7607,92.5283,0.9681,78.6909,1.5722,1.2406,,,6.0015,,,,,0.806173913,,,,0.9924,312.3,224.6,94.16,434.6,2.840547826086957,79.94262,74.3,-0.240523726095538,-0.1308,-0.42560000000000003,149.64612903225805,107.42556663357695,43.68611020290536,15.689565217391305,8.858004018754187,0.8142857142857143,1.0329511414110113,0.0127079497121014,1.0076582023377672,92.5555410476216,0.010804323422251735,1.2406
2012-09-01,63822.0,97.381,74.1108,-57416.0,1.29,14662.932,88.056,93.119,354575.0,3882.0,381800.0,3314400.0,19.79,3.4975,930.0,652.0,1434.331,10226.1,0.14,231.015,204.4,3.3,1.9315046,0.11,0.14,0.18,0.26,0.67,1.72,5.611428571428571,,1.46,1.61,99.1842,90.9802,0.9386,78.1353,1.6126,1.2885,,,5.7855,,,,,0.77715,,,,0.9783,310.1,232.3,94.72,455.0,2.852105263157895,84.24639,78.3,-0.356652929304069,-0.35664999999999997,-0.5055000000000001,146.60366666666667,136.66848748904397,59.66230542445861,15.284736842105264,8.68098480880042,0.7010752688172043,1.0654165778819518,0.012798312670457527,1.0221813349688236,91.09419267375634,0.010977648197414605,1.2885
2012-10-01,66104.0,97.7193,73.9373,-60545.0,1.29,14761.628,88.05,93.345,354747.0,3775.0,368500.0,3276250.0,19.79,3.3825000000000003,887.0,730.0,1449.5834,10292.4,0.16,231.638,203.5,3.1,1.6131067,0.1,0.15,0.18,0.28,0.71,1.75,5.486521739130435,,1.47,1.65,98.8677,90.7566,0.9323,79.0132,1.608,1.2974,,,5.7486,,,,,0.7706086957,,,,0.9872,297.7,234.7,89.57,459.5,3.319130434782609,88.87295,82.6,-0.334535823021158,-0.464775,-0.54625,161.69774193548386,89.7789054659786,82.02174351585131,16.276190476190475,8.890773405698779,0.8229988726042841,1.0726161106939827,0.012656113155776503,1.012965964343598,90.80752356776159,0.011012303394154217,1.2974
2012-11-01,66414.0,98.0777,74.3212,-64668.0,1.28,14962.471,88.434,93.445,356158.0,3878.0,401250.0,3326250.0,19.84,3.3519999999999994,917.0,668.0,1457.5771,10361.9,0.16,231.249,201.8,3.1,1.6632266,0.09,0.14,0.18,0.27,0.67,1.65,5.709090909090909,,1.38,1.56,99.5355,91.4751,0.9388,81.0305,1.5968,1.2837,,,5.81,,,,,0.7792272727,,,,0.997,292.8,236.0,86.66,442.1,3.5395,88.98055,82.7,-0.36042804110954,-0.37329999999999997,-0.5496000000000001,208.19033333333334,126.06981088005773,11.236362837973918,16.701904761904764,8.289719626168225,0.7284623773173392,1.0651896037494675,0.012341032080512893,1.0030090270812437,91.44382574640886,0.010935675447057414,1.2837
2012-12-01,66560.0,98.3101,74.7755,-56678.0,1.29,15333.647,88.47,93.514,357519.0,3970.0,359000.0,3190200.0,19.9,3.3449999999999998,941.0,677.0,1474.5892,10484.1,0.16,231.221,201.5,3.2,2.1029068,0.07,0.12,0.16,0.26,0.7,1.72,5.331904761904762,,1.46,1.65,98.9607,90.8804,0.9213,83.7905,1.6145,1.3119,,,5.6864,,,,,0.7617619048,,,,0.9898,293.7,231.6,88.25,453.5,3.338235,78.43629,72.9,-0.417473268481752,-0.511275,-0.582,211.77129032258065,104.01222595943538,34.212079441899384,17.307,8.886350974930362,0.7194473963868225,1.08542277216976,0.011934527183869293,1.0103051121438675,90.89528613162949,0.01100167063176253,1.3119
2013-01-01,69971.0,98.3342,74.589,-60764.0,1.29,14568.746,88.864,93.703,360257.0,3923.0,353000.0,3132750.0,19.93,3.414,940.0,714.0,1485.1014,10508.1,0.14,231.679,202.5,3.3,1.3155854,0.07,0.11,0.15,0.27,0.81,1.91,4.936521739130434,,1.64,1.84,98.8749,90.8255,0.9234,89.0581,1.5965,1.3304,,,5.6087,,,,,0.752,,,,0.9921,297.8,224.9,94.69,456.3,3.338571428571429,79.40465,73.8,-0.508384543275068,-0.639325,-0.63025,204.00322580645164,97.48262089011577,20.04611411527406,13.505238095238095,8.874645892351275,0.7595744680851064,1.0829542993285683,0.01122862490890778,1.0079629069650238,90.8255,0.01101012380884223,1.3304
2013-02-01,66123.0,98.7941,74.8632,-61750.0,1.27,14539.752,88.849,93.805,365227.0,4004.0,353000.0,3058750.0,19.99,3.5324999999999998,980.0,729.0,1491.2673,10527.5,0.15,232.937,204.3,3.3,1.3608065,0.1,0.12,0.16,0.27,0.85,1.98,4.993,,1.71,1.88,99.6805,91.5509,0.9212,93.0016,1.5474,1.3347,,,5.5894,,,,,0.74955,,,,1.0098,286.2,214.4,95.32,459.4,3.3055,83.49323,77.6,-0.583542554157966,-0.5999749999999999,-0.6485000000000001,145.20964285714285,77.29902954089897,35.52704185446253,14.072631578947368,8.66501416430595,0.7438775510204082,1.0855405992184108,0.010752503182740942,0.9902951079421667,91.5564181909331,0.01092222718799009,1.3347
2013-03-01,65898.0,99.1921,74.7698,-55614.0,1.29,14590.576,88.963,93.891,362148.0,4076.0,351800.0,3037800.0,20.01,3.565,936.0,816.0,1499.186,10583.8,0.14,232.282,204.0,3.2,1.0049408,0.09,0.11,0.15,0.26,0.82,1.96,4.804090909090909,,1.7,1.87,100.5408,92.4132,0.9466,94.77,1.508,1.2953,,,5.7552,,,,,0.772047619,,,,1.0244,297.5,208.0,93.05,445.4,3.784285714285714,84.56918,78.6,-0.545716789376896,-0.6524,-0.6566000000000001,137.8290322580645,74.67810941789031,28.561545810500082,13.0315,8.63501989766913,0.8717948717948718,1.0564124234100993,0.010551862403714257,0.9761811792268645,92.39775716184371,0.010822773525210164,1.2953
2013-04-01,67834.0,99.1065,74.5484,-58407.0,1.3,14650.083,88.983,93.937,360499.0,3988.0,347250.0,3041500.0,20.04,3.4450000000000003,1012.0,712.0,1507.451,10611.3,0.15,231.797,203.5,3.1,1.4563149,0.06,0.09,0.12,0.23,0.71,1.76,4.76409090909091,,1.53,1.7,100.1874,92.0478,0.9366,97.7582,1.5311,1.3025,,,5.7235,,,,,0.7677727273,,,,1.0187,264.7,208.5,92.07,431.7,4.161363636363636,82.2021,76.4,-0.402219524898874,-0.616425,-0.687,89.16766666666668,34.016665274439994,32.31076029638058,13.967272727272727,8.758819294456444,0.7035573122529645,1.067691650651292,0.010229320916301651,0.9816432708353785,92.04476251459532,0.010864279212425937,1.3025
2013-05-01,69461.0,99.1839,74.7765,-62194.0,1.28,14720.7,89.237,94.047,362842.0,4145.0,347750.0,3012250.0,20.05,3.536,1003.0,708.0,1510.4217,10646.1,0.11,231.893,204.1,3.1,1.1780254,0.04,0.08,0.12,0.25,0.84,1.93,4.378260869565217,,1.68,1.89,100.6193,92.529,0.9557,100.9186,1.5297,1.2983,,,5.741,,,,,0.7707142857,,,,1.0196,278.3,211.2,94.8,424.7,4.074347826086957,90.91724,84.5,-0.530227171076868,-0.59048,-0.7087999999999999,78.37612903225806,35.08108827374346,22.428136934527306,13.493636363636364,8.662113587347232,0.7058823529411765,1.0463534581981793,0.009908976145130829,0.9807767752059631,92.51694721314878,0.010808830491305673,1.2983
2013-06-01,69491.0,99.3897,74.9749,-55548.0,1.29,14720.82,89.219,94.209,364181.0,4150.0,344600.0,2992800.0,20.13,4.07,942.0,736.0,1521.7516,10703.3,0.09,232.445,204.3,3.0,1.3532103,0.05,0.09,0.14,0.33,1.2,2.3,5.058095238095238,,1.97,2.25,101.4302,93.2836,0.9331,97.235,1.5493,1.3197,,,5.6513,,,,,0.758586,,,,1.0314,284.9,207.4,95.8,419.7,3.806,90.48686,84.1,-0.348285219074921,-0.07155,-0.6475,81.67,55.33706098550452,57.17888615333739,17.2715,8.684852002321533,0.7813163481953291,1.0716964955524595,0.010284362626626214,0.9695559433779328,93.27519287852718,0.010720964161417558,1.3197
2013-07-01,66264.0,99.0814,74.4051,-57948.0,1.29,14690.118,89.329,94.329,366243.0,3885.0,346000.0,3020250.0,20.14,4.37,997.0,784.0,1531.8942,10742.8,0.09,232.9,204.4,3.1,1.0030329,0.04,0.07,0.12,0.34,1.4,2.58,4.81695652173913,,2.24,2.54,101.9848,93.8724,0.9449,99.6727,1.5179,1.3088,,,5.6983,,,,,0.7646421739,,,,1.0402,274.6,200.9,104.61,410.4,3.64304347826087,91.56281,85.1,-0.514382295268858,-0.36695,-0.644,93.22290322580645,51.459549300698114,52.83233987341328,13.974545454545455,8.729046242774567,0.7863590772316951,1.0583130489998942,0.010032837477062425,0.9613535858488752,93.863380700028,0.010653782045160256,1.3088
2013-08-01,65887.0,99.6543,75.0642,-58044.0,1.29,14715.624,89.464,94.431,365543.0,4085.0,333400.0,2934400.0,20.17,4.456,964.0,765.0,1533.0979,10801.2,0.08,233.456,204.2,3.0,1.797427,0.04,0.07,0.13,0.36,1.52,2.74,4.751363636363636,,2.38,2.7,101.8657,93.7149,0.9261,97.8123,1.5505,1.3314,,,5.6014,,,,,0.7510654545,,,,1.0407,223.2,191.4,106.57,426.3,3.412272727272727,88.33498,82.1,-0.634396569692623,-0.3033,-0.6694000000000001,92.87741935483871,76.7128539368527,33.21323640145709,14.21,8.801439712057588,0.7935684647302904,1.0797969981643452,0.01022366307713856,0.9608917075045643,93.71073529309507,0.010671135989621067,1.3314
2013-09-01,66459.0,100.161,75.1341,-61635.0,1.3,14776.266,89.733,94.543,365668.0,4128.0,314000.0,2895750.0,20.23,4.49,1004.0,776.0,1540.0041,10862.0,0.08,233.544,203.9,3.3,2.202423,0.02,0.04,0.12,0.4,1.6,2.81,4.642857142857143,,2.41,2.79,101.6531,93.4706,0.9231,99.21,1.5885,1.3364,,,5.5814,,,,,0.7491161905,,,,1.0342,201.2,192.5,106.29,424.8,3.615714285714286,83.38564,77.5,-0.649531361982362,-0.345075,-0.6685000000000001,116.71700000000001,93.53116019249383,84.69245526503012,14.692000000000002,9.222133757961783,0.7729083665338645,1.0833062506770663,0.010079629069650238,0.9669309611293754,93.46892596760249,0.010698742813698455,1.3364
2013-10-01,64963.0,100.082,75.3083,-57771.0,1.3,14726.182,90.023,94.703,366444.0,4222.0,358500.0,2928500.0,20.25,4.192,1044.0,801.0,1549.6383,10986.3,0.09,233.669,202.5,3.0,1.5555239,0.05,0.08,0.12,0.34,1.37,2.62,4.554347826086956,,2.28,2.57,100.6329,92.4993,0.9025,97.77,1.6098,1.3646,,,5.4662,,,,,0.7330056522,,,,1.0363,175.4,201.7,100.54,424.7,3.655217391304348,78.75908,73.2,-0.619915938678782,-0.4498,-0.7055,176.28096774193548,159.4561083975777,15.591422089657602,15.407826086956522,8.168758716875871,0.7672413793103449,1.10803324099723,0.010228086325048584,0.9649715333397665,92.49865266383999,0.010810968281172863,1.3646
2013-11-01,68320.0,100.3158,75.3105,-55237.0,1.29,14763.876,90.393,94.86,366868.0,4119.0,328200.0,2851200.0,20.31,4.255,1029.0,839.0,1558.8509,10995.6,0.08,234.1,201.2,2.9,1.4505754,0.07,0.1,0.12,0.3,1.37,2.72,4.321363636363636,,2.42,2.65,101.5247,93.3737,0.9129,100.0737,1.61,1.3491,,,5.5281,,,,,0.7413595238,,,,1.0486,171.3,194.6,93.86,420.8,3.651428571428571,80.80337,75.1,-0.74785698781335,-0.56826,-0.7552,83.81566666666666,67.16274174659195,26.84253283818684,12.924000000000001,8.687385740402194,0.815354713313897,1.0954102311315588,0.009992635427689793,0.9536524890329964,93.37293621139955,0.010709741393758524,1.3491
2013-12-01,67592.0,100.5175,75.2138,-55627.0,1.3,14797.116,90.475,94.961,369499.0,4121.0,346000.0,2858500.0,20.34,4.4575,1005.0,778.0,1574.33,11060.1,0.09,234.719,202.0,3.0,1.9240314,0.07,0.1,0.13,0.34,1.58,2.9,4.081363636363637,,2.56,2.83,101.7099,93.534,0.8933,103.46,1.6383,1.3708,,,5.4418,,,,,0.7297122727,,,,1.0639,172.3,194.6,97.63,421.5,4.283636363636364,88.76536,82.5,-0.932944022459415,-0.55305,-0.77625,90.93870967741935,95.22825315679025,17.871691450547395,14.192380952380953,8.261560693641618,0.7741293532338308,1.119444755401321,0.009665571235260004,0.9399379640943697,93.53357549607668,0.010691347943198704,1.3708
2014-01-01,68261.0,100.1599,74.4928,-59821.0,1.31,14872.775,90.176,95.064,366684.0,4127.0,326750.0,2876750.0,20.39,4.432,976.0,838.0,1586.7954,11130.8,0.07,235.288,203.8,3.1,1.6382453,0.04,0.07,0.12,0.39,1.65,2.86,3.969130434782609,,2.47,2.82,102.6524,94.4648,0.9038,103.7614,1.647,1.3618,,,5.4787,,,,,0.7340834783,,,,1.094,170.6,189.7,94.62,427.9,4.528260869565217,87.36663,81.2,-0.786025578989913,-0.54446,-0.7692,95.62741935483871,76.31707390280305,42.482418865161705,14.24095238095238,8.804131599081867,0.8586065573770492,1.1064394777605664,0.009637495253533588,0.9140767824497257,94.46438132046127,0.010586000628190182,1.3618
2014-02-01,67124.0,100.9168,75.2268,-61758.0,1.31,14955.901,90.586,95.109,371335.0,4373.0,335250.0,2848750.0,20.51,4.3025,1039.0,876.0,1619.7096,11196.8,0.07,235.547,205.7,3.2,1.5858281,0.05,0.08,0.12,0.33,1.52,2.71,4.0305,,2.38,2.66,102.9102,94.6456,0.8937,102.1253,1.6558,1.3665,,,5.4606,,,,,0.731746,,,,1.1054,174.7,191.0,100.82,422.3,5.1635,87.797,81.6,-0.803051951421108,-0.5775250000000001,-0.76975,83.49142857142859,44.055515309508664,185.26766344704305,15.47,8.497390007457122,0.8431183830606352,1.1189437171310281,0.009791892900192216,0.904649900488511,94.64542989571817,0.010565750518559807,1.3665
2014-03-01,68418.0,101.8942,75.9245,-63738.0,1.3,15033.859,91.104,95.25,375285.0,4388.0,321000.0,2779200.0,20.5,4.3425,1067.0,893.0,1633.3176,11232.6,0.08,236.028,207.0,3.2,1.2194617,0.05,0.08,0.13,0.4,1.64,2.72,3.8076190476190472,,2.32,2.67,102.8238,94.4408,0.8805,102.3395,1.6624,1.3828,,,5.3975,,,,,0.7231647619,,,,1.1107,187.0,206.3,100.8,412.2,4.484761904761905,86.07549,80.0,-0.769795305496477,-0.6144,-0.778,72.93064516129031,45.16197703077868,167.8730782922803,14.836666666666666,8.657943925233646,0.8369259606373008,1.135718341851221,0.009771398140502935,0.9003331232556046,94.44081104219102,0.010588642653156106,1.3828
2014-04-01,66400.0,101.9928,75.984,-66424.0,1.3,15078.809,91.253,95.413,379432.0,4566.0,322750.0,2721000.0,20.51,4.3375,1090.0,834.0,1651.1911,11277.7,0.09,236.468,208.3,3.2,1.653011,0.03,0.05,0.11,0.42,1.7,2.71,3.7040909090909087,,2.29,2.68,102.4311,93.9956,0.8828,102.4582,1.6748,1.381,,,5.4056,,,,,0.7240890909,,,,1.0992,199.2,210.8,102.07,401.8,4.614090909090909,90.48686,84.1,-0.824921730247782,-0.625875,-0.77075,63.76,25.73011665698256,28.513070358116867,14.19809523809524,8.430673896204492,0.7651376146788991,1.1327594019030358,0.009760077768299657,0.9097525473071325,93.99565339286627,0.010638789815316015,1.381
2014-05-01,66155.0,102.3836,76.2447,-62522.0,1.3,15120.855,91.451,95.574,379787.0,4747.0,313800.0,2667400.0,20.53,4.192,1018.0,891.0,1663.6926,11342.8,0.09,236.918,208.0,3.3,1.76839,0.03,0.05,0.1,0.39,1.59,2.56,3.75,,2.17,2.53,102.107,93.67,0.8883,101.7738,1.6842,1.3739,,,5.4331,,,,,0.7281081818,,,,1.0894,198.5,217.7,102.18,407.7,4.528636363636364,88.11979,81.9,-0.96460333251419,-0.7058199999999999,-0.7784000000000001,68.4025806451613,30.263870965489176,18.71843317022573,12.475238095238096,8.500318674314851,0.8752455795677799,1.1257458065968704,0.009825711528900365,0.9179364787956674,93.67004174268145,0.01067577190524879,1.3739
2014-06-01,69702.0,102.735,76.5649,-61411.0,1.31,15177.06,91.772,95.682,380618.0,4982.0,313500.0,2588750.0,20.6,4.1625,1010.0,800.0,1676.8043,11398.1,0.1,237.231,208.3,3.1,1.5265458,0.04,0.06,0.1,0.45,1.68,2.6,3.471904761904762,,2.15,2.56,102.2573,93.8274,0.8958,102.0629,1.6908,1.3595,,,5.4861,,,,,0.7355752381,,,,1.083,178.8,193.8,105.79,405.1,4.593333333333333,88.76536,82.5,-1.03310962822037,-0.802775,-0.7887500000000001,68.896,18.68332576554847,15.211177617445864,11.541428571428572,8.257575757575758,0.7920792079207921,1.1163206072784102,0.009797879542909324,0.9233610341643583,93.82742138811064,0.010657865101754947,1.3595
2014-07-01,67519.0,102.9632,76.9794,-61785.0,1.3,15218.177,91.971,95.848,381045.0,4846.0,301750.0,2533500.0,20.61,4.13,1076.0,839.0,1694.9147,11453.0,0.09,237.498,208.0,3.3,1.8594911,0.03,0.06,0.11,0.51,1.7,2.54,3.6530434782608694,,2.03,2.51,102.015,93.6039,0.8978,101.74,1.7066,1.3533,,,5.5097,,,,,0.7388569565,,,,1.0739,148.3,181.4,103.59,415.9,4.041739130434783,88.01219,81.8,-0.890720938626179,-0.717425,-0.755,72.39387096774193,42.366430029041425,30.181343928875318,12.296363636363635,8.3960231980116,0.7797397769516728,1.1138338159946535,0.009828975820719482,0.9311853990129434,93.60391308780093,0.010683314051860151,1.3533
2014-08-01,68326.0,102.7688,76.5958,-59403.0,1.31,15295.125,92.596,95.885,384017.0,5349.0,302000.0,2504800.0,20.66,4.115,1047.0,908.0,1711.7561,11477.3,0.09,237.46,207.0,3.2,1.8065541,0.03,0.05,0.11,0.47,1.63,2.42,3.9718181818181817,,1.95,2.39,102.9297,94.5808,0.9098,102.9438,1.67,1.3315,,,5.5987,,,,,0.75092,,,,1.0926,142.8,172.9,96.54,413.6,3.899047619047619,88.76536,82.5,-0.8309133983049,-0.6089,-0.7252,53.53774193548387,34.959716777078064,22.49473841975157,13.491904761904761,8.294039735099338,0.8672397325692455,1.0991426687183996,0.009714038145084989,0.9152480322167307,94.58079770962775,0.010572970668635058,1.3315
2014-09-01,69490.0,103.0641,76.6653,-63888.0,1.31,15348.309,92.623,96.013,382277.0,4914.0,295000.0,2447750.0,20.66,4.1625,1077.0,975.0,1725.7351,11519.1,0.09,237.477,206.4,3.0,2.1150395,0.02,0.04,0.11,0.57,1.77,2.53,4.06,,1.96,2.51,104.4791,96.1209,0.937,107.4257,1.629,1.2889,,,5.7757,,,,,0.7751895455,,,,1.1011,136.2,183.0,93.21,411.1,3.926363636363636,91.02483,84.6,-0.814665774324763,-0.505475,-0.696,57.967666666666666,45.63621949611687,12.23521091643739,13.466666666666667,8.297457627118645,0.9052924791086351,1.0672358591248665,0.009308759449554435,0.9081827263645446,96.12089330664702,0.010403565401850539,1.2889
2014-10-01,65806.0,103.0764,76.6657,-62424.0,1.32,15426.259,93.217,96.096,383323.0,5012.0,288750.0,2423250.0,20.7,4.036,1094.0,920.0,1730.8096,11593.1,0.09,237.43,203.4,2.9,1.6022445,0.02,0.05,0.1,0.45,1.55,2.3,4.514347826086956,,1.85,2.28,105.8242,97.4396,0.9528,108.0264,1.6074,1.2677,,,5.8723,,,,,0.7890443478,,,,1.1212,131.0,176.8,84.4,404.5,3.801304347826087,93.4995,86.9,-0.326507315197969,-0.27744,-0.6446,66.28516129032259,41.26954379968663,15.874345147508267,18.058695652173913,8.392207792207792,0.8409506398537477,1.0495382031905962,0.00925699643790777,0.8919015340706387,97.43959365186343,0.010262768578170031,1.2677
2014-11-01,63797.0,103.7126,77.2751,-61479.0,1.34,15514.307,93.454,96.181,384459.0,4843.0,291600.0,2408800.0,20.77,3.9975,1059.0,863.0,1751.6656,11634.2,0.09,236.983,200.9,2.8,1.321155,0.02,0.07,0.13,0.53,1.62,2.33,4.457619047619048,,1.8,2.31,107.615,99.1147,0.9642,116.2994,1.5771,1.2473,,,5.966,,,,,0.801368,,,,1.1325,140.1,179.1,75.79,400.6,4.2395,95.5438,88.8,-0.687823798691597,-0.39644999999999997,-0.653,58.178,32.1126884967344,22.607562030003525,13.413157894736841,8.260631001371742,0.8149197355996223,1.0371292263015972,0.008598496638847663,0.8830022075055187,99.11469564709097,0.010089321199760453,1.2473
2014-12-01,66039.0,103.7044,77.2028,-65264.0,1.35,15620.73,93.713,96.249,380682.0,5130.0,284500.0,2380000.0,20.71,3.864,1072.0,955.0,1773.178,11717.6,0.12,236.252,197.0,2.8,2.1860996,0.03,0.11,0.21,0.64,1.64,2.21,5.069565217391304,,1.57,2.18,110.2102,101.4441,0.9753,119.3233,1.5644,1.2329,,,6.0351,,,,,0.812196087,,,,1.1532,150.8,184.9,59.29,392.4,3.486521739130435,100.7083,93.6,-0.497693454985301,-0.1745,-0.605,66.2416129032258,37.34541893242698,17.736289985488977,16.292272727272728,8.36555360281195,0.8908582089552238,1.0253255408592228,0.008380592893424839,0.8671522719389525,101.44409791214676,0.009857645940782343,1.2329
2015-01-01,64918.0,102.8905,76.8495,-62102.0,1.38,15758.015,93.936,96.214,378518.0,5344.0,287600.0,2349800.0,20.8,3.67,1049.0,954.0,1791.5773,11805.2,0.11,234.747,192.0,2.5,0.91604112,0.03,0.08,0.2,0.55,1.37,1.88,5.288695652173913,,1.33,1.85,112.5817,103.7607,0.9443,118.25,1.5142,1.1615,,,6.4083,,,,,0.8599027273,,,,1.2122,149.5,171.7,47.22,376.8,2.936363636363636,105.5501,98.1,-0.156111682135753,0.0355,-0.5226,80.64967741935483,51.936287012836495,33.80775848783844,19.1195,8.17037552155772,0.909437559580553,1.058985491898761,0.008456659619450317,0.8249463784853985,103.76069788474618,0.009637560467362754,1.1615
2015-02-01,63754.0,102.2335,76.373,-57664.0,1.39,15815.476,94.158,96.324,377594.0,5466.0,301250.0,2340250.0,20.84,3.71,1127.0,863.0,1807.9304,11922.8,0.11,235.342,191.1,2.8,0.38334206,0.02,0.07,0.22,0.62,1.47,1.98,4.711428571428572,,1.36,1.96,114.0313,105.1685,0.9361,118.76,1.5329,1.135,,,6.5636,,,,,0.880563,,,,1.2499,152.9,167.1,50.58,362.7,2.7565,102.645,95.4,-0.368207271138162,-0.22555,-0.51525,68.65714285714286,36.31179571259207,15.410779413270783,15.90421052631579,7.768464730290456,0.7657497781721384,1.0682619378271552,0.00842034355001684,0.8000640051204096,105.16849843301651,0.009508550705769713,1.135
2015-03-01,65042.0,101.8914,76.7408,-72184.0,1.38,15786.489,94.441,96.47,383681.0,5210.0,284000.0,2326500.0,20.91,3.77,1072.0,781.0,1833.4502,11920.5,0.11,235.976,191.5,3.0,0.79843856,0.03,0.11,0.25,0.64,1.52,2.04,4.664545454545455,,1.4,2.01,116.1148,107.3647,0.9798,120.3945,1.4958,1.0819,,,6.8954,,,,,0.9244727273,,,,1.2618,152.8,164.4,47.82,365.8,2.746363636363636,100.0628,93.0,-0.440601917836531,-0.17945,-0.535,62.27483870967742,33.92811262574285,27.90761311919028,14.812727272727273,8.191901408450704,0.7285447761194029,1.0206164523372117,0.008306027268687524,0.7925186241876684,107.3646984114457,0.009314048423698587,1.0819
2015-04-01,64140.0,101.3355,76.8166,-62722.0,1.38,15833.624,94.614,96.648,383893.0,5598.0,286000.0,2281500.0,20.92,3.6719999999999997,1166.0,1001.0,1847.9368,11954.6,0.12,236.222,190.9,2.6,1.5899931,0.02,0.09,0.23,0.54,1.35,1.94,4.635454545454546,,1.4,1.92,114.9416,106.3523,0.9595,119.5095,1.4968,1.0822,,,6.9011,,,,,0.9246854545,,,,1.2337,149.8,157.8,54.45,371.2,2.596363636363636,103.183,95.9,-0.474878051757888,-0.3244,-0.5425,66.03,35.80220842179848,41.6005026109245,13.494761904761905,7.9772727272727275,0.8584905660377359,1.0422094841063054,0.008367535635242387,0.8105698305909054,106.35229894698267,0.009402711647056231,1.0822
2015-05-01,62567.0,100.8883,76.921,-61462.0,1.38,15866.779,94.899,96.766,387155.0,5563.0,274000.0,2260400.0,20.98,3.84,1272.0,1012.0,1863.5293,11982.6,0.12,237.001,193.4,2.8,1.7028274,0.02,0.08,0.24,0.61,1.54,2.2,4.507727272727273,,1.59,2.18,114.059,105.4065,0.9316,120.798,1.5456,1.1167,,,6.6823,,,,,0.8961171429,,,,1.2176,145.1,152.4,59.27,384.7,2.857619047619048,97.5881,90.7,-0.72201041758213,-0.2945,-0.546,62.85967741935484,31.08436625533754,88.91986018145089,13.3385,8.24963503649635,0.7955974842767296,1.07342206955775,0.008278282753025713,0.8212877792378449,105.40649947361221,0.009487081014869895,1.1167
2015-06-01,63826.0,100.571,76.6945,-65486.0,1.38,15873.338,94.966,96.882,387199.0,5248.0,273750.0,2273750.0,21.0,3.9825,1379.0,962.0,1880.1555,12023.2,0.13,237.657,194.8,2.7,1.7750546,0.02,0.09,0.28,0.69,1.68,2.36,4.66,,1.67,2.34,114.938,106.179,0.9321,123.7186,1.5576,1.1226,,,6.646,,,,,0.8915577273,,,,1.2365,145.1,168.3,59.82,373.0,2.768636363636364,103.3982,96.1,-0.601090524161414,-0.2178,-0.5427500000000001,67.026,33.0426179066883,100.80303556081515,14.339545454545457,8.30593607305936,0.6976069615663524,1.0728462611307799,0.008082859004224103,0.8087343307723414,106.1789996983518,0.009418058211519606,1.1226
2015-07-01,63498.0,101.2228,77.3337,-62741.0,1.38,15899.39,95.319,96.978,390953.0,6056.0,277750.0,2244750.0,21.03,4.046,1140.0,988.0,1889.5042,12067.0,0.13,238.034,193.9,2.8,1.8011251,0.03,0.12,0.3,0.67,1.63,2.32,5.106086956521739,,1.65,2.29,116.9247,108.1236,0.9547,123.3109,1.556,1.0997,,,6.785,,,,,0.9087826087,,,,1.2863,165.5,160.6,50.9,355.7,2.809130434782609,100.1704,93.1,-0.451409667671903,-0.10974000000000002,-0.52,74.31193548387097,52.275351996919895,51.49281967826278,14.352727272727272,8.081908190819082,0.8666666666666667,1.0474494605635278,0.00810958317553436,0.7774236181295188,108.12359978044381,0.00924867468370091,1.0997
2015-08-01,63168.0,101.0367,77.1158,-66773.0,1.4,15930.975,95.554,97.056,390570.0,5467.0,275200.0,2254000.0,21.11,3.9050000000000002,1165.0,974.0,1903.4103,12112.0,0.14,238.033,191.9,2.8,1.7247986,0.07,0.22,0.38,0.7,1.54,2.17,5.658095238095238,,1.47,2.1,119.1081,109.9768,0.9685,123.0038,1.5578,1.1136,,,6.7035,,,,,0.8983647619,,,,1.3147,148.4,142.7,42.87,341.8,2.752857142857143,98.87923,91.9,-0.229476618273511,0.16725,-0.4485,76.01096774193549,74.79461287622023,20.829575502112576,19.42809523809524,8.190406976744185,0.8360515021459227,1.0325245224574084,0.008129830135329152,0.7606298014756219,109.97679989511776,0.009092826859425588,1.1136
2015-09-01,63297.0,100.7547,76.926,-63547.0,1.4,15973.484,95.61,97.196,388551.0,5488.0,269500.0,2243000.0,21.09,3.89,1144.0,1040.0,1915.348,12173.9,0.14,237.498,189.1,2.8,1.92835583,0.02,0.18,0.37,0.71,1.49,2.17,5.868181818181818,,1.46,2.15,120.014,110.8513,0.9725,120.1476,1.5338,1.1229,,,6.6447,,,,,0.8914286364,,,,1.3266,149.5,138.3,45.48,340.6,2.638181818181818,93.82229,87.2,-0.0609418153714164,0.274825,-0.401,87.062,104.99440168614763,19.6096402314235,24.377142857142857,8.322820037105751,0.9090909090909091,1.0282776349614395,0.008323095925345159,0.7538067239559777,110.85129993161993,0.009021094029721465,1.1229
2015-10-01,63423.0,100.2675,76.827,-62385.0,1.41,16012.028,95.676,97.228,387066.0,5773.0,267000.0,2207600.0,21.19,3.7960000000000003,1160.0,985.0,1930.1677,12225.2,0.12,237.733,187.5,2.7,1.3119821,0.02,0.11,0.26,0.64,1.39,2.07,6.197391304347826,,1.43,2.05,118.9676,109.9036,0.9687,120.0481,1.5343,1.1228,,,6.6453,,,,,0.8903236364,,,,1.3072,147.2,143.3,46.22,334.1,2.384545454545455,96.83493,90.0,-0.228760049076229,0.1927,-0.442,65.7516129032258,63.585852674148676,68.60896335299901,16.789545454545454,8.268164794007491,0.8491379310344828,1.0323113451016828,0.008329994393913772,0.7649938800489596,109.90359995760306,0.009098883024630355,1.1228
2015-11-01,62071.0,99.5298,76.6246,-62045.0,1.41,16009.52,95.835,97.332,388530.0,5708.0,268500.0,2208500.0,21.21,3.9425,1244.0,1000.0,1946.3666,12317.0,0.12,238.017,185.7,2.7,1.3066673,0.12,0.32,0.48,0.88,1.67,2.26,6.136190476190476,,1.38,2.13,120.7741,111.6916,1.0098,122.6432,1.5194,1.0727,,,6.9555,,,,,0.93277,,,,1.3279,141.0,135.1,42.44,323.0,2.275714285714286,98.23366,91.3,-0.33998772995697,0.05295,-0.45875,55.510666666666665,35.15372560149704,20.503121626281946,16.21,8.225325884543762,0.8038585209003215,0.9902951079421667,0.008153733757762354,0.7530687551773476,111.69159996896236,0.008953224774986543,1.0727
2015-12-01,60201.0,99.0417,76.4118,-62757.0,1.43,16077.429,96.138,97.396,389551.0,5845.0,271000.0,2203750.0,21.23,3.964,1211.0,1023.0,1952.8521,12387.9,0.24,237.761,183.5,2.6,1.46795515,0.23,0.49,0.65,0.98,1.7,2.24,6.8786956521739135,,1.26,2.01,121.9999,112.7857,0.9951,121.635,1.4981,1.0889,,,6.853,,,,,0.9184513043,,,,1.3713,148.4,138.1,37.19,309.5,2.042173913043478,99.63239,92.6,-0.008288984894202,0.37934999999999997,-0.392,71.08064516129032,60.35844993918739,20.47554582135494,18.025454545454547,8.131918819188192,0.8447563996696945,1.0049241282283188,0.008221317877255723,0.729235032450959,112.78569998197592,0.008866372245415937,1.0889
2016-01-01,61840.0,99.5607,76.6964,-61523.0,1.43,16098.568,96.299,97.567,387483.0,6012.0,279600.0,2207600.0,21.31,3.8725,1171.0,1056.0,1963.8478,12518.5,0.34,237.652,182.6,2.5,1.47498776,0.26,0.43,0.54,0.9,1.52,2.09,7.594545454545455,,1.19,1.83,124.6274,115.2344,1.0082,118.2258,1.4392,1.0855,,,6.8743,,,,,0.9217671429,,,,1.4208,140.3,136.2,31.68,302.9,2.232380952380952,98.98682,92.0,0.280673485465748,0.6857800000000001,-0.31779999999999997,80.38064516129033,55.45720481406289,42.781122645061046,23.717894736842105,7.895565092989986,0.9017933390264731,0.9918666931164452,0.008458390638929912,0.7038288288288288,115.2343999885332,0.008677964219881464,1.0855
2016-02-01,60985.0,99.0445,76.4063,-64300.0,1.43,16107.427,96.941,97.736,390029.0,5770.0,266750.0,2200500.0,21.33,3.66,1172.0,1037.0,1987.1478,12603.9,0.38,237.336,181.3,2.5,1.11589387,0.31,0.44,0.53,0.73,1.22,1.78,8.225714285714286,,1.05,1.47,123.6308,114.2817,0.992,114.6155,1.429,1.1092,,,6.7287,,,,,0.901702381,,,,1.3797,141.5,128.4,30.32,306.7,1.93047619047619,98.66404,91.7,0.547711232883498,0.7772749999999999,-0.30225,78.93103448275862,65.95661833432227,26.272141839100378,22.517,8.24929709465792,0.8848122866894198,1.0080645161290323,0.008724823431385807,0.7247952453431906,114.28169999338897,0.008750307355052021,1.1092
2016-03-01,60742.0,98.3096,76.3208,-58418.0,1.43,16106.421,96.58,97.876,388998.0,6129.0,263250.0,2167250.0,21.39,3.694,1118.0,1003.0,2017.6235,12661.8,0.36,238.08,182.1,2.7,0.78224551,0.29,0.46,0.66,0.88,1.38,1.89,6.980869565217391,,1.01,1.59,121.1184,111.8934,0.9811,112.9317,1.4249,1.1134,,,6.6986,,,,,0.8985226087,,,,1.3226,143.9,135.0,37.55,318.9,1.812608695652174,97.91087,91.0,-0.0216427265864561,0.2104,-0.352,63.63,50.41493833284612,49.187943138521874,15.84909090909091,8.2326685660019,0.8971377459749553,1.0192640913260627,0.008854909648929397,0.7560864962951762,111.89339999644086,0.008937077611653665,1.1134
2016-04-01,61003.0,98.6421,76.2043,-59727.0,1.43,16081.685,96.836,98.117,391112.0,5803.0,266000.0,2149000.0,21.46,3.605,1160.0,945.0,2033.446,12743.2,0.37,238.992,183.2,2.8,1.68966418,0.23,0.37,0.56,0.77,1.26,1.81,6.619545454545454,,1.04,1.58,119.1667,110.0171,0.9634,109.5519,1.4319,1.1346,,,6.5591,,,,,0.881817619,,,,1.2818,141.9,127.9,40.75,317.0,2.014285714285714,95.75899,89.0,-0.0617749165481741,0.17374,-0.382,52.43566666666666,37.04986348718591,42.92338836801066,14.300476190476191,8.078947368421053,0.8146551724137931,1.0379904504878554,0.009128093625030692,0.7801529099703541,110.01709999812499,0.00908949608758132,1.1346
2016-05-01,59411.0,98.4184,76.1095,-61970.0,1.43,16074.046,96.995,98.284,392299.0,5777.0,274500.0,2169750.0,21.48,3.6,1205.0,1000.0,2048.1212,12802.0,0.37,239.557,185.3,2.4,1.66012215,0.27,0.41,0.59,0.82,1.3,1.81,6.260909090909092,,0.99,1.53,120.4312,111.1405,0.9777,108.8481,1.4524,1.1312,,,6.5762,,,,,0.8846081818,,,,1.2945,145.9,128.8,46.71,316.6,2.087272727272727,101.8919,94.7,-0.23766590275008,0.1329,-0.37875000000000003,55.18161290322581,39.74792311463502,76.84801711465681,14.852857142857141,7.904371584699454,0.8298755186721992,1.0228086325048584,0.009187114887627804,0.772499034376207,111.1404999989414,0.008997620129561455,1.1312
2016-06-01,59363.0,98.8833,76.2442,-65305.0,1.41,16090.905,97.426,98.386,397113.0,5742.0,265250.0,2156750.0,21.52,3.568,1208.0,1109.0,2050.7824,12852.5,0.38,240.222,187.6,2.6,1.28116185,0.27,0.4,0.55,0.73,1.17,1.64,6.104090909090909,,0.91,1.37,120.8707,111.5596,0.9695,105.3509,1.4197,1.1232,,,6.621,,,,,0.8902813636,,,,1.2894,168.2,132.7,48.76,309.6,2.623636363636364,100.6007,93.5,-0.0396126250553947,0.2787,-0.3565,133.648,170.21874361285165,271.0724617762237,17.774545454545457,8.131008482563619,0.918046357615894,1.0314595152140278,0.009492087870155833,0.7755545214828602,111.5595999993387,0.008963818443288859,1.1232
2016-07-01,59725.0,98.9992,76.2506,-63656.0,1.42,16159.383,97.604,98.529,396545.0,5962.0,259400.0,2134600.0,21.58,3.44,1198.0,1072.0,2057.7702,12911.9,0.39,240.101,187.7,2.7,1.64813436,0.3,0.39,0.51,0.67,1.07,1.5,5.649090909090909,,0.83,1.2,121.6998,112.4773,0.983,104.191,1.3134,1.1055,,,6.7293,,,,,0.9043114286,,,,1.3052,135.0,119.7,44.65,319.1,2.772857142857143,96.83493,90.0,-0.203655067473836,0.20622,-0.3498,94.67,116.08236685229927,116.30263661925956,13.1585,8.2289899768697,0.8948247078464107,1.017293997965412,0.00959775796373967,0.7661661048115231,112.47729999948054,0.008890682831154538,1.1055
2016-08-01,61548.0,98.85,75.904,-62638.0,1.42,16177.334,97.709,98.703,396293.0,5677.0,263500.0,2145000.0,21.6,3.435,1201.0,1054.0,2051.3597,12989.7,0.4,240.545,186.6,2.5,1.5900866,0.3,0.44,0.57,0.74,1.13,1.56,5.3,,0.82,1.26,120.5713,111.4384,0.9711,101.2383,1.3101,1.1207,,,6.6396,,,,,0.89225,,,,1.2998,124.7,116.0,44.72,320.1,2.722173913043478,96.61974,89.8,-0.301786875889005,0.26075000000000004,-0.35775,71.41258064516128,65.26916128771535,155.27431498838783,12.399565217391304,8.140417457305503,0.8776019983347211,1.0297600659046442,0.009877684631211706,0.7693491306354824,111.43839999968598,0.00897356745971602,1.1207
2016-09-01,59556.0,98.7457,76.0291,-60586.0,1.41,16215.456,97.97,98.834,398797.0,5868.0,251500.0,2109500.0,21.62,3.46,1303.0,1035.0,2070.3166,13054.9,0.4,241.176,186.9,2.4,2.06443724,0.29,0.46,0.59,0.77,1.18,1.63,5.1454545454545455,,0.86,1.34,121.5131,112.3169,0.9732,101.7843,1.314,1.1218,,,6.639,,,,,0.8919186364,,,,1.3108,122.1,107.7,45.18,313.8,2.898636363636364,98.12607,91.2,-0.338886081690635,0.34716,-0.33840000000000003,50.28933333333334,39.37248550286007,93.0794442353595,14.21952380952381,8.387673956262425,0.7943207981580968,1.0275380189066996,0.009824697915100855,0.7628928898382668,112.31689999980581,0.008903379633890617,1.1218
2016-10-01,59386.0,98.7611,76.0921,-61397.0,1.41,16243.304,97.925,98.961,399637.0,5591.0,255800.0,2072600.0,21.71,3.47,1254.0,1070.0,2086.261,13122.8,0.4,241.741,186.7,2.4,1.74399736,0.33,0.47,0.66,0.84,1.27,1.76,4.736666666666666,,0.92,1.43,122.6436,113.4747,0.9876,103.9075,1.233,1.1014,,,6.7553,,,,,0.9076771429,,,,1.3251,125.5,108.4,49.78,321.2,3.072380952380952,93.82229,87.2,-0.41401949093394,0.15325,-0.3605,69.44645161290323,54.639368853939345,83.53837133955707,14.585238095238097,8.102423768569194,0.8532695374800638,1.012555690562981,0.00962394437360152,0.7546600256584409,113.47469999986201,0.008812537067744758,1.1014
2016-11-01,59397.0,98.3491,76.0292,-66800.0,1.42,16286.542,98.09,99.005,398680.0,5971.0,245750.0,2044750.0,21.71,3.77,1230.0,1244.0,2089.4401,13208.7,0.41,242.026,186.3,2.4,1.90220184,0.45,0.57,0.74,0.98,1.6,2.14,4.88909090909091,,1.16,1.69,125.5546,116.1075,0.9963,108.443,1.2432,1.0792,,,6.8973,,,,,0.9276704545,,,,1.3434,128.8,111.6,45.66,338.6,2.879090909090909,100.9235,93.8,-0.216669464369036,0.085475,-0.41000000000000003,125.67233333333334,111.16061079404392,540.4187012881939,15.236190476190476,8.320447609359105,1.0113821138211383,1.003713740841112,0.009221434301891316,0.7443799315170463,116.10749999992055,0.008612708050734745,1.0792
2016-12-01,59545.0,99.0214,76.0673,-63483.0,1.39,16334.247,98.78,99.12,405114.0,5964.0,252200.0,2048400.0,21.76,4.198,1248.0,1101.0,2083.6422,13234.9,0.54,242.637,188.2,2.2,2.2917332,0.51,0.63,0.87,1.2,1.96,2.49,4.277391304347826,,1.29,1.98,127.5298,117.9048,1.0194,115.9981,1.2483,1.0545,,,7.0524,,,,,0.9488513636,,,,1.3339,134.9,113.1,51.97,354.6,3.585454545454545,105.6577,98.2,-0.620948794893263,-0.1117,-0.45280000000000004,123.92709677419356,86.7404401258283,275.1201726115303,12.472380952380954,8.122125297383029,0.8822115384615384,0.9809691975671964,0.008620830858436474,0.7496813854112002,117.90479999995287,0.008481418907460932,1.0545
2017-01-01,60620.0,98.7611,76.2213,-66402.0,1.39,16383.236,98.839,99.385,408269.0,5617.0,244000.0,2081000.0,21.82,4.15,1303.0,1081.0,2082.1871,13315.7,0.65,243.618,190.7,2.6,2.1027318,0.51,0.61,0.83,1.21,1.92,2.43,4.0209090909090905,,1.22,1.91,127.3608,117.7858,1.0075,114.8721,1.2367,1.0635,,,6.9919,,,,,0.9407472727,,,,1.3183,136.5,120.8,52.5,352.9,3.315909090909091,105.9805,98.5,-0.534674733747698,-0.12115,-0.47875,144.13548387096773,86.0506771573363,474.8027069808032,11.6085,8.528688524590164,0.829623944742901,0.9925558312655086,0.008705334019313653,0.758552681483729,117.78579999997004,0.008489987757439813,1.0635
2017-02-01,60640.0,98.3646,76.1845,-63592.0,1.39,16431.536,98.892,99.561,408155.0,5923.0,230250.0,2059750.0,21.85,4.1675,1234.0,1148.0,2082.5725,13394.8,0.66,244.006,191.6,2.7,1.94277371,0.52,0.64,0.82,1.2,1.9,2.42,3.853,,1.22,1.89,125.5663,116.1204,1.001,112.9116,1.2495,1.065,,,6.981,,,,,0.939364,,,,1.3109,142.4,126.8,53.47,365.9,2.9015,103.6134,96.3,-0.679614512375175,-0.20645,-0.48775,119.42750000000001,99.2918754406169,250.13309315641874,11.530526315789475,8.9457111834962,0.9303079416531604,0.9990009990009991,0.00885648595892716,0.7628346937218705,116.12039999998223,0.008611751251288775,1.065
2017-03-01,61260.0,99.0137,75.9999,-65053.0,1.39,16491.77,99.331,99.519,407630.0,5811.0,233750.0,2017500.0,21.88,4.196,1272.0,1147.0,2064.8393,13463.6,0.79,243.892,191.5,2.5,1.50314821,0.74,0.87,1.01,1.31,2.01,2.48,3.8982608695652172,,1.17,1.73,125.0383,115.6558,1.0015,112.9165,1.2347,1.0691,,,6.9553,,,,,0.9353173913,,,,1.3387,140.0,125.2,49.33,361.0,2.991739130434783,104.2589,96.9,-0.650792267129571,-0.36310000000000003,-0.48040000000000005,112.85290322580646,50.935573163108785,151.9431208361034,11.89782608695652,8.631016042780749,0.9017295597484277,0.9985022466300548,0.008856101632622336,0.7469933517591694,115.65579999998893,0.008646345449169828,1.0691
2017-04-01,61185.0,100.0224,76.9785,-68405.0,1.39,16521.43,99.364,99.723,409134.0,6091.0,227800.0,1955400.0,21.94,4.045,1251.0,1069.0,2067.5158,13521.7,0.9,244.193,193.0,2.5,1.71866969,0.8,0.93,1.04,1.24,1.82,2.3,3.9166666666666665,,1.06,1.49,124.1198,114.7698,1.0009,110.091,1.2639,1.0714,,,6.9422,,,,,0.9333455,,,,1.3437,139.9,123.0,51.06,359.5,3.1915,104.3665,97.0,-0.578333722670564,-0.36765,-0.49324999999999997,101.35633333333334,36.36981845795532,153.35011477760236,13.136315789473684,8.583845478489904,0.8545163868904876,0.9991008092716556,0.009083394646247196,0.744213738185607,114.76979999999365,0.008713093514147932,1.0714
2017-05-01,61230.0,100.1408,76.962,-67183.0,1.4,16626.085,99.427,99.803,406609.0,5826.0,239000.0,1896250.0,21.97,4.01,1208.0,1170.0,2071.7385,13568.9,0.91,244.004,192.8,2.6,1.56480634,0.89,1.02,1.12,1.3,1.84,2.3,3.743478260869565,,1.0,1.4,123.6334,114.2591,0.9867,112.2436,1.2929,1.105,,,6.7338,,,,,0.9044721739,,,,1.3606,140.8,123.9,48.48,353.8,3.235652173913043,104.4741,97.1,-0.727012730815736,-0.5609,-0.53125,92.18935483870968,42.427305774433485,87.2675111575058,10.862272727272726,7.934100418410042,0.9685430463576159,1.0134792743488394,0.008909193931769829,0.7349698662354843,114.25909999999648,0.008752038130879998,1.105
2017-06-01,60153.0,100.3471,77.119,-65992.0,1.4,16642.946,99.745,99.937,409067.0,6305.0,248000.0,1916750.0,22.02,3.904,1353.0,1236.0,2072.9162,13580.5,1.04,244.163,193.6,2.6,0.95868776,0.98,1.09,1.2,1.34,1.77,2.19,3.7509090909090905,,0.85,1.19,122.018,112.7603,0.9681,110.9141,1.281,1.1233,,,6.6203,,,,,0.8900081818,,,,1.3295,143.2,135.6,45.18,353.6,2.993636363636364,102.2147,95.0,-0.621974150990278,-0.6176600000000001,-0.561,95.05999999999999,47.22938022014487,86.85827933221465,10.513636363636364,7.72883064516129,0.9135254988913526,1.0329511414110113,0.009015986245211384,0.7521624670928921,112.7602999999979,0.008868369452724218,1.1233
2017-07-01,61167.0,100.1068,76.9178,-65483.0,1.4,16698.803,99.996,100.01,409113.0,6238.0,250800.0,1927200.0,22.07,3.9675000000000002,1256.0,1173.0,2076.081,13643.1,1.15,244.243,193.5,2.6,1.71215951,1.07,1.11,1.22,1.37,1.87,2.32,3.691904761904762,,0.95,1.23,120.3483,111.0606,0.9604,112.417,1.2996,1.153,,,6.4501,,,,,0.8681657143,,,,1.269,149.9,168.6,46.63,364.5,2.954285714285714,100.4931,93.4,-0.724281017766386,-0.6428499999999999,-0.5752499999999999,100.40903225806451,38.02158186792361,92.14345483723397,10.2645,7.684210526315789,0.9339171974522293,1.0412328196584757,0.008895451755517404,0.7880220646178093,111.06059999999904,0.009004093260796436,1.153
2017-08-01,61493.0,99.6925,76.8894,-64313.0,1.4,16729.216,100.008,100.118,409606.0,6276.0,247750.0,1923500.0,22.1,3.88,1319.0,1107.0,2084.0958,13697.7,1.16,245.183,193.8,2.6,1.65217832,1.01,1.11,1.23,1.34,1.78,2.21,3.8339130434782613,,0.87,1.18,119.0332,109.9059,0.9653,109.827,1.2952,1.1813,,,6.2966,,,,,0.8466469565,,,,1.2608,132.1,134.2,48.04,380.4,2.903913043478261,104.1514,96.8,-0.734936824292411,-0.497275,-0.56575,73.28774193548388,23.324618410601573,91.35106687410507,11.975652173913044,7.763874873864783,0.8392721758908264,1.035947373873407,0.009105229133091135,0.7931472081218275,109.90589999999935,0.009098692608859087,1.1813
2017-09-01,63747.0,99.7954,77.0102,-64980.0,1.38,16774.796,100.555,100.24,419021.0,6320.0,272400.0,1892800.0,22.18,3.8049999999999997,1273.0,1113.0,2102.9052,13745.1,1.15,246.435,194.8,2.7,2.05780237,1.03,1.15,1.28,1.38,1.8,2.2,3.719090909090909,,0.82,1.15,117.9039,108.8542,0.9625,110.776,1.334,1.1913,,,6.2455,,,,,0.8394861905,,,,1.2279,127.7,130.6,49.82,398.2,3.009047619047619,102.3222,95.1,-0.723173832322526,-0.59756,-0.5608000000000001,84.18766666666667,35.04265407750282,76.29107825292681,10.437999999999999,6.948604992657856,0.8743126472898665,1.0389610389610389,0.009027226113959702,0.8143985666585227,108.85419999999964,0.009186600057691879,1.1913
2017-10-01,63923.0,101.0247,77.9179,-66665.0,1.37,16841.324,100.65,100.486,418999.0,6408.0,242250.0,1902750.0,22.18,3.895,1356.0,1196.0,2112.9422,13800.1,1.15,246.626,194.9,2.4,1.95269933,1.07,1.23,1.4,1.55,1.98,2.36,3.492272727272727,,0.81,1.27,120.0242,110.8892,0.9821,112.9148,1.3202,1.1755,,,6.3318,,,,,0.8506872727,,,,1.2607,126.7,130.7,51.58,398.6,2.911818181818182,108.3475,100.7,-0.805264251244423,-0.716025,-0.58575,70.21064516129033,47.6315503918878,96.8729713755187,10.125454545454545,7.854489164086687,0.8820058997050148,1.0182262498727217,0.008856234966541145,0.7932101213611487,110.88919999999973,0.009018010771112087,1.1755
2017-11-01,63929.0,101.2664,78.0466,-69836.0,1.36,16883.564,101.202,100.535,423224.0,6271.0,247750.0,1963500.0,22.22,3.9219999999999997,1299.0,1182.0,2106.2299,13843.5,1.16,247.284,195.9,2.5,2.06917502,1.23,1.36,1.56,1.7,2.05,2.35,3.6818181818181817,,0.65,1.1,120.2491,111.1635,0.9915,112.819,1.3217,1.1743,,,6.3376,,,,,0.8517459091,,,,1.2773,125.2,132.6,56.64,402.3,3.053636363636364,105.9805,98.5,-0.742976582907874,-0.72175,-0.60125,91.195,21.467146465889684,49.481161423335884,10.54047619047619,7.925327951564077,0.9099307159353349,1.0085728693898133,0.008863755218535885,0.7829014327096218,111.16349999999981,0.008995758499867328,1.1743
2017-12-01,63848.0,101.4644,77.9264,-71439.0,1.35,16919.258,101.992,100.683,425545.0,6336.0,242600.0,1971000.0,22.29,3.95,1311.0,1200.0,2105.3574,13881.7,1.3,247.805,196.3,2.7,2.82407476,1.32,1.47,1.7,1.84,2.18,2.4,3.6,,0.56,1.06,119.9313,110.8758,0.987,112.9405,1.3404,1.1836,,,6.2885,,,,,0.8452995238,,,,1.2769,128.8,127.4,57.88,400.2,2.76952380952381,103.183,95.9,-0.781012882839144,-0.6538,-0.6092,90.5725806451613,26.801664784107903,182.2997218191179,10.2645,8.124484748557295,0.9153318077803204,1.0131712259371835,0.00885421969975341,0.783146683373796,110.87579999999988,0.009019100651359458,1.1836
2018-01-01,64214.0,101.4625,77.7567,-73585.0,1.37,16938.615,101.886,101.007,423202.0,6621.0,235250.0,1979500.0,22.36,4.032500000000001,1317.0,1208.0,2109.5759,13900.3,1.41,248.859,197.9,2.7,1.9048938,1.41,1.59,1.8,2.03,2.38,2.58,3.361739130434782,,0.55,1.15,117.1935,108.3568,0.9604,110.871,1.3824,1.2197,,,6.1056,,,,,0.8199269565,,,,1.2429,132.7,135.9,63.7,410.6,3.151739130434783,102.9678,95.7,-0.825103034833199,-0.66255,-0.61475,114.80000000000001,31.985083987862538,247.78681839219828,11.062380952380952,8.414452709883102,0.9172361427486713,1.0412328196584757,0.009019491120310993,0.8045699573577924,108.35679999999994,0.009228770137176445,1.2197
2018-02-01,65778.0,101.7085,78.4742,-74571.0,1.37,16963.881,101.931,101.198,425507.0,6552.0,221000.0,1974250.0,22.41,4.33,1321.0,1288.0,2112.0245,13949.3,1.42,249.529,199.3,2.7,2.13804094,1.57,1.75,1.96,2.18,2.6,2.86,3.5420000000000003,,0.68,1.27,117.5502,107.6501,0.9355,107.97,1.3961,1.234,,,6.0329,,,,,0.810291,,,,1.2588,141.1,143.3,62.23,412.0,2.658,107.2716,99.7,-0.513094825974279,-0.2538,-0.5680000000000001,84.03857142857143,43.190992159822834,69.09474188013061,22.464736842105264,8.933257918552036,0.9750189250567751,1.0689470871191875,0.009261831990367694,0.7944073721004131,107.65010000000001,0.009289355049368276,1.234
2018-03-01,64732.0,102.2067,78.4626,-69809.0,1.36,17008.963,102.226,101.419,425087.0,6818.0,225800.0,1945400.0,22.49,4.444,1385.0,1181.0,2123.2264,14012.7,1.51,249.577,199.3,2.8,1.68874433,1.7,1.87,2.06,2.28,2.63,2.84,3.645217391304348,,0.56,1.11,118.0646,107.9472,0.948,106.0468,1.3976,1.2334,,,6.0403,,,,,0.8110340909,,,,1.2933,148.2,151.8,62.73,407.9,2.700909090909091,109.1007,101.4,-0.583713878494444,0.07792,-0.5098,76.3758064516129,27.382045863887946,524.6518636577001,19.023809523809526,8.615589016829052,0.8527075812274368,1.0548523206751055,0.009429798918967851,0.7732158045310447,107.94720000000002,0.009263788222390204,1.2334
2018-04-01,65742.0,103.3329,79.0447,-71059.0,1.36,17028.008,102.318,101.602,425899.0,6877.0,221500.0,1877500.0,22.55,4.4675,1378.0,1224.0,2167.1125,14035.9,1.69,250.227,200.3,2.7,1.84679022,1.76,1.93,2.15,2.38,2.7,2.87,3.473333333333333,,0.49,1.08,118.1483,107.9434,0.9687,107.6562,1.4079,1.227,,,6.0705,,,,,0.8149528571,,,,1.2732,148.4,155.0,66.25,406.9,2.723809523809524,106.3032,98.8,-0.36542724051641,0.091975,-0.519,88.596,30.688175770540337,463.180653392348,18.267619047619046,8.476297968397292,0.888243831640058,1.0323113451016828,0.009288828697278931,0.7854225573358466,107.9434,0.009264114341404847,1.227
2018-05-01,67289.0,102.4024,78.4247,-66567.0,1.34,17072.967,102.633,101.78,432340.0,7016.0,221250.0,1755500.0,22.6,4.586,1338.0,1262.0,2173.6766,14092.4,1.7,250.792,203.2,2.8,1.96778394,1.86,2.02,2.27,2.51,2.82,2.98,3.468695652173913,,0.47,1.08,121.4302,111.047,0.9969,109.6882,1.347,1.1823,,,6.3001,,,,,0.8471369565,,,,1.2866,154.2,151.5,69.98,406.5,2.833913043478261,105.4425,98.0,-0.59263713615661,-0.19317499999999999,-0.56025,87.8674193548387,29.949786982217667,283.0838211175792,14.124545454545455,7.9344632768361585,0.9431988041853513,1.0031096398836392,0.009116750935834484,0.77724234416291,111.047,0.009005195998090899,1.1823
2018-06-01,68216.0,103.198,78.9473,-69309.0,1.35,17140.662,102.732,101.872,430008.0,7230.0,222600.0,1679400.0,22.66,4.57,1345.0,1212.0,2191.1233,14137.2,1.82,251.018,204.2,3.0,1.59099529,1.9,2.06,2.33,2.53,2.78,2.91,3.4518181818181817,,0.38,0.97,123.4234,112.8444,0.99,110.0638,1.3294,1.1679,,,6.3785,,,,,0.8563633333,,,,1.3125,144.9,163.3,67.87,416.4,2.941428571428571,105.6577,98.2,-0.575493306145867,-0.20390000000000003,-0.5482,103.78933333333333,29.21049918454364,688.3996379957546,13.678095238095239,7.544474393530997,0.9011152416356877,1.0101010101010102,0.009085639420045465,0.7619047619047619,112.8444,0.008861760087341509,1.1679
2018-07-01,68880.0,103.3646,79.0213,-74637.0,1.35,17219.586,102.95,102.006,432070.0,7190.0,209500.0,1654000.0,22.7,4.5275,1334.0,1150.0,2204.0928,14174.6,1.91,251.214,204.3,2.9,2.12308939,1.96,2.11,2.39,2.61,2.78,2.89,3.5900000000000003,,0.28,0.9,124.0589,113.0595,0.9948,111.521,1.3162,1.1685,,,6.3768,,,,,0.8557927273,,,,1.3133,132.2,148.5,70.98,397.4,2.793181818181818,105.3349,97.9,-0.436968671478389,-0.404575,-0.55,99.52677419354839,62.88610321710545,904.7191410423941,13.147619047619049,7.894988066825776,0.8620689655172413,1.0052271813429834,0.008966921028326504,0.7614406457016676,113.0595,0.008844900251637412,1.1685
2018-08-01,68087.0,104.0327,79.2129,-75127.0,1.35,17282.357,103.167,102.016,432031.0,7208.0,208500.0,1614000.0,22.78,4.55,1273.0,1262.0,2209.5556,14223.2,1.91,251.663,203.4,3.0,2.12845808,2.03,2.19,2.45,2.64,2.77,2.89,3.4526086956521738,,0.25,0.82,125.334,113.8316,0.988,110.9965,1.2878,1.1547,,,6.4574,,,,,0.8658630435,,,,1.3042,137.6,158.3,68.06,382.3,2.908260869565217,103.5058,96.2,-0.731089442148479,-0.5522199999999999,-0.5856,85.71451612903226,41.6766629214894,469.2929476685781,12.54695652173913,7.741007194244604,0.9913589945011784,1.0121457489878543,0.009009293085818021,0.7667535654040791,113.8316,0.00878490682727819,1.1547
2018-09-01,68025.0,104.1004,79.2511,-75656.0,1.36,17275.742,102.983,102.205,431438.0,7411.0,205200.0,1551000.0,22.86,4.6274999999999995,1314.0,1187.0,2225.8849,14245.5,1.95,252.182,203.6,2.7,2.41001454,2.13,2.29,2.56,2.77,2.89,3.0,3.3414285714285716,,0.23,0.83,126.0398,114.0787,0.9683,112.0974,1.3066,1.1667,,,6.3938,,,,,0.857064,,,,1.3034,133.6,147.3,70.23,369.6,2.8975,107.702,100.1,-0.734097727124478,-0.722275,-0.597,67.36266666666667,20.14998196639397,323.3911902516983,12.910526315789474,7.558479532163743,0.9033485540334856,1.0327377878756583,0.008920813506825316,0.7672241829062453,114.0787,0.008765878292792607,1.1667
2018-10-01,68616.0,103.9856,78.9436,-76525.0,1.36,17300.819,103.284,102.366,435894.0,7304.0,213000.0,1592750.0,22.89,4.83,1272.0,1122.0,2250.5491,14256.6,2.19,252.772,204.6,2.9,2.21216657,2.25,2.4,2.65,2.86,3.0,3.15,3.5191304347826087,,0.29,0.86,126.8761,114.8313,0.994,112.7218,1.3012,1.1488,,,6.4939,,,,,0.8707708696,,,,1.3004,133.8,149.9,70.75,376.3,3.207391304347826,106.0881,98.6,-0.297963221907412,-0.48860000000000003,-0.5695,90.25129032258064,34.80853866696187,443.2303028107881,19.35217391304348,7.477699530516432,0.8820754716981132,1.0060362173038229,0.008871398434020749,0.7689941556444171,114.8313,0.008708427057779543,1.1488
2018-11-01,66704.0,104.0681,78.747,-73107.0,1.37,17339.645,103.835,102.556,438612.0,7594.0,225250.0,1685000.0,23.0,4.866,1340.0,1131.0,2274.048,14282.8,2.2,252.594,202.3,2.8,2.16701625,2.33,2.46,2.7,2.86,2.95,3.12,4.017272727272727,,0.26,0.75,128.2981,116.169,1.0011,113.338,1.29,1.1364,,,6.5684,,,,,0.8799522727,,,,1.3205,139.5,147.5,56.96,375.4,4.108181818181818,104.9045,97.5,-0.339563798349746,-0.16319999999999998,-0.5004000000000001,79.472,42.64734421821597,403.07749319330475,19.38904761904762,7.480577136514984,0.8440298507462687,0.9989012086704624,0.008823166104925092,0.7572889057175313,116.16900000000001,0.008608148473344868,1.1364
2018-12-01,66641.0,104.0936,79.0103,-78795.0,1.4,17538.653,102.947,102.735,428932.0,7489.0,224600.0,1749600.0,23.11,4.6375,1317.0,1053.0,2303.6527,14386.8,2.27,252.767,201.0,2.7,1.98107002,2.37,2.48,2.66,2.68,2.68,2.83,4.791428571428572,,0.15,0.42,128.5202,116.2118,0.9919,112.1994,1.2664,1.138,,,6.5579,,,,,0.8787457143,,,,1.3436,145.6,151.0,49.52,375.8,3.904285714285714,105.7653,98.3,-0.0394975383124786,0.41969999999999996,-0.43,127.53290322580645,151.20985886852682,681.8718892071191,24.953157894736844,7.7898486197684775,0.7995444191343963,1.0081661457808246,0.008912703632996255,0.7442691277165824,116.2118,0.008604978151960473,1.138
2019-01-01,68021.0,103.4021,78.3218,-71997.0,1.41,17612.196,103.243,102.87,430246.0,7502.0,222750.0,1779500.0,23.13,4.464,1254.0,1247.0,2325.3631,14459.7,2.4,252.561,199.1,2.7,1.8039584,2.37,2.45,2.58,2.54,2.54,2.71,4.605217391304348,,0.17,0.29,126.7306,114.4425,0.9897,108.9605,1.2901,1.1418,,,6.5386,,,,,0.8757265217,,,,1.33,140.9,148.8,51.38,371.1,3.108695652173913,98.12607,91.2,-0.0312061933861975,-0.034675,-0.47150000000000003,146.58741935483872,144.4401631912337,715.6202325086874,19.57238095238095,7.988776655443322,0.9944178628389154,1.0104071940992219,0.009177637767814942,0.7518796992481203,114.4425,0.008738012539047994,1.1418
2019-02-01,68101.0,102.8371,77.8923,-71109.0,1.41,17652.296,103.294,102.963,431194.0,7066.0,222500.0,1801500.0,23.19,4.37,1286.0,1304.0,2332.0383,14506.3,2.4,253.319,199.2,2.6,1.78943106,2.39,2.44,2.55,2.5,2.49,2.68,4.128,,0.18,0.24,126.8096,114.413,1.0014,110.44,1.3016,1.1349,,,6.5754,,,,,0.881373,,,,1.3209,146.2,151.8,54.95,379.9,2.6795,100.9235,93.8,-0.475568912756538,-0.32895,-0.55725,82.65035714285715,68.14417163406954,307.09272136420043,15.234736842105262,8.096629213483146,1.0139968895800933,0.9986019572598361,0.009054690329590729,0.7570595805889924,114.413,0.00874026552926678,1.1349
2019-03-01,68651.0,102.8757,77.7067,-71989.0,1.4,17683.871,104.019,103.058,438196.0,7317.0,211800.0,1780200.0,23.29,4.265,1295.0,1313.0,2337.5318,14557.5,2.41,254.277,200.8,2.5,1.37532429,2.4,2.44,2.49,2.41,2.37,2.57,4.010454545454546,,0.16,0.12,127.2096,114.7835,1.0005,111.1443,1.3167,1.1296,,,6.606,,,,,0.8852166667,,,,1.3371,140.3,139.0,58.15,386.7,2.803333333333333,105.8729,98.4,-0.397462647653804,-0.50432,-0.5986,94.65645161290323,55.81151055631474,287.6653462663542,14.485238095238095,8.405099150141643,1.013899613899614,0.9995002498750625,0.008997312502755426,0.747887218607434,114.7835,0.008712053561705298,1.1296
2019-04-01,67929.0,102.274,77.2434,-74433.0,1.41,17673.034,104.028,103.265,437735.0,7272.0,209750.0,1666500.0,23.33,4.1425,1322.0,1308.0,2329.449,14594.7,2.42,255.233,202.1,2.5,2.0373803,2.38,2.39,2.42,2.34,2.33,2.53,3.780909090909091,,0.19,0.1,127.3554,114.9037,1.0084,111.6414,1.3029,1.1234,,,6.6454,,,,,0.8899981818,,,,1.3378,141.0,135.6,63.86,394.6,2.597272727272727,104.5817,97.2,-0.475159128854329,-0.684025,-0.613,78.739,34.84830528211031,335.67498973660054,12.949047619047619,7.945172824791419,0.989409984871407,0.9916699722332408,0.008957250625663956,0.7474958887726117,114.9037,0.008702939940141178,1.1234
2019-05-01,67781.0,102.392,77.2603,-76567.0,1.41,17679.59,104.413,103.371,442514.0,7275.0,218500.0,1628000.0,23.4,4.072,1347.0,1221.0,2334.1018,14704.4,2.39,255.296,201.7,2.9,2.18513987,2.35,2.35,2.34,2.21,2.19,2.4,4.06391304347826,,0.19,0.0,128.7336,115.9574,1.0107,109.9714,1.2855,1.1187,,,6.6728,,,,,0.8938965217,,,,1.346,144.1,131.4,60.83,384.2,2.591739130434783,107.5944,100.0,-0.408399996372682,-0.41406,-0.596,94.45225806451613,52.624133144215016,786.542093038192,16.721818181818183,7.450800915331808,0.9064587973273942,0.9894132779261898,0.009093273341978006,0.7429420505200593,115.9574,0.008623856692199032,1.1187
2019-06-01,67234.0,102.4375,77.6047,-74294.0,1.42,17707.372,104.766,103.56,442116.0,7194.0,225200.0,1631000.0,23.48,3.8024999999999998,1299.0,1178.0,2338.7658,14802.8,2.38,255.213,200.3,2.7,1.60914045,2.17,2.11,2.0,1.81,1.83,2.07,4.214285714285714,,0.26,-0.15,128.2525,115.4271,0.988,108.0685,1.2675,1.1295,,,6.6123,,,,,0.8853465,,,,1.3289,170.4,146.6,54.66,371.0,2.33,105.6577,98.2,-0.400209777041601,-0.329475,-0.574,137.37066666666666,146.16013491265022,1374.2800979276155,15.836000000000002,7.2424511545293075,0.9068514241724404,1.0121457489878543,0.009253390210838496,0.7525020693806909,115.4271,0.00866347677451829,1.1295
2019-07-01,66831.0,101.9408,77.0847,-73382.0,1.42,17701.297,105.261,103.678,445304.0,7042.0,208500.0,1631000.0,23.53,3.765,1379.0,1215.0,2345.4666,14886.8,2.4,255.802,200.7,2.6,1.74765616,2.1,2.03,1.96,1.84,1.83,2.06,3.997391304347826,,0.22,-0.08,127.8484,115.0776,0.988,108.2864,1.2461,1.1211,,,6.6588,,,,,0.8917004348,,,,1.3105,176.6,137.5,57.35,373.7,2.302173913043478,105.8729,98.4,-0.580985358671315,-0.4581,-0.5792499999999999,94.79645161290323,100.78423049750997,600.7882290999281,13.305909090909092,7.822541966426859,0.8810732414793329,1.0121457489878543,0.009234770017287489,0.7630675314765357,115.0776,0.008689788455789832,1.1211
2019-08-01,67236.0,102.639,77.6077,-73823.0,1.42,17779.85,105.665,103.797,448519.0,7178.0,211000.0,1619600.0,23.61,3.6159999999999997,1482.0,1313.0,2363.8488,14974.4,2.13,256.036,199.2,2.7,1.71433646,1.95,1.88,1.77,1.57,1.49,1.63,4.293913043478261,,0.06,-0.36,130.3698,117.1004,0.9787,106.1886,1.216,1.1129,,,6.7034,,,,,0.8988809091,,,,1.3273,149.9,124.2,54.81,363.9,2.173636363636364,96.61974,89.8,-0.230550928972228,0.00674,-0.5476,155.2332258064516,276.77617092126246,1946.6829997926486,18.97909090909091,7.675829383886256,0.8859649122807017,1.021763563911311,0.009417206743473405,0.7534091765237702,117.1004,0.008539680479315186,1.1129
2019-09-01,66378.0,102.2917,77.028,-69458.0,1.43,17812.342,105.836,103.873,444555.0,7124.0,209500.0,1581000.0,23.68,3.605,1469.0,1154.0,2370.4403,15047.0,2.04,256.43,198.4,2.8,1.64492794,1.89,1.84,1.8,1.65,1.57,1.7,3.9438095238095237,,0.05,-0.23,130.7506,117.3239,0.9906,107.54,1.2369,1.1011,,,6.7785,,,,,0.9084157143,,,,1.3241,145.1,125.3,56.95,365.8,2.507142857142857,100.278,93.2,-0.348806459935963,-0.12415000000000001,-0.51425,118.307,128.29300461390065,919.1153470327997,15.559000000000001,7.5465393794749405,0.7855684138869979,1.0094891984655763,0.009298865538404314,0.7552299675251114,117.3239,0.008523412535723753,1.1011
2019-10-01,66137.0,101.4281,76.426,-67187.0,1.44,17847.211,105.843,104.028,445627.0,7289.0,212250.0,1618500.0,23.75,3.6879999999999997,1523.0,1289.0,2370.4462,15184.1,1.83,257.155,198.6,2.5,1.72460183,1.65,1.62,1.61,1.55,1.53,1.71,4.098260869565218,,0.16,0.03,130.156,116.7463,0.993,108.1368,1.2657,1.1058,,,6.7554,,,,,0.9046469565,,,,1.3189,157.7,136.0,53.96,363.1,2.340869565217391,102.7526,95.5,-0.3424521560325,0.058574999999999995,-0.531,98.00290322580646,91.94444098765804,842.4131920259667,15.466521739130435,7.625441696113074,0.8463558765594222,1.0070493454179255,0.009247545701370857,0.7582075972401243,116.7463,0.008565581949920468,1.1058
2019-11-01,65331.0,101.9372,77.0781,-64492.0,1.43,17908.82,106.412,104.092,449040.0,6888.0,224400.0,1685200.0,23.83,3.6950000000000003,1535.0,1266.0,2368.866,15296.0,1.55,257.879,199.0,2.5,1.69729979,1.54,1.55,1.57,1.61,1.64,1.81,4.047272727272727,,0.2,0.24,129.9194,116.5595,0.9929,108.8579,1.2884,1.1051,,,6.7617,,,,,0.9050190476,,,,1.3237,153.3,142.3,57.03,367.7,2.625238095238095,104.1514,96.8,-0.60991786872875,-0.10495999999999998,-0.5708,81.042,65.23653796262712,597.6178517029816,12.5235,7.509803921568627,0.8247557003257329,1.0071507704703393,0.00918628781190892,0.7554581853894387,116.5595,0.008579309279809882,1.1051
2019-12-01,64197.0,101.7003,77.2042,-68530.0,1.43,17826.208,106.584,104.322,449643.0,6699.0,236000.0,1769500.0,23.85,3.72,1443.0,1308.0,2357.6035,15347.5,1.55,258.63,199.0,2.3,1.70378442,1.54,1.54,1.55,1.61,1.68,1.86,3.713181818181818,,0.25,0.29,129.3615,115.9096,0.9826,109.101,1.3109,1.1114,,,6.7229,,,,,0.89996,,,,1.3169,151.0,141.1,59.88,372.0,2.282727272727273,106.8412,99.3,-0.592704985697739,-0.2309,-0.55425,121.3074193548387,91.52631523198718,851.9762628830999,13.756666666666666,7.497881355932203,0.9064449064449065,1.0177081213108081,0.009165818828425038,0.7593591009188245,115.9096,0.008627413087440557,1.1114
2020-01-01,63508.0,101.0338,77.0311,-67273.0,1.43,17999.946,107.073,104.507,447774.0,7124.0,215500.0,1800250.0,23.91,3.624,1490.0,1308.0,2353.8701,15427.1,1.55,259.127,199.3,2.5,1.79710932,1.52,1.52,1.53,1.52,1.56,1.76,3.601304347826087,,0.24,0.21,,115.2794,0.9698,109.2667,1.3076,1.1098,,,6.7339,,,,,0.9007326087,,,,1.3089,158.1,155.9,57.52,376.7,2.033913043478261,107.3792,99.8,-0.552438192206097,-0.33094,-0.601,110.07451612903226,86.03760438520453,646.8181515433533,13.94095238095238,8.353828306264502,0.8778523489932886,1.031140441328109,0.009151919111678123,0.7640003056001222,115.2794,0.008674576724028752,1.1098
2020-02-01,62719.0,101.3735,77.2279,-62520.0,1.43,18077.882,106.702,104.711,447972.0,6966.0,210200.0,1770200.0,24.03,3.4650000000000003,1461.0,1237.0,2350.6023,15493.4,1.58,259.25,196.7,2.4,1.64596366,1.52,1.47,1.41,1.33,1.32,1.5,3.921904761904762,,0.17,-0.04,,116.7105,0.9762,110.0295,1.2953,1.0911,,,6.8469,,,,,0.916945,,,,1.3286,155.3,149.8,50.54,360.1,1.845,108.6703,101.0,-0.377166543821236,-0.20625000000000002,-0.4655,113.26,97.58691540369185,462.9823234217247,19.628947368421052,8.42150333016175,0.8466803559206023,1.024380249948781,0.009088471728036573,0.7526719855486979,116.7105,0.008568209372764233,1.0911
2020-03-01,62287.0,97.4078,73.7382,-65509.0,1.51,17829.921,99.687,104.632,420954.0,5894.0,2335250.0,3709750.0,24.12,3.45,1351.0,1237.0,2564.3082,16033.0,0.65,258.076,193.1,2.2,0.98707392,0.29,0.29,0.33,0.45,0.59,0.87,7.854090909090909,,0.42,0.57,,121.0227,0.9593,107.6673,1.2369,1.1046,,,6.7646,,,,,0.9058504545,,,,1.396,154.4,142.7,29.21,350.3,1.733181818181818,95.86658,89.1,2.35284549317708,3.9711250000000002,0.08349999999999999,380.3896774193548,304.0692764054448,194.82834730038613,57.73681818181819,1.588587945616101,0.9156180606957809,1.0424267695194411,0.009287871062058767,0.7163323782234957,121.0227,0.00826291266018689,1.1046
2020-04-01,56510.0,84.5619,62.5589,-74901.0,1.74,19985.052,88.774,104.293,370296.0,4606.0,4663250.0,17032000.0,25.14,3.306,1079.0,1181.0,2920.8995,17065.3,0.05,256.032,185.5,2.1,-0.05035367,0.14,0.17,0.18,0.22,0.39,0.66,8.129999999999999,,0.44,0.52,,123.2803,0.9701,107.7386,1.242,1.0871,,,6.8638,,,,,0.91977,,,,1.4048,126.0,150.2,16.55,338.1,1.763636363636364,77.25275,71.8,1.73566523745864,2.520875,0.2465,555.3246666666666,204.48613474432162,239.9328319488637,41.453809523809525,3.6523883557604675,1.0945319740500463,1.0308215647871355,0.009281724470152759,0.7118451025056948,123.2803,0.008111596094428712,1.0871
2020-05-01,57570.0,85.9604,65.3028,-76702.0,1.56,19138.808,96.162,104.402,437957.0,5612.0,2173400.0,20326400.0,24.98,3.2325,1251.0,1174.0,3035.7977,17932.9,0.05,255.802,188.6,3.2,-0.21879037,0.13,0.15,0.16,0.17,0.34,0.67,7.287272727272727,,0.5,0.54,,122.615,0.9692,107.2,1.2302,1.0907,,,6.8377,,,,,0.9169185714,,,,1.3972,123.1,145.3,28.56,344.2,1.809047619047619,77.79073,72.3,0.998926992619039,0.75202,-0.11680000000000001,484.18225806451613,181.88707538947023,161.47694159781125,30.897000000000002,9.352351154872549,0.938449240607514,1.031778786628147,0.009328358208955223,0.71571714858288,122.615,0.008155609020103576,1.0907
2020-06-01,59891.0,91.5934,70.4285,-71730.0,1.42,19132.418,101.401,104.565,465800.0,6129.0,1490250.0,17678500.0,24.78,3.1625,1333.0,1229.0,2925.2981,18184.3,0.08,257.042,191.2,3.0,0.51275711,0.16,0.18,0.18,0.19,0.34,0.73,6.066363636363636,,0.55,0.57,,119.6766,0.9513,107.5782,1.2523,1.1259,,,6.6216,,,,,0.8881263636,,,,1.3552,128.1,141.5,38.31,359.8,1.699545454545455,84.0312,78.1,0.529813383097653,0.2963,-0.354,313.916,165.41869748855248,57.086247228716886,31.119545454545456,11.86277470223117,0.921980495123781,1.0511931041732365,0.009295563599316591,0.7378984651711925,119.6766,0.008355852355431221,1.1259
2020-07-01,61194.0,95.0256,73.0801,-80570.0,1.37,19315.344,102.956,104.937,471873.0,6530.0,1383500.0,16563000.0,24.69,3.016,1539.0,1309.0,2856.1301,18335.4,0.09,258.352,193.0,3.0,1.57200144,0.13,0.14,0.15,0.15,0.28,0.62,5.699565217391305,,0.47,0.49,,118.69,0.9327,106.6818,1.2701,1.1488,,,6.4831,,,,,0.8716091304,,,,1.3497,127.2,139.9,40.71,383.5,1.764782608695652,78.00592,72.5,0.347606637511835,0.06644000000000001,-0.44000000000000006,359.45258064516133,116.50112764198053,89.80996065840009,26.840454545454545,11.971810625225876,0.8505523066926576,1.0721561059290232,0.009373670110553066,0.7409053863821591,118.69,0.008425309630128908,1.1488
2020-08-01,62016.0,95.9549,74.3046,-83184.0,1.36,18687.291,103.78,105.243,473696.0,6429.0,922400.0,14013400.0,24.8,2.935,1534.0,1263.0,2815.0439,18411.2,0.1,259.316,194.3,3.1,1.67677177,0.1,0.12,0.13,0.14,0.27,0.65,5.123809523809523,,0.51,0.55,,116.9453,0.9099,106.0129,1.3143,1.1831,,,6.2938,,,,,0.8453547619,,,,1.3229,120.2,131.3,42.34,394.3,2.34047619047619,79.72742,74.1,0.0202126964621425,-0.194125,-0.501,298.5867741935484,91.36755689504221,150.93140279198812,22.88952380952381,15.192324371205551,0.8233376792698827,1.0990218705352237,0.009432814308447368,0.7559150351500492,116.9453,0.008551006325179378,1.1831
2020-09-01,63564.0,95.9669,74.4348,-78363.0,1.36,18807.121,105.071,105.41,482702.0,6511.0,851750.0,11824250.0,24.82,2.89,1650.0,1437.0,2759.992,18602.5,0.09,259.997,195.5,2.6,1.5827644,0.11,0.12,0.13,0.13,0.27,0.68,5.26,,0.55,0.57,,116.3431,0.9149,105.589,1.2947,1.1785,,,6.3149,,,,,0.8485795455,,,,1.323,140.5,141.6,39.63,401.6,2.285,86.50587,80.4,0.125550430901839,0.021449999999999997,-0.49975,247.73666666666668,124.02864247901921,96.58192221480674,27.64761904761905,13.882301144702083,0.8709090909090909,1.0930156301235108,0.009470683499228139,0.7558578987150416,116.3431,0.008595266930312154,1.1785
2020-10-01,64014.0,96.7394,75.295,-82281.0,1.36,18795.411,105.391,105.507,480763.0,6798.0,795400.0,7871400.0,24.84,2.834,1612.0,1395.0,2698.3277,18757.6,0.09,260.319,196.5,2.6,1.39703767,0.1,0.11,0.13,0.15,0.34,0.79,5.052173913043478,,0.64,0.69,,115.7798,0.9124,105.2095,1.298,1.1768,,,6.3243,,,,,0.8495963636,,,,1.3218,152.0,156.1,39.4,396.3,2.829090909090909,88.01219,81.8,0.293713707457957,0.00653999999999999,-0.4958,271.4293548387097,108.1021296023301,331.1962544546038,29.438636363636363,9.896152879054563,0.8653846153846154,1.0960105217010083,0.009504845094787067,0.7565441065214101,115.7798,0.008637085225574756,1.1768
2020-11-01,64376.0,97.0816,75.7534,-86159.0,1.36,18640.614,105.114,105.605,478079.0,6820.0,751250.0,5948250.0,24.94,2.765,1692.0,1261.0,2637.2822,18997.0,0.09,260.911,198.3,2.8,1.42002946,0.09,0.1,0.12,0.17,0.39,0.87,4.5252380952380955,,0.7,0.78,,114.0984,0.911,104.4061,1.3198,1.1826,,,6.2968,,,,,0.8451195238,,,,1.3073,166.6,164.2,40.94,415.0,2.87047619047619,82.74007,76.9,0.31591795705526,-0.271625,-0.5447500000000001,264.6863333333333,146.89753629605283,204.60834443409775,24.9955,7.917803660565724,0.7452718676122931,1.097694840834248,0.009577984428112918,0.7649353629618297,114.0984,0.008764364793897198,1.1826
2020-12-01,65513.0,98.363,76.3888,-83683.0,1.34,18677.122,105.538,105.896,485949.0,6773.0,836750.0,5384500.0,25.16,2.684,1755.0,1374.0,2590.6251,19115.7,0.09,262.045,200.5,2.5,1.64952129,0.09,0.09,0.1,0.14,0.39,0.93,4.044782608695653,,0.79,0.84,,111.8992,0.8884,103.7952,1.3434,1.2168,,,6.1154,,,,,0.8218965217,,,,1.2809,170.7,165.5,47.02,443.7,2.584782608695652,86.82866,80.7,-0.372823809857153,-0.40825,-0.5932499999999999,238.67387096774195,80.543581756182,123.58402111558088,22.37409090909091,6.435016432626233,0.7829059829059829,1.125619090499775,0.009634356887409053,0.7807010695604654,111.8992,0.008936614381514793,1.2168
2021-01-01,67186.0,98.8822,77.1897,-85276.0,1.31,20562.164,106.878,106.281,501604.0,7162.0,827800.0,4944600.0,25.16,2.735,1856.0,1364.0,2561.387,19379.0,0.09,262.687,204.8,3.0,1.4460926,0.08,0.09,0.1,0.13,0.45,1.08,3.784090909090909,,0.95,1.0,,111.4873,0.8865,103.7883,1.3641,1.2178,,,6.1082,,,,,0.8217238095,,,,1.2725,209.0,182.9,52.0,458.6,2.649047619047619,84.99955,79.0,-0.183424700453733,-0.44778,-0.6155999999999999,216.06225806451613,71.01076059051908,72.34517325202984,24.91,5.9731819280019325,0.7349137931034483,1.1280315848843767,0.009634997393733205,0.7858546168958743,111.4873,0.008969631518567585,1.2178
2021-02-01,67538.0,95.6149,74.1452,-87752.0,1.34,19073.36,105.895,106.501,488805.0,7827.0,755000.0,4431750.0,25.25,2.81,1703.0,1293.0,2586.5954,19641.8,0.08,263.579,210.6,3.3,1.67548668,0.04,0.06,0.07,0.12,0.54,1.26,3.526190476190476,,1.14,1.22,,112.0171,0.8979,105.3774,1.3867,1.2094,,,6.1489,,,,,0.826744,,,,1.2696,224.8,186.9,59.04,463.8,2.917,82.63248,76.8,-0.391369934743637,-0.601875,-0.624,154.39642857142857,46.02775303599001,52.348352128865294,23.140526315789476,5.869867549668874,0.7592483852025836,1.1137097672346585,0.009489700827691707,0.7876496534341525,112.0171,0.008927208435140705,1.2094
2021-03-01,68846.0,98.3856,76.4953,-87442.0,1.28,22918.422,110.454,106.933,539607.0,8499.0,669250.0,3975250.0,25.33,3.0825,1756.0,1448.0,2586.7795,19873.2,0.07,264.961,215.0,3.1,1.51383809,0.03,0.05,0.08,0.15,0.82,1.61,3.5473913043478262,,1.46,1.58,,113.3366,0.9298,108.6991,1.3863,1.1902,,,6.2483,,,,,0.840463913,,,,1.2569,222.8,188.1,62.33,498.5,2.622173913043478,91.34762,84.9,-0.338832980638168,-0.5112749999999999,-0.64,176.70193548387098,62.32493230972862,47.6738477493963,21.84304347826087,5.939858050056033,0.8246013667425968,1.0755001075500108,0.009199708185256363,0.7956082425013924,113.3366,0.00882327509383553,1.1902
2021-04-01,70459.0,98.5587,76.6806,-86406.0,1.26,19859.6,111.327,107.558,542199.0,9346.0,589000.0,3788000.0,25.52,3.06,1710.0,1398.0,2556.3543,20175.4,0.07,266.614,217.9,3.4,1.75471736,0.02,0.04,0.06,0.16,0.86,1.64,3.2709090909090905,,1.47,1.61,,112.6323,0.9218,109.0445,1.3845,1.1965,,,6.2155,,,,,0.8360318182,,,,1.2494,239.5,180.6,61.72,504.7,2.683636363636364,95.00583,88.3,-0.731936752145134,-0.75772,-0.67,122.48066666666666,29.809130604054896,72.41908745550211,17.416190476190476,6.431239388794567,0.8175438596491228,1.0848340203948796,0.009170567979127787,0.800384184408516,112.6323,0.008878447834235827,1.1965
2021-05-01,68635.0,99.4333,77.5331,-87414.0,1.27,19385.541,111.142,108.099,536589.0,9954.0,469200.0,3621600.0,25.68,2.9625,1705.0,1320.0,2545.6238,20459.0,0.06,268.383,224.9,4.6,1.86820734,0.02,0.04,0.05,0.16,0.82,1.62,3.3338095238095242,,1.47,1.6,,111.2123,0.9027,109.112,1.4084,1.2146,,,6.122,,,,,0.8229414286,,,,1.2125,310.7,216.1,65.17,558.6,2.961428571428571,89.19573,82.9,-0.819110341412146,-0.763075,-0.69,129.4448387096774,49.033461539689796,42.69327133435175,19.7605,7.718670076726343,0.7741935483870968,1.1077877478675087,0.009164894787007846,0.8247422680412372,111.2123,0.008991811157578793,1.2146
2021-06-01,70341.0,99.7987,77.5677,-92228.0,1.26,19316.247,112.053,108.603,540152.0,10319.0,409500.0,3298500.0,25.82,2.975,1662.0,1294.0,2478.0379,20477.1,0.08,270.654,228.9,4.2,2.05518859,0.04,0.05,0.07,0.2,0.84,1.52,3.174545454545455,,1.32,1.48,,111.5777,0.9078,110.1073,1.4025,1.2048,,,6.1726,,,,,0.8300122727,,,,1.222,282.8,196.5,71.38,542.4,3.272727272727273,91.99319,85.5,-0.708491527802592,-0.798725,-0.6912499999999999,113.146,64.35310940331831,40.75057280467272,16.956818181818182,8.054945054945055,0.7785800240673887,1.1015642211940955,0.009082049963989673,0.8183306055646481,111.5777,0.008962364343412708,1.2048
2021-07-01,70638.0,100.2519,78.295,-87418.0,1.27,19435.463,111.876,109.058,528600.0,10983.0,370000.0,3006800.0,25.97,2.868,1666.0,1358.0,2450.3579,20633.3,0.1,271.903,231.85,4.7,2.07311612,0.05,0.05,0.08,0.22,0.76,1.32,3.17304347826087,,1.1,1.27,,113.0633,0.9174,110.2143,1.3808,1.1821,,,6.2911,,,,,0.8456845455,,,,1.253,265.511,204.505,72.49,542.177,3.809545454545455,87.36663,81.2,-0.687368088295363,-0.73256,-0.6676,130.01032258064518,76.98576387922527,20.807926116076317,17.603333333333335,8.126486486486487,0.8151260504201681,1.090037061260083,0.009073232783767624,0.7980845969672786,113.0633,0.008844602979039176,1.1821
2021-08-01,71394.0,100.0437,77.9251,-90075.0,1.28,19407.737,112.637,109.409,532477.0,10872.0,359750.0,2782500.0,26.12,2.8425000000000002,1740.0,1329.0,2428.3734,20840.7,0.09,272.676,233.415,4.6,2.46241259,0.05,0.06,0.07,0.22,0.77,1.28,3.321363636363636,,1.06,1.23,,113.4025,0.9147,109.8527,1.3797,1.1767,,,6.3199,,,,,0.8498136364,,,,1.2599,259.263,233.661,67.73,541.486,4.032272727272727,75.63884,70.3,-0.751665318715531,-0.7260249999999999,-0.648,124.14419354838711,52.73314103175526,31.87457746650644,17.472727272727273,7.73453787352328,0.7637931034482759,1.0932546190007653,0.009103098967981671,0.7937137868084768,113.4025,0.00881814774806552,1.1767
2021-09-01,71387.0,98.8579,77.0224,-93608.0,1.29,19234.211,112.79,109.641,536651.0,10834.0,354750.0,2722250.0,26.3,2.9,1649.0,1243.0,2416.6678,20981.0,0.08,273.91,235.678,4.6,2.68413713,0.04,0.05,0.08,0.24,0.86,1.37,3.117272727272727,,1.13,1.33,,113.4438,0.9228,110.161,1.3732,1.1765,,,6.3206,,,,,0.8496259091,,,,1.2671,219.711,232.051,71.65,541.575,5.096818181818182,78.3287,72.8,-0.728845770712347,-0.66925,-0.651,120.22966666666666,79.6231235756659,7.672618433579734,19.824761904761903,7.673713883016209,0.7537901758641601,1.083658430862592,0.009077622752153666,0.7892036934732856,113.4438,0.008814937440388986,1.1765
2021-10-01,72200.0,100.1861,78.1049,-85158.0,1.28,19258.34,113.505,110.188,545361.0,11238.0,284400.0,2357800.0,26.45,3.0675,1699.0,1292.0,2420.7405,21160.7,0.08,276.55,240.465,4.8,1.85436755,0.05,0.06,0.11,0.39,1.11,1.58,3.149090909090909,,1.19,1.53,,114.0635,0.9227,113.1215,1.3701,1.16,,,6.4134,,,,,0.8620080952,,,,1.2434,210.071,238.787,81.48,536.589,5.571428571428571,77.14516,71.7,-0.727802256731275,-0.73882,-0.6424000000000001,109.64838709677419,65.49623407320315,40.94271457360206,17.871428571428574,8.29043600562588,0.7604473219540906,1.0837758751490192,0.008840052509911909,0.804246421103426,114.0635,0.008767046425894348,1.16
2021-11-01,72662.0,100.8654,78.5506,-100024.0,1.28,19227.878,113.734,110.77,551082.0,11199.0,236500.0,1920250.0,26.56,3.0675,1770.0,1412.0,2434.992,21335.9,0.08,278.919,243.287,4.9,2.4798405,0.05,0.07,0.18,0.51,1.2,1.56,3.2245454545454546,,1.05,1.51,,114.9898,0.9213,113.965,1.3463,1.1416,,,6.5155,,,,,0.8767495455,,,,1.2567,224.813,254.482,79.15,550.696,5.119090909090909,72.51861,67.4,-0.703615412923412,-0.65805,-0.577,135.15266666666668,53.98210262275066,53.02295865665602,18.50047619047619,8.119450317124736,0.7977401129943503,1.08542277216976,0.008774623788005089,0.7957348611442667,114.9898,0.008696423508867743,1.1416
2021-12-01,73257.0,100.5726,78.4351,-100390.0,1.31,19170.498,113.307,111.418,547277.0,11520.0,216250.0,1716250.0,26.76,3.098,1886.0,1334.0,2473.1762,21498.8,0.08,280.845,241.338,4.8,2.62030861,0.06,0.15,0.3,0.68,1.23,1.47,3.2630434782608693,,0.78,1.4,,115.8045,0.921,113.8329,1.3303,1.1301,,,6.581,,,,,0.8848417391,,,,1.28,241.216,262.467,71.71,532.485,3.858260869565217,75.96162,70.6,-0.567274902053818,-0.54158,-0.545,137.1274193548387,153.26201508801608,24.93045739806856,21.354545454545455,7.936416184971098,0.7073170731707317,1.0857763300760044,0.008784806501459595,0.78125,115.8045,0.008635243017326615,1.1301
2022-01-01,75242.0,100.1856,77.7378,-105064.0,1.3,19062.795,113.372,111.976,560257.0,11210.0,239200.0,1703000.0,26.91,3.4450000000000003,1923.0,1271.0,2486.9777,21650.0,0.08,282.543,246.453,4.9,2.24175848,0.15,0.33,0.55,0.98,1.54,1.76,3.2247619047619045,,0.78,1.61,,115.0373,0.9191,114.8255,1.3555,1.1317,,,6.5753,,,,,0.8833866667,,,,1.2622,246.086,253.978,83.22,550.261,4.233333333333333,72.30341,67.2,-0.262122904371678,-0.4838,-0.5555000000000001,145.67000000000002,156.3303814126659,37.45707675166372,23.181,7.119565217391305,0.6609464378575143,1.088020890001088,0.008708866932867699,0.7922674694977024,115.0373,0.008692832672533169,1.1317
2022-02-01,75311.0,100.8064,78.1748,-104529.0,1.31,19079.074,113.448,112.468,563777.0,11698.0,219000.0,1634000.0,26.97,3.7625,1846.0,1336.0,2499.0141,21724.8,0.08,284.5,252.66,4.9,2.62741883,0.33,0.64,1.0,1.44,1.81,1.93,3.646,,0.49,1.62,,114.9977,0.9228,115.2763,1.354,1.1349,,,6.5596,,,,,0.881508,,,,1.2711,260.179,257.358,91.64,552.826,4.475,67.56927,62.8,-0.313842872119735,-0.31479999999999997,-0.482,127.98964285714285,110.05818827122042,113.83121370957335,25.748421052631578,7.461187214611872,0.723726977248104,1.083658430862592,0.008674809999973975,0.7867201636377941,114.9977,0.008695826090434853,1.1349
2022-03-01,76146.0,101.3907,78.5575,-119981.0,1.31,18998.629,114.041,112.914,574485.0,12301.0,215000.0,1543500.0,27.1,4.172,1899.0,1347.0,2538.9137,21786.8,0.2,287.674,260.014,5.4,3.05769883,0.44,0.83,1.34,1.91,2.11,2.13,3.7886956521739132,,0.22,1.68,,116.2908,0.9294,118.5774,1.3168,1.1019,,,6.7525,,,,,0.9073147826,,,,1.266,298.016,319.999,108.5,571.553,4.971304347826087,63.91106,59.4,-0.0851208220036064,-0.11584999999999998,-0.3895,186.61451612903227,189.90669506231285,70.31172101390274,26.968695652173913,7.17906976744186,0.7093206951026856,1.0759629868732516,0.008433310226063313,0.7898894154818326,116.2908,0.008599132519511431,1.1019
2022-04-01,75944.0,101.44,78.4892,-103845.0,1.32,19006.44,114.632,113.307,580943.0,11861.0,213000.0,1432400.0,27.28,4.9825,1849.0,1327.0,2565.6296,21769.5,0.33,288.561,265.31,5.4,3.39290341,0.76,1.23,1.89,2.54,2.78,2.75,3.6536363636363633,,0.21,1.99,,117.1688,0.945,126.3743,1.2933,1.0803,,,6.8867,,,,,0.9258666667,,,,1.2628,315.84,333.807,101.78,580.856,6.744761904761905,70.15153,65.2,-0.309491684341367,-0.26356,-0.35819999999999996,136.31366666666665,131.09880091023823,44.537893575411786,24.3735,6.724882629107981,0.717685235262304,1.0582010582010584,0.007913001298523513,0.7918910357934749,117.1688,0.008534695243102259,1.0803
2022-05-01,76640.0,101.3335,78.1251,-102177.0,1.34,18963.136,114.473,113.703,579844.0,11535.0,209750.0,1367000.0,27.4,5.2299999999999995,1711.0,1427.0,2610.2452,21719.5,0.77,291.298,273.251,5.3,3.63465785,0.98,1.45,2.06,2.62,2.87,2.9,4.487727272727273,,0.28,1.91,,119.6962,0.9804,128.8486,1.2438,1.0567,,,7.041,,,,,0.9453386364,,,,1.2859,320.415,337.32,109.55,549.013,8.16,62.83511,58.4,-0.029960041683673,0.341475,-0.28975,133.7783870967742,149.56105068003365,78.17805781444221,29.313636363636363,6.517282479141835,0.8340151957919345,1.0199918400652794,0.007761046685800233,0.777665448324131,119.6962,0.008354484102252202,1.0567
2022-06-01,77118.0,101.018,77.6834,-99398.0,1.34,18871.331,114.544,114.376,585556.0,11283.0,212500.0,1365250.0,27.52,5.522,1726.0,1377.0,2667.8801,21651.2,1.21,294.957,280.251,5.3,4.22671337,1.49,2.11,2.65,3.0,3.19,3.14,4.87,,0.14,1.6,,120.0257,0.9702,133.9619,1.232,1.0567,,,7.0406,,,,,0.9465077273,,,,1.2804,324.617,323.512,114.84,543.822,7.570909090909091,53.79718,50.0,0.0233860844190886,0.05205,-0.20224999999999999,133.46733333333333,138.59429473573738,97.3423324635886,28.23318181818182,6.424705882352941,0.7977983777520278,1.0307153164296021,0.007464809024058332,0.7810059356451109,120.0257,0.008331548993257278,1.0567
2022-07-01,77167.0,101.223,77.7019,-88655.0,1.37,19050.186,114.646,114.628,579267.0,11576.0,218200.0,1392600.0,27.66,5.4125,1707.0,1407.0,2699.2413,21652.8,1.68,294.913,272.274,5.2,3.3092777,2.23,2.76,3.02,3.04,2.96,2.9,5.300909090909091,,-0.14,0.6,,122.7512,0.9701,136.709,1.1987,1.0168,,,7.3209,,,,,0.9822438095,,,,1.2936,290.18,250.139,101.62,478.44,7.109047619047619,55.4111,51.5,0.0487570104740202,0.12942,-0.1882,146.90064516129033,161.91759508532616,71.54507408753639,24.995238095238093,6.382218148487626,0.8242530755711776,1.0308215647871355,0.0073148073645480545,0.7730364873222015,122.7512,0.008146559870697801,1.0168
2022-08-01,78114.0,101.0963,77.654,-87630.0,1.38,19115.806,115.268,115.276,581196.0,10092.0,216500.0,1417250.0,27.75,5.2225,1565.0,1365.0,2724.0968,21638.2,2.33,295.097,269.546,4.8,3.37713165,2.63,3.05,3.28,3.25,3.03,2.9,4.526521739130435,,-0.35,0.18,,122.3177,0.9574,135.2835,1.1983,1.0129,,,7.3456,,,,,0.9870730435,,,,1.2917,283.299,243.104,93.67,485.194,8.777391304347827,62.61992,58.2,-0.15766410651654,-0.363375,-0.23425,119.1632258064516,120.39347673975216,150.49230233568383,22.169565217391302,6.546189376443418,0.8722044728434505,1.0444955086693126,0.007391884450062276,0.7741735697143299,122.3177,0.008175431683231454,1.0129
2022-09-01,76945.0,101.2918,77.6645,-88770.0,1.39,19158.931,115.348,115.788,579446.0,10800.0,197500.0,1394500.0,27.87,6.112,1586.0,1457.0,2747.7509,21536.5,2.56,296.349,267.898,4.7,4.17914969,3.13,3.63,3.89,3.86,3.7,3.52,4.985454545454545,,-0.34,0.3,,125.5946,0.9733,143.2843,1.132,0.9899,,,7.517,,,,,1.01043,,,,1.3339,299.918,265.841,84.26,487.261,7.835,63.0503,58.6,0.0167621768801262,-0.04426000000000001,-0.1542,109.556,149.0037319663473,50.42583302194797,27.34181818181818,7.060759493670886,0.9186633039092056,1.0274324463166546,0.006979131698308887,0.7496813854112002,125.5946,0.007962125760183956,0.9899
2022-10-01,77151.0,101.2529,77.8544,-96831.0,1.39,19196.543,115.556,116.204,585006.0,10447.0,202600.0,1411400.0,27.99,6.9,1583.0,1387.0,2771.3899,21461.5,3.08,298.007,265.061,5.0,2.88195932,3.72,4.18,4.43,4.38,4.18,3.98,4.998095238095238,,-0.4,0.11,,127.4806,0.9949,147.0515,1.1332,0.9853,,,7.5507,,,,,1.0162709524,,,,1.3689,281.492,275.984,87.55,472.724,6.093809523809524,64.44903,59.9,0.506944647785155,0.005199999999999996,-0.11,139.82999999999998,204.49368915131672,92.84087645140986,30.005714285714287,6.966436327739388,0.8761844598862919,1.005126143330988,0.006800338656865111,0.7305135510263715,127.4806,0.007844330823670425,0.9853
2022-11-01,76483.0,100.9552,77.2186,-84760.0,1.41,19205.667,115.247,116.539,576356.0,10632.0,210750.0,1458000.0,28.11,6.805,1424.0,1558.0,2789.4296,21406.5,3.78,298.786,263.157,5.0,3.23904839,4.15,4.48,4.73,4.5,4.06,3.89,4.676818181818182,,-0.61,-0.43,,124.8527,0.966,142.445,1.1727,1.0192,,,7.3074,,,,,0.9800927273,,,,1.3457,279.628,266.95,84.37,508.386,6.478181818181818,61.00601,56.7,-0.0005537674099664,-0.28907499999999997,-0.16525,147.65466666666669,195.66112328055692,81.30889157277751,23.29909090909091,6.918149466192171,1.0941011235955056,1.0351966873706004,0.007020253431148865,0.7431076763022962,124.8527,0.008009438322118785,1.0192
2022-12-01,76113.0,99.7664,75.8688,-92925.0,1.43,19259.807,115.146,116.952,569119.0,10902.0,208200.0,1566000.0,28.22,6.364,1398.0,1390.0,2798.0126,21291.0,4.1,298.832,257.897,4.3,2.86811918,4.25,4.55,4.68,4.29,3.76,3.62,4.5834782608695654,,-0.67,-0.74,,122.2343,0.9316,134.9148,1.218,1.0591,,,7.0229,,,,,0.9445572727,,,,1.3585,275.639,247.614,76.44,505.97,5.746818181818182,64.34143,59.8,-0.0499466060875527,0.0015200000000000018,-0.2008,132.44451612903225,163.29474339985205,16.20506893452441,21.784285714285716,7.521613832853026,0.994277539341917,1.07342206955775,0.007412085256769457,0.736105999263894,122.2343,0.008181009749309317,1.0591
2023-01-01,75395.0,100.505,77.1602,-91071.0,1.4,19295.401,116.635,117.505,591964.0,10318.0,204500.0,1604000.0,28.31,6.2725,1418.0,1395.0,2811.8455,21279.4,4.33,300.42,260.227,3.9,2.6790161,4.54,4.67,4.69,4.21,3.64,3.53,4.365,,-0.68,-1.16,,119.8101,0.9241,130.4475,1.2237,1.0777,,,6.9029,,,,,0.9285231818,,,,1.3422,275.574,238.789,78.12,541.791,3.471363636363636,69.82874,64.9,-0.133109485062339,-0.371025,-0.27949999999999997,186.76645161290324,304.29045124963767,100.53236887153098,20.16904761904762,7.843520782396088,0.9837799717912553,1.0821339681852613,0.007665919239540812,0.7450454477723141,119.8101,0.008346541735629967,1.0777
2023-02-01,74193.0,100.6416,77.1498,-92171.0,1.41,19362.608,116.562,117.929,586165.0,9857.0,214750.0,1646500.0,28.42,6.2575,1605.0,1527.0,2806.7126,21242.9,4.57,301.45,258.669,4.2,2.61308946,4.65,4.81,4.93,4.53,3.94,3.75,4.2005,,-0.78,-1.04,,120.3084,0.9258,133.0463,1.2084,1.0702,,,6.9568,,,,,0.934222,,,,1.3454,286.31,252.844,76.83,537.343,2.438,71.98064,66.9,-0.337373552849845,-0.46455,-0.2985,120.97035714285714,131.18717321082352,26.532556240330987,20.1205,7.6670547147846335,0.9514018691588785,1.0801468999783972,0.0075161804574798395,0.7432733759476736,120.3084,0.008311971566407665,1.0702
2023-03-01,73852.0,101.0205,76.6104,-81937.0,1.43,19448.229,116.578,118.315,578812.0,9655.0,229000.0,1683250.0,28.56,6.544,1472.0,1513.0,2797.7693,20946.8,4.65,301.821,257.062,3.6,2.07325087,4.69,4.77,4.68,4.3,3.82,3.66,4.691304347826088,,-0.64,-1.2,,120.745,0.9255,133.6643,1.2138,1.0711,,,6.9522,,,,,0.933656087,,,,1.3683,262.233,229.384,73.28,532.151,2.409130434782609,66.70851,62.0,0.995003988619932,0.11372,-0.1876,140.28096774193548,212.83521610994592,85.592664827516,21.644347826086957,7.350436681222708,1.0278532608695652,1.0804970286331712,0.007481429222312914,0.7308338814587444,120.745,0.008281916435463166,1.0711
2023-04-01,74424.0,101.253,77.2433,-93950.0,1.42,19474.528,116.938,118.734,583874.0,9966.0,216400.0,1716000.0,28.7,6.342499999999999,1482.0,1390.0,2771.1753,20761.4,4.83,302.845,256.908,4.7,2.65083257,4.92,4.79,4.68,4.02,3.54,3.46,4.578571428571429,,-0.56,-1.61,,119.2451,0.8985,133.4745,1.2446,1.0962,,,6.7977,,,,,0.9120525,,,,1.3484,276.677,238.528,79.45,525.987,2.1955,68.53761,63.7,0.222873659775135,-0.38115,-0.175,138.75733333333335,161.57409073604097,46.17331264399524,17.817894736842106,7.929759704251387,0.9379217273954116,1.1129660545353368,0.007492067773245076,0.7416196974191634,119.2451,0.008386088820421134,1.0962
2023-05-01,75363.0,100.9286,77.0575,-89397.0,1.42,19532.638,116.888,119.083,586286.0,9368.0,226000.0,1724500.0,28.78,6.425,1579.0,1506.0,2766.538,20829.7,5.06,303.334,253.67,4.2,2.65363857,5.14,5.03,4.91,4.13,3.59,3.57,4.688260869565218,,-0.56,-1.74,,119.6293,0.8977,137.0532,1.2484,1.0867,,,6.8549,,,,,0.9211295652,,,,1.3517,262.913,230.669,71.58,509.353,2.315217391304348,63.48068,59.0,0.41079190924101,-0.401675,-0.209,190.45548387096773,263.02980135149863,90.05827837925025,17.63608695652174,7.630530973451328,0.9537682077264091,1.1139578923916675,0.007296436712167246,0.7398091292446549,119.6293,0.00835915615990397,1.0867
2023-06-01,74769.0,100.1196,76.4881,-88851.0,1.42,19553.713,117.256,119.39,588670.0,9180.0,250750.0,1760250.0,28.89,6.714,1447.0,1477.0,2756.0049,20799.3,5.08,304.014,253.86,3.3,1.36626254,5.16,5.19,5.24,4.64,3.95,3.75,4.294090909090909,1.355625,-0.89,-1.67,,119.2969,0.9004,141.3581,1.2627,1.084,,,6.8719,,,,,0.9224318182,,,,1.3286,264.737,221.709,70.25,513.803,2.479090909090909,69.07558,64.2,0.172906204057399,-0.6120599999999999,-0.22080000000000002,122.38633333333334,117.08579797413617,45.437647365036085,14.003181818181817,7.019940179461615,1.0207325501036628,1.1106175033318526,0.00707423203905542,0.7526719855486979,119.2969,0.00838244749025331,1.084
2023-07-01,75140.0,100.9067,76.7273,-88294.0,1.41,19596.868,117.816,119.556,589257.0,8657.0,235200.0,1777200.0,29.01,6.84,1530.0,1339.0,2755.3515,20791.2,5.12,304.609,253.835,3.4,2.47431653,5.25,5.27,5.37,4.83,4.14,3.9,3.9371428571428573,1.2619047619047619,-0.93,-1.59,,118.0492,0.8723,140.936,1.2893,1.1067,,,6.7332,,,,,0.9045490476,,,,1.3211,225.998,225.539,76.07,509.161,2.643809523809524,76.92998,71.5,0.261861519779868,-0.734,-0.25925,101.65290322580644,129.8521739829882,6.467276665375605,13.932380952380951,7.5561224489795915,0.8751633986928105,1.14639458901754,0.00709541919736618,0.7569449701006737,118.0492,0.008471044276454225,1.1067
2023-08-01,74387.0,100.8393,76.6542,-84221.0,1.4,19622.827,117.892,119.689,595191.0,9254.0,245000.0,1806750.0,29.06,7.072,1596.0,1360.0,2758.4104,20777.2,5.33,306.082,257.68,3.5,2.60696893,5.3,5.28,5.37,4.9,4.31,4.17,3.9030434782608694,1.23,-0.73,-1.39,,119.8564,0.8783,144.7804,1.2706,1.091,,,6.8308,,,,,0.9166943478,,,,1.3478,209.29,207.694,81.39,499.785,2.648260869565217,74.67049,69.4,-0.23726970589883,-0.6683,-0.31925000000000003,97.61935483870967,135.35332886794686,31.831325105956555,15.85391304347826,7.374489795918367,0.8521303258145363,1.1385631333257429,0.006907012275142216,0.7419498441905327,119.8564,0.008343317503278925,1.091
2023-09-01,74534.0,101.0211,76.672,-83759.0,1.38,19628.768,118.043,120.058,598956.0,9259.0,218600.0,1800200.0,29.18,7.2,1530.0,1488.0,2760.7671,20747.8,5.33,307.276,258.934,3.2,2.81243484,5.32,5.31,5.44,5.02,4.49,4.38,3.889090909090909,1.2204545454545455,-0.64,-1.18,,121.6455,0.8996,147.845,1.2381,1.0672,,,6.9877,,,,,0.9367652381,,,,1.3531,192.563,196.866,89.43,500.308,2.70047619047619,72.94898,67.8,-0.322548551845495,-0.66606,-0.332,89.22933333333334,85.75083249284367,25.78583853503708,15.173333333333332,8.235132662397072,0.9725490196078431,1.1116051578479325,0.006763840508640807,0.7390436774813391,121.6455,0.008220608242803885,1.0672
2023-10-01,74163.0,100.4689,76.2599,-87230.0,1.4,19689.563,118.361,120.241,595517.0,8580.0,210250.0,1810250.0,29.26,7.62,1524.0,1398.0,2771.2859,20732.9,5.33,307.696,255.192,4.2,2.76957367,5.34,5.33,5.42,5.07,4.77,4.8,4.3554545454545455,1.2931818181818182,-0.27,-0.8,,123.4971,0.9035,149.5933,1.2175,1.0565,,,7.0621,,,,,0.947035,,,,1.3712,189.092,185.021,85.64,494.233,3.166363636363636,68.64521,63.8,0.0116981822661792,-0.4089,-0.29325,140.10999999999999,185.53727777505966,33.34133130960348,18.887727272727272,8.60998810939358,0.9173228346456693,1.1068068622025458,0.006684791364319124,0.7292882147024504,123.4971,0.008097356132249258,1.0565
2023-11-01,74284.0,100.8639,76.5305,-88444.0,1.4,19785.645,118.783,120.374,593567.0,8602.0,218000.0,1801000.0,29.37,7.442,1513.0,1453.0,2762.7952,20746.5,5.33,308.148,252.856,4.5,2.7911957,5.27,5.24,5.28,4.88,4.49,4.5,3.985909090909091,1.2131818181818181,-0.38,-1.02,,121.2221,0.8902,149.679,1.2437,1.0819,,,6.894,,,,,0.9246481818,,,,1.3707,188.152,182.744,77.69,505.44,3.055454545454545,65.95535,61.3,-0.287572563301732,-0.671975,-0.3065,114.53366666666668,132.07113577462442,17.44639499780336,14.01909090909091,8.261467889908257,0.9603436880370125,1.1233430689732644,0.0066809639294757445,0.7295542423579193,121.2221,0.008249320874658994,1.0819
2023-12-01,74073.0,100.6031,76.4545,-88171.0,1.4,19847.006,119.267,120.592,594256.0,8520.0,207800.0,1796400.0,29.47,6.815,1501.0,1555.0,2760.5797,20777.9,5.33,308.741,249.866,3.1,3.09166499,5.24,5.12,4.96,4.46,4.0,4.02,3.565909090909091,1.072857142857143,-0.44,-1.42,,119.8331,0.8648,143.9815,1.2657,1.0909,,,6.8348,,,,,0.9163171429,,,,1.3416,189.156,187.293,71.9,514.208,2.534761904761905,74.99328,69.7,-0.32839729611229,-0.4979,-0.3504,128.02548387096775,194.90526800990017,18.736143852639124,12.7185,8.644850818094321,1.0359760159893405,1.1563367252543941,0.00694533672728788,0.7453786523553966,119.8331,0.008344939753707448,1.0909
2024-01-01,73668.0,99.2223,75.2859,-92640.0,1.41,19932.436,118.833,121.217,588944.0,8378.0,211500.0,1777250.0,29.61,6.6425,1548.0,1505.0,2758.8444,20843.9,5.33,309.698,251.306,2.9,2.41863256,5.22,5.02,4.79,4.32,3.98,4.06,3.539130434782609,1.0272727272727273,-0.26,-1.39,,120.2274,0.8591,146.2943,1.2701,1.0899,,,6.8418,,,,,0.9170204348,,,,1.3423,180.566,182.043,74.15,508.721,2.720434782608696,84.99955,79.0,-0.351270347278025,-0.725575,-0.387,143.06548387096774,109.58172655813512,45.1614120872313,13.388636363636364,8.40307328605201,0.9722222222222222,1.1640088464672331,0.006835536312761331,0.7449899426357743,120.2274,0.00831757153527399,1.0899
2024-02-01,73969.0,100.285,76.2145,-92390.0,1.4,19963.623,119.356,121.537,593206.0,8440.0,210000.0,1793500.0,29.66,6.776000000000001,1570.0,1692.0,2766.1063,20927.4,5.33,310.967,254.926,3.0,2.42832804,5.24,5.09,4.92,4.54,4.19,4.21,3.3600000000000003,0.9804761904761905,-0.33,-1.23,,121.0659,0.8771,149.615,1.263,1.0793,,,6.9063,,,,,0.9270433333,,,,1.35,171.503,172.571,77.25,507.786,1.793333333333333,82.74007,76.9,-0.468173256996969,-0.666775,-0.41525,133.40724137931034,126.41632458302975,220.06777017427746,13.980476190476189,8.540476190476191,1.0777070063694267,1.1401208528103979,0.006683821809310563,0.7407407407407407,121.0659,0.008259964201315152,1.0793
2024-03-01,73986.0,100.4575,76.2676,-93122.0,1.4,19992.037,119.756,122.009,595969.0,8206.0,215200.0,1799000.0,29.78,6.82,1477.0,1495.0,2751.3694,20973.9,5.33,312.345,255.095,2.9,2.08221333,5.24,5.11,4.99,4.59,4.2,4.21,3.1777272727272727,0.9542857142857143,-0.38,-1.26,,120.6588,0.8886,149.8186,1.2713,1.087,,,6.8598,,,,,0.9198809524,,,,1.3536,173.95,171.193,81.28,532.615,1.747142857142857,85.42993,79.4,-0.480247802242833,-0.8753,-0.43579999999999997,112.76225806451613,79.92754169902783,44.78382596012705,13.7875,8.359665427509293,1.012186865267434,1.1253657438667568,0.0066747386506081354,0.7387706855791962,120.6588,0.00828783312945264,1.087
2024-04-01,74040.0,100.2434,75.805,-98957.0,1.4,20018.113,119.974,122.304,595676.0,7529.0,210250.0,1783750.0,29.85,6.9925,1456.0,1655.0,2749.301,20959.7,5.33,313.023,256.978,3.2,2.70436687,5.24,5.15,5.14,4.87,4.56,4.54,3.227272727272727,0.92,-0.33,-0.9,,122.1428,0.9099,153.89,1.2517,1.0724,,,6.9576,,,,,0.9327668182,,,,1.3674,173.929,167.668,85.35,552.322,1.786818181818182,83.06285,77.2,-0.467491889948593,-0.7228749999999999,-0.41925,119.90033333333332,148.00266684663876,46.12796575022687,16.137727272727275,8.483947681331747,1.1366758241758241,1.0990218705352237,0.006498148027812074,0.7313149041977476,122.1428,0.008187138333164133,1.0724
2024-05-01,73137.0,100.863,76.1923,-100630.0,1.41,20111.997,120.53,122.383,600372.0,7782.0,222000.0,1798750.0,29.97,7.06,1405.0,1548.0,2758.6482,21020.7,5.33,313.175,255.313,3.3,2.93566763,5.25,5.17,5.16,4.86,4.5,4.48,3.11695652173913,0.8895652173913043,-0.38,-0.97,,121.8583,0.9088,155.8691,1.2636,1.081,,,6.9007,,,,,0.924853913,,,,1.3667,186.974,198.355,80.02,595.757,2.419130434782609,74.34771,69.1,-0.715304585401794,-0.89308,-0.4128,91.20129032258063,77.48343912268646,128.79600085457486,13.058695652173913,8.102477477477477,1.101779359430605,1.1003521126760563,0.006415639790054603,0.7316894709885124,121.8583,0.008206252672161027,1.081
2024-06-01,73544.0,100.894,76.006,-99563.0,1.41,20158.9,120.87,122.677,599979.0,7416.0,234800.0,1841000.0,30.07,6.9175,1459.0,1719.0,2765.4932,21068.4,5.33,313.044,255.914,3.0,2.7258402,5.24,5.15,5.11,4.74,4.32,4.31,3.2,0.9357142857142856,-0.43,-1.2,,123.7095,0.8938,157.86,1.2716,1.0763,,,6.9336,,,,,0.9293125,,,,1.3705,182.381,178.962,79.77,577.898,2.8195,73.37936,68.2,-0.630842189192353,-0.843475,-0.39275000000000004,86.59966666666666,38.87652354653526,66.36861949850311,12.667,7.8407155025553665,1.1782042494859493,1.1188185276348175,0.006334726973267452,0.7296607077708865,123.7095,0.008083453574705256,1.0763
2024-07-01,73430.0,99.9757,75.3409,-104350.0,1.4,20164.512,121.317,122.911,605814.0,7426.0,237250.0,1864000.0,30.16,6.8475,1448.0,1654.0,2760.4065,21095.3,5.33,313.569,257.321,2.9,2.55564431,5.2,5.01,4.9,4.5,4.16,4.25,3.1552173913043475,0.9343478260869567,-0.25,-1.18,,123.3824,0.8917,157.5182,1.287,1.0847,,,6.8786,,,,,0.9220765217,,,,1.3714,161.805,159.235,81.8,575.773,2.215217391304348,71.44266,66.4,-0.324749070120836,-0.734675,-0.36875,144.071935483871,77.35734422639202,161.21280124080587,14.373913043478263,7.856691253951528,1.1422651933701657,1.12145340361108,0.006348472747911035,0.729181857955374,123.3824,0.008104883678709443,1.0847
2024-08-01,73738.0,100.4309,75.6471,-97117.0,1.41,20189.814,121.482,123.128,603601.0,7520.0,230600.0,1854400.0,30.27,6.5,1492.0,1733.0,2766.5074,21186.8,5.33,314.062,255.463,2.8,2.3470594,5.05,4.74,4.43,3.97,3.71,3.87,3.3660869565217393,1.0047826086956522,-0.1,-1.43,,122.6137,0.8579,146.2641,1.2945,1.102,,,6.7712,,,,,0.9073031818,,,,1.3655,154.168,151.306,76.68,544.967,2.095,73.05658,67.9,-0.407720217179276,-0.5058199999999999,-0.37320000000000003,104.58612903225807,116.40404612317293,221.59175922425402,19.312272727272727,8.04163052905464,1.1615281501340482,1.1656370206317752,0.006836947685727393,0.7323324789454413,122.6137,0.008155695489166382,1.102
2024-09-01,74487.0,99.8084,75.1957,-107722.0,1.4,20216.213,122.1,123.466,608774.0,6943.0,224500.0,1834750.0,30.39,6.18,1421.0,1695.0,2777.8894,21269.5,5.13,314.732,252.682,2.7,2.23612091,4.72,4.42,4.03,3.62,3.5,3.72,3.258095238095238,0.9609523809523809,0.1,-1.2,,121.8849,0.8472,142.954,1.3219,1.1104,,,6.718,,,,,0.9005252381,,,,1.3546,156.983,158.119,70.24,552.405,2.400952380952381,75.42365,70.1,-0.450690690759134,-0.353275,-0.417,100.904,116.13247715644323,94.88403949672158,17.663333333333334,8.17260579064588,1.1928219563687543,1.1803588290840417,0.006995257215607818,0.7382253063635021,121.8849,0.008204461750389096,1.1104
2024-10-01,73440.0,99.4695,74.6339,-100088.0,1.41,20263.282,122.25,123.832,612772.0,7379.0,236250.0,1870000.0,30.48,6.428,1435.0,1653.0,2784.707,21331.9,4.83,315.631,253.081,2.7,2.25612841,4.51,4.3,4.2,3.97,3.91,4.1,2.930434782608696,0.8552173913043477,0.13,-0.62,,123.5953,0.8613,149.8909,1.3043,1.0895,,,6.8469,,,,,0.9177386957,,,,1.3757,153.88,162.389,71.99,569.587,2.574782608695652,75.85403,70.5,-0.399037334989902,-0.5276,-0.43875,117.2658064516129,81.56482125028107,194.75613686819582,19.960869565217394,7.915343915343915,1.1519163763066202,1.1610356437942646,0.006671519084881071,0.7269026677327907,123.5953,0.008090922551262062,1.0895
2024-11-01,74311.0,99.2925,74.7343,-106002.0,1.4,20316.65,122.639,123.962,616344.0,7566.0,219200.0,1873800.0,30.56,6.805,1512.0,1602.0,2787.6588,21452.2,4.64,316.528,253.211,2.6,2.4316758,4.42,4.31,4.33,4.26,4.23,4.36,2.6963636363636363,0.8068181818181818,0.1,-0.26,,126.3113,0.8809,153.7126,1.2738,1.0621,,,7.0235,,,,,0.94116,,,,1.3973,170.315,155.613,69.95,557.927,2.992380952380952,77.25275,71.8,-0.446857186198649,-0.5761000000000001,-0.4648,232.69233333333335,215.12402782810634,1401.6795495949611,16.015238095238097,8.548357664233576,1.0595238095238095,1.13520263367011,0.006505647552640447,0.7156659271452086,126.3113,0.007916948048195213,1.0621
2024-12-01,74595.0,100.3273,74.9627,-122822.0,1.39,20338.298,123.512,124.196,621713.0,7295.0,222750.0,1861750.0,30.66,6.715,1467.0,1526.0,2765.6634,21485.9,4.48,317.604,253.423,2.8,2.65035634,4.27,4.19,4.23,4.23,4.25,4.39,2.76,0.8035,0.16,0.0,,127.5758,0.8916,153.8143,1.2647,1.0472,,,7.1221,,,,,0.9557227273,,,,1.4247,178.022,159.348,70.12,545.116,3.450909090909091,79.61983,74.0,-0.761579101308401,-0.5551999999999999,-0.48,184.91806451612902,155.29582480476998,1319.005943955016,15.866190476190477,8.358024691358025,1.040218132242672,1.1215791834903546,0.006501346103710773,0.7019021548396153,127.5758,0.00783847720335675,1.0472
2025-01-01,75971.0,100.0647,74.6327,-155620.0,1.4,20388.396,122.767,124.587,615145.0,7431.0,215000.0,1867750.0,30.79,6.958,1463.0,1648.0,2664.302,21548.1,4.33,318.961,257.36,3.3,2.62695841,4.21,4.15,4.18,4.27,4.43,4.63,2.7291304347826086,0.8227272727272728,0.36,0.29,,128.8369,0.9096,156.4819,1.2354,1.0356,,,7.2047,,,,,0.9654678261,,,,1.4389,185.56,159.054,75.74,562.64,3.730434782608696,77.14516,71.7,-0.780794333589042,-0.7945800000000001,-0.49939999999999996,252.38225806451615,222.12527252967922,1725.7096538661765,16.763636363636365,8.68720930232558,1.1264524948735475,1.0993843447669305,0.00639051545258589,0.6949753283758426,128.8369,0.007761751485793277,1.0356
2025-02-01,75561.0,101.0993,75.523,-146733.0,1.39,20413.875,122.62,125.145,616636.0,7242.0,225000.0,1860000.0,30.89,6.842499999999999,1446.0,1565.0,2671.3271,21613.5,4.33,319.679,259.498,4.3,2.72766223,4.22,4.19,4.19,4.21,4.28,4.45,2.7085,0.8230000000000001,0.24,0.12,,127.8758,0.9034,151.5716,1.2542,1.0413,,,7.1633,,,,,0.959775,,,,1.4299,189.497,166.01,71.53,568.097,3.746,69.61356,64.7,-0.801413661041378,-0.7046749999999999,-0.496,328.42607142857145,228.81199618968589,2583.898793046654,16.968,8.266666666666667,1.082295988934993,1.1069293779056897,0.0065975420197451244,0.6993496048674733,127.8758,0.007820087929068674,1.0413
2025-03-01,75781.0,101.0404,75.785,-162060.0,1.38,20547.128,123.575,125.267,625420.0,6952.0,223000.0,1865200.0,31.02,6.65,1492.0,1584.0,2675.307,21693.7,4.33,319.785,258.525,5.0,2.18385272,4.2,4.1,4.06,3.97,4.04,4.28,3.1714285714285713,0.9176190476190476,0.31,-0.06,,126.243,0.8836,149.0576,1.2913,1.0813,,,6.8993,,,,,0.9249509524,,,,1.4356,182.834,158.892,68.24,583.964,4.135238095238095,61.32879,57.0,-0.563789458631668,-0.455975,-0.43674999999999997,503.66709677419357,448.7396227273867,5912.107656695927,21.841428571428573,8.364125560538117,1.061662198391421,1.131733816206428,0.006708815920825238,0.6965728615213151,126.243,0.007921231276189572,1.0813
2025-04-01,74631.0,101.1279,75.6285,-86522.0,1.38,20658.839,123.748,125.502,623635.0,7098.0,225750.0,1874500.0,31.09,6.725,1445.0,1479.0,2668.9914,21775.7,4.33,320.302,258.392,6.5,2.88718559,4.21,4.05,3.95,3.78,3.91,4.28,4.034090909090909,1.1057142857142856,0.5,-0.04,,124.1402,0.8337,144.1286,1.3144,1.1232,,,6.6483,,,,,0.8904890909,,,,1.3981,191.726,156.315,63.54,585.297,3.403636363636364,56.16426,52.2,0.100286374581645,0.057725000000000026,-0.3895,560.876,452.76531630601676,7955.64698244133,31.966190476190473,8.30343300110742,1.0235294117647058,1.1994722322178242,0.0069382482033406275,0.7152564194263644,124.1402,0.008055408320592363,1.1232
2025-05-01,76049.0,100.9655,75.468,-96955.0,1.39,20514.16,123.575,125.79,618037.0,7310.0,231800.0,1906600.0,31.2,6.816,1416.0,1530.0,2679.5426,21834.0,4.33,320.62,258.678,6.6,2.69133727,4.25,4.13,4.09,3.92,4.02,4.42,3.354347826086957,0.9608695652173914,0.5,0.06,,122.3422,0.8299,144.8762,1.3358,1.1274,,,6.6177,,,,,0.8860881818,,,,1.3867,175.587,147.548,62.17,584.529,3.457272727272727,56.16426,52.2,-0.512105630786364,-0.5463,-0.4378,499.3090322580645,422.14241463187597,5780.037065701709,20.46227272727273,8.225194132873167,1.0805084745762712,1.2049644535486204,0.006902444984062254,0.7211365111415591,122.3422,0.008173794487919949,1.1274
2025-06-01,75608.0,101.4785,75.6385,-85567.0,1.38,20494.762,123.894,126.121,624146.0,7204.0,239000.0,1950250.0,31.31,6.8175,1399.0,1372.0,2685.2841,21938.8,4.33,321.435,260.491,5.0,2.38054202,4.23,4.14,4.06,3.89,3.96,4.38,3.125238095238095,0.8804761904761904,0.49,-0.04,,120.5939,0.8132,144.4835,1.3577,1.1534,,,6.468,,,,,0.8674985714,,,,1.3668,176.261,152.821,68.17,599.068,3.677142857142857,65.30978,60.7,-0.618682526875448,-0.7347250000000001,-0.4865,399.6626666666667,288.2290763325006,3537.469868426475,18.403333333333336,8.160041841004183,0.9807005003573981,1.2297097884899164,0.0069212055355801876,0.7316359379572724,120.5939,0.008292293391290936,1.1534
2025-07-01,76154.0,101.894,75.9194,-102547.0,1.37,20596.762,124.505,126.43,628747.0,7089.0,221500.0,1947250.0,31.39,6.720000000000001,1400.0,1456.0,2674.3178,22020.0,4.33,322.169,262.358,4.5,2.78904728,4.25,4.13,4.08,3.88,3.95,4.39,2.889130434782609,0.8060869565217391,0.51,-0.02,,120.1127,0.7989,147.2014,1.3489,1.1671,,,6.3944,,,,,0.8567643478,,,,1.3691,164.423,147.993,68.39,609.904,3.31,66.38573,61.7,-0.736442036243483,-0.7856,-0.5115000000000001,371.98516129032254,342.21047829629805,3371.643927258447,16.381304347826084,8.79119638826185,1.04,1.2517211165352358,0.006793413649598441,0.7304068366079907,120.1127,0.008325514287831345,1.1671
2025-08-01,76806.0,101.6247,75.8608,-85594.0,1.37,20643.762,124.869,126.714,632149.0,6919.0,229600.0,1941000.0,31.49,6.5875,1347.0,1548.0,2685.1998,22086.9,4.33,323.291,262.11,4.8,2.68936045,4.12,3.94,3.89,3.7,3.79,4.26,2.902727272727273,0.7863636363636364,0.56,-0.04,,120.5758,0.8058,147.4786,1.3456,1.1647,,,6.4079,,,,,0.8586119048,,,,1.3797,148.839,140.763,64.86,601.081,2.893809523809524,62.61992,58.2,-0.809386522802259,-0.6862,-0.525,306.94483870967747,288.02985697881786,2727.1536068089945,15.75,8.453832752613241,1.1492204899777283,1.2410027302060065,0.006780644785073902,0.7247952453431906,120.5758,0.008293538172668147,1.1647
2025-09-01,77591.0,101.668,75.798,-77760.0,1.37,20670.742,125.007,126.954,632395.0,7169.0,234000.0,1922750.0,31.56,6.3525,1444.0,1386.0,2693.9295,22170.3,4.22,324.245,262.054,4.7,2.80359931,3.92,3.75,3.66,3.57,3.66,4.12,2.788181818181818,0.7718181818181818,0.55,0.05,,120.0291,0.7961,147.8629,1.3506,1.1739,,,6.359,,,,,0.8519945455,,,,1.3834,158.554,139.892,63.96,564.284,3.015,59.2845,55.1,-0.848695741909991,-0.530025,-0.527,341.923,374.76442150085103,3767.4312903571195,15.789090909090909,8.216880341880342,0.9598337950138505,1.256123602562492,0.00676302169103947,0.7228567297961545,120.0291,0.008331312989933275,1.1739
2025-10-01,77948.0,101.2195,75.1411,-58577.0,1.38,20618.545,125.271,127.243,631346.0,7170.0,226750.0,1947500.0,31.7,6.254,1418.0,1419.0,2692.5473,22245.1,4.09,,260.591,4.6,2.72759763,3.82,3.68,3.61,3.52,3.65,4.06,2.924782608695652,0.7760869565217392,0.54,0.08,,120.7618,0.7975,151.3545,1.3357,1.1641,,,6.4155,,,,,0.8593186957,,,,1.3988,156.143,136.924,60.89,611.849,3.353478260869565,57.67058,53.6,-0.533845785157756,-0.46432,-0.5192,354.1867741935484,244.7246773608502,2558.2798789458197,18.086521739130436,8.588754134509372,1.0007052186177716,1.2539184952978057,0.006607005407833926,0.714898484415213,120.7618,0.008280764281420118,1.1641
2025-11-01,78621.0,101.0344,74.9686,-83634.0,1.37,20621.089,125.394,127.469,634477.0,6846.0,222400.0,1932800.0,31.79,6.2375,1414.0,1443.0,2698.2388,22277.4,3.88,325.063,261.914,4.5,2.70387514,3.78,3.69,3.66,3.55,3.67,4.09,3.04,0.8323809523809524,0.54,0.15,,121.4177,0.8037,155.1411,1.3139,1.1558,,,6.4608,,,,,0.86494,,,,1.4056,166.597,145.93,60.06,632.545,4.4635,54.87313,51.0,-0.732949426988272,-0.33585,-0.50825,335.877,261.6806009177123,3178.6687399548514,19.7695,8.690647482014388,1.0205091937765205,1.2442453651860148,0.006445745195824962,0.7114399544678429,121.4177,0.00823603148470116,1.1558
2025-12-01,79262.0,101.5203,74.7869,-99246.0,1.36,20597.318,125.507,127.886,634830.0,6550.0,219250.0,1889250.0,31.83,6.1899999999999995,1482.0,1463.0,2706.614,22353.5,3.72,326.031,261.333,4.2,3.19286884,3.59,3.53,3.54,3.5,3.7,4.14,2.8918181818181816,0.7968181818181819,0.64,0.46,,120.1883,0.7969,155.915,1.3387,1.171,,,6.3784,,,,,0.8535247826,,,,1.3795,171.418,144.812,57.97,658.833,4.431363636363636,56.91742,52.9,-0.708812161638332,-0.42374999999999996,-0.52175,351.91709677419357,247.62309997785465,3115.9806286096605,15.548181818181819,8.616875712656784,0.9871794871794872,1.254862592546116,0.0064137510823204956,0.7249003262051468,120.1883,0.00832027743133067,1.171
2026-01-01,78990.0,101.4737,75.1392,-82137.0,1.35,20622.476,125.462,128.432,634949.0,7240.0,211800.0,1852800.0,31.94,6.1025,1393.0,1439.0,2736.2777,22429.3,3.64,326.588,263.537,4.0,2.58639537,3.57,3.51,3.51,3.54,3.78,4.21,2.7404545454545453,0.7586363636363637,0.67,0.54,,119.2298,0.7894,156.6505,1.3536,1.1744,,,6.3612,,,,,0.8519195455,,,,1.3771,161.882,144.068,60.04,706.344,4.144545454545455,60.68322,56.4,-0.658744554978978,-0.6509,-0.5599999999999999,349.7509677419355,302.97042549943427,2244.0960861502485,16.17904761904762,8.747875354107649,1.0330222541277818,1.266784899923993,0.006383637460461345,0.7261636772928618,119.2298,0.00838716495372801,1.1744
2026-02-01,80235.0,102.1009,75.3857,-84623.0,1.33,20529.9,125.813,128.94,641038.0,6922.0,215750.0,1852500.0,32.04,6.0475,1540.0,1324.0,2787.9059,22627.0,3.64,327.46,269.909,3.4,2.58569815,3.6,3.52,3.48,3.47,3.68,4.13,2.9195238095238096,0.7857142857142857,0.66,0.44,,117.906,0.7729,155.1016,1.3579,1.1824,,,6.3176,,,,,0.845867,,,,1.3648,167.658,147.464,64.51,703.727,3.1475,60.89841,56.6,-0.565693113831745,-0.5488500000000001,-0.5325,360.2289285714286,258.45824462249567,3051.5995866672656,19.207,8.586326767091542,0.8597402597402597,1.2938284383490748,0.006447386745204434,0.7327080890973037,117.906,0.008481332586976064,1.1824
2026-03-01,83296.0,101.806,75.387,-88712.0,1.32,20495.708,126.21,129.321,653040.0,6887.0,208000.0,1821500.0,32.12,6.1775,1363.0,1382.0,2830.8441,22686.4,3.64,330.293,276.42,3.8,2.29529521,3.61,3.58,3.67,3.71,3.85,4.25,3.1872727272727275,0.8804545454545455,0.54,0.53,,119.9199,0.7873,158.6827,1.3339,1.1557,,,6.4653,,,,,0.8655181818,,,,1.372,173.455,165.614,91.38,726.007,3.035909090909091,57.3478,53.3,-0.588682597243943,-0.317125,-0.46925,406.2525806451613,277.69959110676547,2194.9699088787365,25.596818181818183,8.757211538461538,1.0139398385913427,1.2701638511367968,0.006301884200357064,0.7288629737609329,119.9199,0.008338899548782145,1.1557
2026-04-01,82487.0,102.4963,75.7829,,,20414.119,126.346,129.63,656115.0,7618.0,207750.0,1787750.0,32.23,6.332,1423.0,1449.0,2874.0145,22804.5,3.64,332.407,283.764,4.7,3.27639808,3.61,3.59,3.69,3.8,3.94,4.32,2.9254545454545453,0.8209090909090908,0.52,0.62,,119.0363,0.7876,159.1173,1.3454,1.1697,,,6.3887,,,,,0.8548127273,,,,1.3754,171.879,168.735,100.32,729.83,2.682727272727273,53.582,49.8,-0.713928592631535,-0.57855,-0.477,345.614,196.7034843652074,1721.7167120372148,19.811904761904763,8.605294825511432,1.0182712579058328,1.2696800406297613,0.006284671748452242,0.7270612185546024,119.0363,0.008400798747944955,1.1697
2026-05-01,,,,,,,,,,,211600.0,1777250.0,32.31,6.4425,,,,,3.63,,,,3.53651546,3.6,3.62,3.79,4.0,4.15,4.48,2.773636363636364,0.7613636363636364,0.48,0.79,,118.7792,0.7834,158.153,1.3498,1.1681,,,6.3973,,,,,,,,,1.3717,,,102.13,,2.897692307692308,,,-0.88437352462311,-0.72342,-0.5008,373.148064516129,,,17.237142857142857,8.399102079395085,,1.2764871074802144,0.006322991027675732,0.7290223809870964,118.7792,0.008418982448105392,1.1681
2026-06-01,,,,,,,,,,,,,,6.48,,,,,,,,,,,,,,,,2.7359999999999998,0.738,,,,,,,,,,,,,,,,,,,,,,,,,,,,,,,317.57,,,16.958,,,,,,,,
