,NEWORDER,INDPRO,CUMFNS,BOPGTB,ISRATIO,RPI,DPCERA3M086SBEA,PCEPILFE,RSXFS,JTSJOL,ICSA,CCSA/ICSA,AHETPI,MORTGAGE30US,PERMIT,COMPUTSA/PERMIT,BUSLOANS,M2SL,FEDFUNDS,CPIAUCSL,PPIACO,MICH,EXPINF1YR,TB3MS,TB6MS,GS1,GS2,GS5,GS10,BAMLH0A0HYM2,T10Y2YM,T10Y3MM,Extended_TWEXBGSMTH,1/EXSZUS,1/EXJPUS,EXUSUK,ECU_EUR_USD,1/EXCAUS,WPU012202,WPU0121,GOLD,WTISPLC,WPUSI019011,PNGASUSUSDM,^GSPC,^IXIC,^DJI,^N225,^FCHI,^AEX,^BFX,^GSPTSE,^HSI,^FTSE,^GDAXI,USACSCICP02STSAM,UMCSENT,AAII_Bullish,AAII_Bearish,KCFSI,STLFSI4,NFCI,GPR,GPRT,GPRA,USEPUINDXD,EPUMONETARY,EPUTRADE,VIXCLS,NEWORDER_q,INDPRO_q,CUMFNS_q,BOPGTB_q,ISRATIO_q,RPI_q,DPCERA3M086SBEA_q,PCEPILFE_q,RSXFS_q,JTSJOL_q,ICSA_q,CCSA/ICSA_q,AHETPI_q,MORTGAGE30US_q,PERMIT_q,COMPUTSA/PERMIT_q,BUSLOANS_q,M2SL_q,FEDFUNDS_q,CPIAUCSL_q,PPIACO_q,MICH_q,EXPINF1YR_q,TB3MS_q,TB6MS_q,GS1_q,GS2_q,GS5_q,GS10_q,BAMLH0A0HYM2_q,T10Y2YM_q,T10Y3MM_q,Extended_TWEXBGSMTH_q,1/EXSZUS_q,1/EXJPUS_q,EXUSUK_q,ECU_EUR_USD_q,1/EXCAUS_q,WPU012202_q,WPU0121_q,GOLD_q,WTISPLC_q,WPUSI019011_q,PNGASUSUSDM_q,^GSPC_q,^IXIC_q,^DJI_q,^N225_q,^FCHI_q,^AEX_q,^BFX_q,^GSPTSE_q,^HSI_q,^FTSE_q,^GDAXI_q,USACSCICP02STSAM_q,UMCSENT_q,AAII_Bullish_q,AAII_Bearish_q,KCFSI_q,STLFSI4_q,NFCI_q,GPR_q,GPRT_q,GPRA_q,USEPUINDXD_q,EPUMONETARY_q,EPUTRADE_q,VIXCLS_q,regime
2006-11-01,66484.0,99.1627,78.2681,-65796.0,1.31,13547.935,83.477,84.766,317123.0,4645.0,326250.0,7.589272030651341,16.98,6.24,1535.0,1.2332247557003257,1170.5212,7037.2,5.25,202.0,164.6,3.0,1.8893923,4.94,4.95,5.01,4.74,4.58,4.6,3.14,-0.14,-0.47,98.71095262397232,0.8093234056328908,0.008523659547990335,1.9125,1.2888,0.8803591865481117,137.4,130.3,627.8272727272728,59.37,419.6,7.41,1400.6300048828125,2431.77001953125,12221.9296875,16274.330078125,5327.64013671875,477.6700134277344,4140.2998046875,12752.400390625,18960.48046875,6048.89990234375,6309.18994140625,99.09441,92.1,0.44614000000000004,0.36669999999999997,-0.739059809709376,-0.95545,-0.631,88.77892303466797,87.27577209472656,86.71051025390625,50.216,48.19654218698915,41.70326976408417,10.817619047619049,0.8166666666666667,0.35,0.65,0.08333333333333333,0.6333333333333333,0.8833333333333333,0.4666666666666667,0.85,0.2,0.5833333333333334,0.7833333333333333,0.05,0.9833333333333333,0.5333333333333333,0.016666666666666666,1.0,0.9333333333333333,0.5833333333333334,1.0,0.2833333333333333,0.2,0.65,0.15,0.9666666666666667,0.95,0.95,0.8833333333333333,0.8333333333333334,0.7,0.1,0.016666666666666666,0.016666666666666666,0.3,0.4666666666666667,0.5333333333333333,0.7833333333333333,0.65,0.3,1.0,0.9,0.9166666666666666,0.2,0.8833333333333333,0.15,0.8,0.65,0.8333333333333334,0.5833333333333334,0.6666666666666666,0.6333333333333333,0.5666666666666667,0.65,0.85,0.6166666666666667,0.6666666666666666,0.9333333333333333,0.9333333333333333,0.55,0.7833333333333333,0.05,0.11666666666666667,0.43333333333333335,0.6333333333333333,0.6833333333333333,0.5166666666666667,0.6833333333333333,0.7666666666666667,0.9666666666666667,0.016666666666666666,1
2006-12-01,65935.0,100.1735,79.227,-69259.0,1.28,13627.346,83.961,84.88,320312.0,4620.0,324000.0,7.658024691358024,17.05,6.135,1638.0,1.1526251526251525,1182.8014,7080.1,5.24,203.1,165.6,2.9,1.9891528,4.85,4.88,4.94,4.67,4.53,4.56,2.9936363636363637,-0.11,-0.41,97.97369224444223,0.8265145879824779,0.008523550570225533,1.9629,1.3205,0.8671522719389525,136.4,127.2,629.7911764705883,62.03,417.4,6.7295,1418.300048828125,2415.2900390625,12463.150390625,17225.830078125,5541.759765625,495.3399963378906,4388.52978515625,12908.400390625,19964.720703125,6220.7998046875,6596.919921875,98.66404,91.7,0.413375,0.3953,-0.678752126971857,-0.9187200000000001,-0.6244,90.60655975341797,95.78137969970703,78.7696533203125,38.20903225806452,17.616228674882336,18.37326043106117,10.9645,0.6,0.48333333333333334,0.9666666666666667,0.08333333333333333,0.3,0.9333333333333333,0.55,0.8666666666666667,0.4166666666666667,0.5333333333333333,0.7833333333333333,0.06666666666666667,1.0,0.5,0.06666666666666667,0.95,0.8833333333333333,0.65,0.9333333333333333,0.48333333333333334,0.21666666666666667,0.5333333333333333,0.26666666666666666,0.9333333333333333,0.9,0.8833333333333333,0.85,0.8,0.6833333333333333,0.03333333333333333,0.03333333333333333,0.03333333333333333,0.2833333333333333,0.5166666666666667,0.5333333333333333,0.8666666666666667,0.6833333333333333,0.21666666666666667,0.9833333333333333,0.8833333333333333,0.8,0.26666666666666666,0.7833333333333333,0.08333333333333333,0.8333333333333334,0.65,0.8833333333333333,0.48333333333333334,0.7,0.6166666666666667,0.6166666666666667,0.5333333333333333,0.9166666666666666,0.5666666666666667,0.6666666666666666,0.5833333333333334,0.5833333333333334,0.43333333333333335,0.8666666666666667,0.13333333333333333,0.13333333333333333,0.48333333333333334,0.5166666666666667,0.7333333333333333,0.16666666666666666,0.21666666666666667,0.06666666666666667,0.3333333333333333,0.03333333333333333,1
2007-01-01,64155.0,99.8346,78.781,-65776.0,1.3,13651.743,84.127,85.224,320305.0,4763.0,317250.0,7.95665878644602,17.09,6.2175,1626.0,1.120541205412054,1192.29,7118.3,5.25,203.437,164.0,3.0,2.6838116,4.98,4.95,5.06,4.88,4.75,4.76,2.767826086956522,-0.12,-0.35,98.91267500042984,0.8044405116241653,0.008302399974760703,1.9587,1.2993,0.8501232678738417,134.6,121.9,631.165909090909,54.57,387.7,6.5855,1438.239990234375,2463.929931640625,12621.6904296875,17383.419921875,5608.31005859375,499.80999755859375,4433.56982421875,13034.099609375,20106.419921875,6203.10009765625,6789.10986328125,104.2589,96.9,0.477175,0.310425,-0.720861204899902,-1.02265,-0.6635,97.9200439453125,95.61344909667969,97.65373992919922,56.95483870967742,44.72173252930129,50.287613799814416,11.0425,0.3333333333333333,0.3333333333333333,0.75,0.03333333333333333,0.5166666666666667,0.7833333333333333,0.36666666666666664,0.9333333333333333,0.06666666666666667,0.5333333333333333,0.9166666666666666,0.21666666666666667,0.95,0.7166666666666667,0.06666666666666667,0.9333333333333333,0.8,0.6333333333333333,1.0,0.36666666666666664,0.16666666666666666,0.65,0.8833333333333333,1.0,0.95,0.95,0.9166666666666666,0.9166666666666666,0.8333333333333334,0.016666666666666666,0.03333333333333333,0.05,0.6666666666666666,0.31666666666666665,0.25,0.7833333333333333,0.4666666666666667,0.06666666666666667,0.9666666666666667,0.8,0.5,0.03333333333333333,0.5666666666666667,0.16666666666666666,0.7833333333333333,0.55,0.8666666666666667,0.4,0.5666666666666667,0.5833333333333334,0.43333333333333335,0.3333333333333333,0.85,0.43333333333333335,0.6166666666666667,0.7666666666666667,0.7666666666666667,0.7,0.5333333333333333,0.06666666666666667,0.06666666666666667,0.4,0.6333333333333333,0.5333333333333333,0.6333333333333333,0.5666666666666667,0.4,0.9,0.05,1
2007-02-01,63735.0,100.7753,78.8347,-66380.0,1.29,13711.191,84.106,85.408,321434.0,4699.0,322750.0,7.960495739736638,17.16,6.285,1598.0,1.0262828535669588,1204.8529,7134.3,5.26,204.226,166.8,3.0,2.6396415,5.03,4.96,5.05,4.85,4.71,4.72,2.6205,-0.13,-0.44,98.54027859143223,0.8069071249899136,0.008298431513459641,1.9589,1.308,0.8539709649871904,156.4,130.1,664.745,59.26,379.2,8.004736842105263,1406.8199462890625,2416.14990234375,12268.6298828125,17604.119140625,5516.31982421875,490.2099914550781,4305.22998046875,13045.0,19651.509765625,6171.5,6715.43994140625,98.23366,91.3,0.484725,0.284775,-0.725542169082435,-1.105375,-0.6757500000000001,96.16935729980469,98.1557388305664,90.95567321777344,58.37785714285714,27.484564576369806,20.558662847648186,11.155263157894737,0.26666666666666666,0.6166666666666667,0.75,0.1,0.4666666666666667,0.75,0.25,0.95,0.13333333333333333,0.5333333333333333,0.9833333333333333,0.25,0.95,0.6666666666666666,0.08333333333333333,0.8333333333333334,0.8166666666666667,0.5833333333333334,1.0,0.45,0.26666666666666666,0.65,0.8166666666666667,1.0,0.95,0.9333333333333333,0.9,0.8666666666666667,0.8,0.016666666666666666,0.03333333333333333,0.03333333333333333,0.5666666666666667,0.4,0.31666666666666665,0.85,0.6333333333333333,0.016666666666666666,0.9833333333333333,0.8333333333333334,0.7,0.13333333333333333,0.45,0.36666666666666664,0.6333333333333333,0.5,0.7833333333333333,0.55,0.4666666666666667,0.5333333333333333,0.38333333333333336,0.38333333333333336,0.7833333333333333,0.36666666666666664,0.5166666666666667,0.7333333333333333,0.7333333333333333,0.7333333333333333,0.43333333333333335,0.06666666666666667,0.016666666666666666,0.38333333333333336,0.5833333333333334,0.6,0.48333333333333334,0.6666666666666666,0.2833333333333333,0.65,0.08333333333333333,1
2007-03-01,66936.0,100.9547,79.285,-70644.0,1.28,13762.811,84.2,85.494,323708.0,4962.0,309400.0,8.141564318034906,17.22,6.156000000000001,1596.0,1.0169172932330828,1215.6537,7168.2,5.26,205.288,169.3,3.0,2.7976602,4.94,4.89,4.92,4.57,4.48,4.56,2.86,-0.01,-0.52,98.05774323463285,0.8211528986697323,0.008528057308545113,1.9474,1.3246,0.8560178051703476,154.3,132.6,654.8954545454545,60.56,397.3,7.11,1420.8599853515625,2421.639892578125,12354.349609375,17287.650390625,5634.16015625,510.5,4471.64990234375,13165.5,19800.9296875,6308.0,6917.02978515625,95.11342,88.4,0.38395999999999997,0.3771,-0.492676435272639,-0.8576,-0.6234,87.33650207519531,86.1521224975586,83.9186019897461,54.72451612903226,59.732663817455084,22.403890300003496,15.162727272727272,0.3333333333333333,0.6,0.9833333333333333,0.15,0.31666666666666665,0.7,0.18333333333333332,0.85,0.16666666666666666,0.43333333333333335,0.8,0.35,0.9333333333333333,0.45,0.1,0.8166666666666667,0.7833333333333333,0.7,1.0,0.55,0.31666666666666665,0.65,0.9,0.9333333333333333,0.8833333333333333,0.8333333333333334,0.7833333333333333,0.75,0.7,0.05,0.2,0.016666666666666666,0.4666666666666667,0.48333333333333334,0.4166666666666667,0.8166666666666667,0.6333333333333333,0.1,0.9666666666666667,0.9,0.6166666666666667,0.13333333333333333,0.4666666666666667,0.3333333333333333,0.6166666666666667,0.4166666666666667,0.75,0.35,0.38333333333333336,0.55,0.38333333333333336,0.3,0.8,0.31666666666666665,0.5,0.48333333333333334,0.48333333333333334,0.31666666666666665,0.8166666666666667,0.5166666666666667,0.25,0.5333333333333333,0.48333333333333334,0.45,0.45,0.7166666666666667,0.7,0.2833333333333333,0.48333333333333334,1
2007-04-01,66118.0,101.6334,79.5845,-68670.0,1.28,13784.697,84.281,85.616,322878.0,4689.0,320250.0,7.793911007025761,17.27,6.18,1470.0,1.046938775510204,1226.6366,7240.7,5.25,205.904,171.4,3.3,2.7184483,4.87,4.86,4.93,4.67,4.59,4.69,2.741904761904762,0.02,-0.32,96.82168845429933,0.8248102936324646,0.00840813773202256,1.9879,1.3513,0.8810572687224669,136.9,134.8,679.3684210526316,63.97,459.1,7.599,1482.3699951171875,2525.090087890625,13062.91015625,17400.41015625,5960.0400390625,530.8099975585938,4614.759765625,13416.7001953125,20318.98046875,6449.2001953125,7408.8701171875,93.7147,87.1,0.398225,0.363425,-0.268309773110609,-1.004475,-0.59575,76.6133804321289,69.22551727294922,83.41928100585938,44.371,31.232594761195553,27.83127901420889,12.933000000000002,0.43333333333333335,0.7166666666666667,0.9833333333333333,0.1,0.3333333333333333,0.75,0.16666666666666666,0.7166666666666667,0.11666666666666667,0.31666666666666665,0.9166666666666666,0.13333333333333333,0.8166666666666667,0.35,0.08333333333333333,0.85,0.7166666666666667,0.75,0.9666666666666667,0.5166666666666667,0.2833333333333333,0.9333333333333333,0.8666666666666667,0.8833333333333333,0.8333333333333334,0.8333333333333334,0.8166666666666667,0.8333333333333334,0.7666666666666667,0.03333333333333333,0.23333333333333334,0.11666666666666667,0.4,0.4166666666666667,0.3333333333333333,0.8666666666666667,0.6166666666666667,0.21666666666666667,0.9,0.7,0.2833333333333333,0.03333333333333333,0.45,0.35,0.8,0.6,0.8,0.36666666666666664,0.6,0.6,0.4166666666666667,0.3333333333333333,0.7333333333333333,0.38333333333333336,0.6666666666666666,0.5,0.5,0.36666666666666664,0.7166666666666667,0.75,0.1,0.7,0.4,0.35,0.5333333333333333,0.21666666666666667,0.31666666666666665,0.6833333333333333,0.3,1
2007-05-01,64975.0,101.7306,79.3763,-67895.0,1.27,13791.861,84.405,85.717,327266.0,4657.0,304250.0,8.04519309778143,17.34,6.2620000000000005,1493.0,1.028801071667783,1244.7308,7254.6,5.25,206.755,173.3,3.3,2.9243064,4.73,4.78,4.91,4.77,4.67,4.75,2.5660869565217395,-0.02,-0.12,95.99247721009074,0.8189337482597657,0.008279982645156376,1.9842,1.3518,0.9131586156515387,143.2,136.9,666.8595238095238,63.46,476.2,7.640909090909091,1530.6199951171875,2604.52001953125,13627.6396484375,17875.75,6104.0,540.3900146484375,4697.85986328125,14056.7998046875,20634.470703125,6621.5,7883.0400390625,95.00583,88.3,0.361,0.43420000000000003,-0.56705958088249,-0.9437,-0.56575,92.5995864868164,82.30323028564453,103.89258575439453,55.788387096774194,36.276646296704534,14.30858356329337,13.297727272727274,0.21666666666666667,0.75,0.9666666666666667,0.06666666666666667,0.23333333333333334,0.8,0.15,0.5,0.3,0.4,0.35,0.3333333333333333,0.95,0.35,0.16666666666666666,0.8166666666666667,0.6666666666666666,0.7833333333333333,0.9666666666666667,0.5166666666666667,0.35,0.9333333333333333,0.9666666666666667,0.8166666666666667,0.8,0.8,0.8666666666666667,0.85,0.8833333333333333,0.016666666666666666,0.16666666666666666,0.16666666666666666,0.6,0.18333333333333332,0.11666666666666667,0.43333333333333335,0.38333333333333336,0.26666666666666666,0.9,0.6833333333333333,0.016666666666666666,0.03333333333333333,0.2,0.5666666666666667,0.9,0.7833333333333333,0.9166666666666666,0.6166666666666667,0.85,0.85,0.8333333333333334,0.6833333333333333,0.9,0.8166666666666667,0.9333333333333333,0.9166666666666666,0.9166666666666666,0.21666666666666667,0.9333333333333333,0.38333333333333336,0.18333333333333332,0.8166666666666667,0.75,0.48333333333333334,0.8833333333333333,0.4666666666666667,0.18333333333333332,0.11666666666666667,0.35,1
2007-06-01,64874.0,101.7893,79.4851,-68735.0,1.28,13786.416,84.409,85.859,324076.0,4859.0,315200.0,7.874365482233503,17.41,6.657500000000001,1407.0,1.052594171997157,1263.9333,7287.8,5.25,207.234,173.8,3.4,3.214615,4.61,4.76,4.96,4.98,5.03,5.1,2.612727272727273,0.12,0.36,95.76080879778388,0.8110300081103,0.008150716529490109,1.9867,1.3421,0.9388789784996715,153.1,150.4,655.4904761904761,67.48,465.0,7.347142857142857,1503.3499755859375,2603.22998046875,13408.6201171875,18138.359375,6054.93017578125,548.2100219726562,4639.39990234375,13906.599609375,21772.73046875,6607.89990234375,8007.31982421875,91.778,85.3,0.400175,0.389175,-0.58451918335216,-0.7348,-0.5368,97.9723129272461,87.08059692382812,109.30941009521484,50.80166666666666,42.459964735377845,22.40590885035037,14.947619047619046,0.23333333333333334,0.6333333333333333,0.9666666666666667,0.11666666666666667,0.36666666666666664,0.7166666666666667,0.15,0.4166666666666667,0.1,0.45,0.8666666666666667,0.16666666666666666,0.9333333333333333,0.5833333333333334,0.13333333333333333,0.85,0.6833333333333333,0.75,0.9666666666666667,0.5,0.38333333333333336,0.9333333333333333,0.9833333333333333,0.7833333333333333,0.7833333333333333,0.85,0.9666666666666667,0.9666666666666667,0.9666666666666667,0.03333333333333333,0.31666666666666665,0.3,0.38333333333333336,0.21666666666666667,0.13333333333333333,0.5333333333333333,0.4,0.3333333333333333,0.9333333333333333,0.9666666666666667,0.25,0.08333333333333333,0.25,0.55,0.8666666666666667,0.7833333333333333,0.8833333333333333,0.6166666666666667,0.7666666666666667,0.9,0.6833333333333333,0.6833333333333333,0.9,0.6666666666666666,0.9333333333333333,0.6166666666666667,0.6166666666666667,0.38333333333333336,0.8166666666666667,0.31666666666666665,0.45,0.8666666666666667,0.5666666666666667,0.43333333333333335,0.6666666666666666,0.36666666666666664,0.3,0.5833333333333334,0.5,1
2007-07-01,64902.0,101.6672,79.2955,-69198.0,1.29,13795.953,84.666,85.988,325455.0,4598.0,313250.0,8.115722266560255,17.46,6.695,1361.0,1.127112417340191,1281.8644,7318.7,5.26,207.603,175.1,3.4,2.614408,4.82,4.83,4.96,4.82,4.88,5.0,3.3486363636363636,0.18,0.04,94.55681281043016,0.8285690612312535,0.008236228202822061,2.0355,1.3726,0.9521995810321843,133.3,159.1,665.2954545454545,74.18,484.2,6.222857142857143,1455.27001953125,2546.27001953125,13211.990234375,17248.890625,5751.080078125,533.989990234375,4384.47021484375,13868.599609375,23184.939453125,6360.10009765625,7584.14013671875,97.26531,90.4,0.43365,0.341075,-0.212112855007197,-0.572325,-0.40575,112.34625244140625,103.2634048461914,127.13468170166016,38.93387096774194,25.43432020815925,22.25153743110583,17.273333333333333,0.2,0.6,0.9333333333333333,0.06666666666666667,0.55,0.7833333333333333,0.11666666666666667,0.45,0.11666666666666667,0.4,0.65,0.38333333333333336,0.8666666666666667,0.5333333333333333,0.15,0.9333333333333333,0.7333333333333333,0.7166666666666667,1.0,0.35,0.4666666666666667,0.9333333333333333,0.7333333333333333,0.85,0.8166666666666667,0.85,0.8666666666666667,0.9166666666666666,0.9333333333333333,0.3333333333333333,0.35,0.21666666666666667,0.2,0.31666666666666665,0.2,0.7,0.5166666666666667,0.5166666666666667,0.85,0.9166666666666666,0.06666666666666667,0.18333333333333332,0.23333333333333334,0.25,0.8,0.8,0.8666666666666667,0.5666666666666667,0.55,0.6333333333333333,0.3333333333333333,0.5833333333333334,0.9333333333333333,0.36666666666666664,0.85,0.7833333333333333,0.7833333333333333,0.5166666666666667,0.6333333333333333,0.8,0.5833333333333334,0.9666666666666667,0.35,0.3333333333333333,0.5333333333333333,0.15,0.06666666666666667,0.2833333333333333,0.7,1
2007-08-01,66265.0,101.863,78.8946,-67060.0,1.28,13795.066,85.023,86.116,327444.0,4546.0,320000.0,7.978125,17.5,6.572,1321.0,1.1445874337623012,1306.9108,7394.8,5.02,207.667,172.4,3.2,2.6534371,4.2,4.38,4.47,4.31,4.43,4.67,4.31,0.36,0.35,95.06231291864772,0.8314625426124552,0.008566521178581983,2.011,1.3626,0.9452689290103033,126.0,172.9,665.4113636363636,72.39,462.3,6.228260869565217,1473.989990234375,2596.360107421875,13357.740234375,16569.08984375,5662.7001953125,522.72998046875,4350.830078125,13660.5,23984.140625,6303.2998046875,7638.169921875,89.7337,83.4,0.43088,0.42786,0.73946815402848,0.73468,0.0368,83.17320251464844,73.12574005126953,100.14825439453125,81.75161290322582,148.93293546856887,49.82382816529703,25.02608695652174,0.3333333333333333,0.4666666666666667,0.7166666666666667,0.05,0.38333333333333336,0.8,0.4,0.38333333333333336,0.16666666666666666,0.25,0.7666666666666667,0.3,0.85,0.6833333333333333,0.15,0.9333333333333333,0.7333333333333333,0.8666666666666667,0.7833333333333333,0.1,0.16666666666666666,0.7666666666666667,0.7666666666666667,0.6833333333333333,0.7,0.7,0.65,0.6833333333333333,0.7333333333333333,0.7333333333333333,0.45,0.31666666666666665,0.43333333333333335,0.3,0.4,0.4166666666666667,0.4166666666666667,0.38333333333333336,0.85,1.0,0.08333333333333333,0.18333333333333332,0.11666666666666667,0.16666666666666666,0.7333333333333333,0.7333333333333333,0.85,0.3,0.36666666666666664,0.5333333333333333,0.2833333333333333,0.36666666666666664,0.95,0.3,0.7833333333333333,0.6,0.6,0.48333333333333334,0.9333333333333333,0.95,0.9,1.0,0.11666666666666667,0.06666666666666667,0.21666666666666667,0.8166666666666667,0.6333333333333333,0.7666666666666667,0.8833333333333333,1
2007-09-01,65393.0,102.0894,78.9517,-67714.0,1.28,13813.791,85.095,86.351,328668.0,4652.0,313400.0,8.095724313975749,17.55,6.3825,1261.0,1.0753370340999207,1349.608,7413.0,4.94,208.547,173.5,3.1,2.5740481,3.89,4.05,4.14,4.01,4.2,4.52,4.424285714285714,0.51,0.53,93.8004457577201,0.8437394532568343,0.008692364192674945,2.0184,1.391,0.9739943508327652,124.2,215.5,712.6524999999999,79.93,462.3,6.068947368421053,1526.75,2701.5,13895.6298828125,16785.689453125,5715.68994140625,540.97998046875,4325.2900390625,14098.900390625,27142.470703125,6466.7998046875,7861.509765625,89.7337,83.4,0.41747500000000004,0.35885,0.351799418245042,1.124825,0.16025,94.4888687133789,94.93997955322266,92.24872589111328,79.89133333333332,154.1409047843251,30.1434160400047,22.198947368421056,0.06666666666666667,0.65,0.7666666666666667,0.08333333333333333,0.4,0.5666666666666667,0.15,0.5333333333333333,0.3,0.26666666666666666,0.6666666666666666,0.4,0.8333333333333334,0.5666666666666667,0.15,0.8333333333333334,1.0,0.8333333333333334,0.75,0.55,0.4,0.6666666666666666,0.6666666666666666,0.6666666666666666,0.6333333333333333,0.6166666666666667,0.6,0.6166666666666667,0.6333333333333333,0.7666666666666667,0.48333333333333334,0.36666666666666664,0.18333333333333332,0.43333333333333335,0.5833333333333334,0.4666666666666667,0.6166666666666667,0.6833333333333333,0.8333333333333334,1.0,0.65,0.5166666666666667,0.13333333333333333,0.6,0.8166666666666667,0.75,0.8666666666666667,0.31666666666666665,0.3333333333333333,0.5333333333333333,0.21666666666666667,0.7,1.0,0.43333333333333335,0.7833333333333333,0.4166666666666667,0.4166666666666667,0.4,0.6666666666666666,0.8833333333333333,0.9833333333333333,1.0,0.4,0.43333333333333335,0.38333333333333336,0.9666666666666667,0.9833333333333333,0.8833333333333333,0.8666666666666667,1
2007-10-01,64974.0,101.8015,78.7002,-68299.0,1.27,13796.513,85.162,86.576,330544.0,4636.0,328250.0,7.804265041888804,17.58,6.375,1192.0,1.1786912751677852,1375.0587,7428.1,4.76,209.19,174.7,3.1,2.2920506,3.9,4.01,4.1,3.97,4.2,4.53,4.160869565217391,0.56,0.53,91.9057619067124,0.8517162081594414,0.008630652106181186,2.0449,1.4233,1.025220422390814,124.8,227.5,754.6043478260871,86.2,478.2,6.735652173913043,1549.3800048828125,2859.1201171875,13930.009765625,16737.630859375,5847.9501953125,547.8499755859375,4441.81982421875,14625.0,31352.580078125,6721.60009765625,8019.22021484375,87.04385,80.9,0.44915,0.33747499999999997,0.341552854367855,0.633,-0.009,101.47301483154297,103.61026763916016,97.49516296386719,72.21290322580644,122.13596325685135,46.92905475542248,19.115652173913045,0.08333333333333333,0.55,0.5833333333333334,0.25,0.25,0.2833333333333333,0.06666666666666667,0.7,0.4666666666666667,0.31666666666666665,0.8833333333333333,0.15,0.7166666666666667,0.6,0.15,0.95,1.0,0.7,0.7,0.8166666666666667,0.8833333333333333,0.6666666666666666,0.48333333333333334,0.6666666666666666,0.6166666666666667,0.6,0.5833333333333334,0.6166666666666667,0.6333333333333333,0.6666666666666666,0.5,0.38333333333333336,0.1,0.6,0.5833333333333334,0.55,0.7333333333333333,0.9333333333333333,0.65,0.9833333333333333,0.85,0.8666666666666667,0.26666666666666666,0.5333333333333333,0.6833333333333333,0.7666666666666667,0.7333333333333333,0.26666666666666666,0.3333333333333333,0.5333333333333333,0.21666666666666667,0.6,1.0,0.4666666666666667,0.7333333333333333,0.06666666666666667,0.06666666666666667,0.55,0.6,0.8833333333333333,0.8833333333333333,0.9666666666666667,0.5,0.36666666666666664,0.75,0.9333333333333333,0.9666666666666667,0.9,0.7833333333333333,1
2007-11-01,65466.0,102.3446,78.9719,-71741.0,1.26,13787.506,85.34,86.746,334021.0,4646.0,336000.0,7.787946428571429,17.63,6.208,1224.0,1.1356209150326797,1394.4104,7453.6,4.49,210.834,179.0,3.4,2.6320037,3.27,3.46,3.5,3.34,3.67,4.15,5.3109090909090915,0.81,0.8,90.57748068468334,0.8902341315766047,0.009003096164771065,2.0701,1.4683,1.0339123242349049,144.8,218.0,806.2477272727273,94.62,439.2,7.1055,1481.1400146484375,2660.9599609375,13371.7197265625,15680.669921875,5670.56982421875,507.5799865722656,4162.5,13689.099609375,28643.609375,6432.5,7870.52001953125,81.87932,76.1,0.33612000000000003,0.49248000000000003,0.991661104889241,1.36342,0.275,89.79544830322266,95.73847961425781,81.56842803955078,64.19,94.69215130903407,31.16851382812986,25.58238095238095,0.08333333333333333,0.8166666666666667,0.7833333333333333,0.3333333333333333,0.16666666666666666,0.16666666666666666,0.11666666666666667,0.8333333333333334,0.5833333333333334,0.3,0.8166666666666667,0.13333333333333333,0.7,0.5,0.26666666666666666,0.9,1.0,0.7,0.6666666666666666,0.9833333333333333,0.9166666666666666,0.9333333333333333,0.7166666666666667,0.55,0.55,0.5333333333333333,0.45,0.38333333333333336,0.26666666666666666,0.8333333333333334,0.5666666666666667,0.4666666666666667,0.08333333333333333,0.7833333333333333,0.75,0.55,0.75,0.9333333333333333,0.43333333333333335,0.9666666666666667,0.8333333333333334,0.9333333333333333,0.21666666666666667,0.2,0.25,0.5333333333333333,0.5666666666666667,0.15,0.18333333333333332,0.38333333333333336,0.16666666666666666,0.15,0.95,0.23333333333333334,0.6,0.06666666666666667,0.06666666666666667,0.11666666666666667,1.0,1.0,1.0,1.0,0.6666666666666666,0.6833333333333333,0.6333333333333333,0.8333333333333334,0.8333333333333334,0.43333333333333335,0.9333333333333333,0
2007-12-01,68096.0,102.3803,78.9954,-69084.0,1.28,13846.539,85.286,86.92,329259.0,4545.0,348200.0,7.788627225732338,17.68,6.095,1149.0,1.155787641427328,1418.0137,7483.9,4.24,211.445,178.6,3.4,2.5437758,3.0,3.23,3.26,3.12,3.49,4.1,5.692380952380953,0.98,1.03,91.35653691179454,0.8770391159445711,0.00889292034611246,2.0161,1.4559,0.9979044007584074,165.7,265.9,803.2029411764706,91.73,423.0,7.131447368421053,1468.3599853515625,2652.280029296875,13264.8203125,15307.7802734375,5614.080078125,515.77001953125,4127.47021484375,13833.099609375,27812.650390625,6456.89990234375,8067.31982421875,81.23375,75.5,0.3853,0.43179999999999996,1.06037658668496,1.7573,0.55025,94.96749114990234,98.5313720703125,84.13076782226562,91.99612903225807,125.26931116373171,35.255457356730645,21.651,0.36666666666666664,0.4,0.7833333333333333,0.18333333333333332,0.45,0.13333333333333333,0.016666666666666666,0.8666666666666667,0.15,0.23333333333333334,0.95,0.15,0.6666666666666666,0.48333333333333334,0.03333333333333333,0.9333333333333333,1.0,0.6166666666666667,0.6166666666666667,0.9333333333333333,0.8666666666666667,0.9333333333333333,0.6333333333333333,0.5166666666666667,0.5166666666666667,0.45,0.4166666666666667,0.3333333333333333,0.2,0.8666666666666667,0.5833333333333334,0.5166666666666667,0.16666666666666666,0.5333333333333333,0.6833333333333333,0.25,0.6666666666666666,0.8833333333333333,0.7,1.0,0.8,0.8833333333333333,0.08333333333333333,0.3333333333333333,0.15,0.55,0.43333333333333335,0.11666666666666667,0.15,0.31666666666666665,0.15,0.13333333333333333,0.9,0.15,0.5333333333333333,0.06666666666666667,0.06666666666666667,0.3,0.9333333333333333,1.0,1.0,1.0,0.75,0.6,0.8333333333333334,1.0,1.0,0.8666666666666667,0.8833333333333333,0
2008-01-01,68408.0,102.2448,78.7582,-71650.0,1.27,13862.766,85.272,87.093,330478.0,4624.0,338750.0,8.261992619926199,17.74,5.758,1094.0,1.216636197440585,1440.7731,7517.5,3.94,212.174,181.0,3.4,2.466622,2.75,2.75,2.71,2.48,2.98,3.74,6.7586956521739125,1.26,0.92,90.6209299943665,0.9085953116481919,0.009274880562725553,1.9702,1.4728,0.9901970492127933,193.8,287.4,889.5954545454545,92.95,439.8,7.982857142857143,1378.550048828125,2389.860107421875,12650.3603515625,13592.4697265625,4869.7900390625,441.3299865722656,3722.22998046875,13155.099609375,23455.740234375,5879.7998046875,6851.75,84.35399,78.4,0.24972,0.5529,1.54529595971879,1.383175,0.431,81.49982452392578,76.40237426757812,83.74764251708984,182.06129032258065,238.28663733108766,87.34278232615918,25.816190476190474,0.55,0.4666666666666667,0.5666666666666667,0.35,0.2833333333333333,0.11666666666666667,0.016666666666666666,0.6666666666666666,0.18333333333333332,0.18333333333333332,0.9166666666666666,0.5333333333333333,0.6833333333333333,0.15,0.016666666666666666,0.9666666666666667,1.0,0.5833333333333334,0.5666666666666667,0.95,0.9833333333333333,0.9333333333333333,0.6,0.45,0.4166666666666667,0.4,0.26666666666666666,0.13333333333333333,0.05,0.95,0.6333333333333333,0.5,0.06666666666666667,0.8833333333333333,0.9166666666666666,0.18333333333333332,0.75,0.9166666666666666,0.8166666666666667,1.0,0.9333333333333333,0.9666666666666667,0.2833333333333333,0.6166666666666667,0.08333333333333333,0.08333333333333333,0.16666666666666666,0.06666666666666667,0.1,0.11666666666666667,0.1,0.1,0.45,0.1,0.13333333333333333,0.016666666666666666,0.016666666666666666,0.03333333333333333,1.0,1.0,0.9833333333333333,0.9833333333333333,0.35,0.3333333333333333,0.4,1.0,0.9833333333333333,0.8166666666666667,0.9666666666666667,0
2008-02-01,66568.0,101.8438,78.161,-74110.0,1.28,13877.177,84.977,87.178,327869.0,4279.0,346750.0,8.202595529920693,17.8,5.9175,1014.0,1.2564102564102564,1448.8634,7604.0,2.98,212.687,182.7,3.6,2.2977869,2.12,2.04,2.05,1.97,2.78,3.74,7.245238095238095,1.77,1.57,89.84417024239703,0.9182736455463728,0.00934317481080071,1.9646,1.4759,1.001401962747847,190.2,340.1,922.297619047619,95.35,474.2,8.5455,1330.6300048828125,2271.47998046875,12266.3896484375,13603.01953125,4790.66015625,446.5299987792969,3757.1201171875,13582.7001953125,24331.669921875,5884.2998046875,6748.1298828125,76.17681,70.8,0.337325,0.44755,1.2930158047805,1.27976,0.6032,80.75146484375,72.52851104736328,86.75279235839844,118.06724137931033,102.75051901663572,81.89583957484594,25.456,0.4,0.1,0.38333333333333336,0.5,0.48333333333333334,0.06666666666666667,0.016666666666666666,0.4166666666666667,0.03333333333333333,0.08333333333333333,0.9333333333333333,0.5333333333333333,0.65,0.2,0.016666666666666666,1.0,0.9833333333333333,0.85,0.45,0.9166666666666666,0.95,0.9333333333333333,0.43333333333333335,0.36666666666666664,0.35,0.2833333333333333,0.23333333333333334,0.06666666666666667,0.06666666666666667,0.9833333333333333,0.7166666666666667,0.5833333333333334,0.03333333333333333,0.9166666666666666,0.9666666666666667,0.18333333333333332,0.75,0.9166666666666666,0.7,1.0,0.9166666666666666,0.95,0.4166666666666667,0.38333333333333336,0.06666666666666667,0.05,0.13333333333333333,0.06666666666666667,0.1,0.13333333333333333,0.1,0.1,0.65,0.1,0.11666666666666667,0.016666666666666666,0.016666666666666666,0.11666666666666667,0.9333333333333333,0.9833333333333333,0.95,1.0,0.36666666666666664,0.3,0.6833333333333333,0.9333333333333333,0.95,0.9666666666666667,0.95,0
2008-03-01,66526.0,101.5336,77.8244,-70917.0,1.28,13893.695,85.189,87.349,328493.0,4225.0,363400.0,8.015410016510732,17.87,5.97,967.0,1.235780765253361,1470.5797,7670.0,2.61,213.448,187.9,4.3,1.9336763,1.26,1.48,1.54,1.62,2.48,3.51,8.098095238095238,1.89,2.23,88.06945425279794,0.9875567845151096,0.009924947546652215,2.0015,1.552,0.9971083856815237,217.8,347.3,968.4342105263158,105.56,504.8,9.411,1322.699951171875,2279.10009765625,12262.8896484375,12525.5400390625,4707.06982421875,442.42999267578125,3719.52001953125,13350.099609375,22849.19921875,5702.10009765625,6534.97021484375,74.77808,69.5,0.27302499999999996,0.496675,1.9376135222449,2.1467,0.93425,77.63613891601562,72.02967834472656,83.48439025878906,121.86903225806452,161.23567795565722,72.40856166193299,27.103500000000004,0.1,0.06666666666666667,0.36666666666666664,0.21666666666666667,0.5,0.05,0.03333333333333333,0.5833333333333334,0.016666666666666666,0.016666666666666666,1.0,0.4166666666666667,0.65,0.31666666666666665,0.016666666666666666,0.9833333333333333,1.0,0.9,0.4,0.8333333333333334,1.0,0.9833333333333333,0.2,0.25,0.25,0.23333333333333334,0.1,0.03333333333333333,0.03333333333333333,1.0,0.75,0.6833333333333333,0.016666666666666666,0.9833333333333333,1.0,0.3,0.8833333333333333,0.9,0.8,1.0,0.9666666666666667,0.9833333333333333,0.5,0.7833333333333333,0.05,0.05,0.08333333333333333,0.05,0.06666666666666667,0.06666666666666667,0.06666666666666667,0.08333333333333333,0.36666666666666664,0.06666666666666667,0.1,0.03333333333333333,0.03333333333333333,0.03333333333333333,0.9833333333333333,1.0,1.0,1.0,0.48333333333333334,0.43333333333333335,0.8,0.9666666666666667,0.8666666666666667,0.95,1.0,0
2008-04-01,69373.0,100.8785,77.0718,-74315.0,1.26,13854.44,85.327,87.4,328037.0,4035.0,359500.0,8.244784422809458,17.92,5.9175,1008.0,1.0138888888888888,1490.1961,7712.5,2.28,213.942,190.9,4.8,2.0175043,1.29,1.55,1.74,2.05,2.84,3.68,7.3931818181818185,1.63,2.37,87.72709573865514,0.9863878477017163,0.009739213091060668,1.9816,1.5754,0.9864851533984413,232.1,269.1,909.7045454545455,112.57,518.5,10.18,1385.5899658203125,2412.800048828125,12820.1298828125,13849.990234375,4996.5400390625,475.55999755859375,3925.429931640625,13937.0,25755.349609375,6087.2998046875,6948.81982421875,67.35407,62.6,0.39875,0.3821,1.62699078672907,1.81765,0.776,71.9048080444336,69.45796966552734,69.99274444580078,100.466,88.15247822632972,93.69977208202519,21.562727272727273,0.43333333333333335,0.016666666666666666,0.26666666666666666,0.36666666666666664,0.18333333333333332,0.03333333333333333,0.05,0.4166666666666667,0.05,0.03333333333333333,0.9666666666666667,0.5666666666666667,0.6333333333333333,0.23333333333333334,0.06666666666666667,0.6,1.0,0.85,0.36666666666666664,0.8,1.0,1.0,0.26666666666666666,0.26666666666666666,0.25,0.23333333333333334,0.23333333333333334,0.1,0.06666666666666667,0.9833333333333333,0.7,0.7166666666666667,0.03333333333333333,0.9666666666666667,0.9833333333333333,0.18333333333333332,0.8666666666666667,0.7333333333333333,0.8833333333333333,0.9333333333333333,0.8666666666666667,1.0,0.23333333333333334,0.8,0.05,0.05,0.05,0.08333333333333333,0.06666666666666667,0.11666666666666667,0.08333333333333333,0.08333333333333333,0.6666666666666666,0.06666666666666667,0.05,0.016666666666666666,0.016666666666666666,0.36666666666666664,0.7833333333333333,0.9833333333333333,0.9833333333333333,0.9833333333333333,0.55,0.6166666666666667,0.35,0.9666666666666667,0.8833333333333333,0.95,0.8833333333333333,0
2008-05-01,68443.0,100.2674,76.6191,-73868.0,1.26,14441.892,85.486,87.559,331088.0,4194.0,366800.0,8.215921483097055,17.98,6.036,995.0,1.1477386934673366,1491.5275,7725.2,1.98,215.208,196.6,5.2,2.2868435,1.73,1.82,2.06,2.45,3.15,3.88,6.685652173913044,1.43,2.12,88.02986302135244,0.9571209800918836,0.009582261317848399,1.965,1.5554,1.0007004903432404,228.3,249.4,888.6625,125.39,510.4,11.26761904761905,1400.3800048828125,2522.659912109375,12638.3203125,14338.5400390625,5014.27978515625,485.5199890136719,3751.409912109375,14714.7001953125,24533.119140625,6053.5,7096.7900390625,64.34143,59.8,0.45784,0.32148000000000004,1.04081023417213,1.1211600000000002,0.516,72.57379913330078,70.67774963378906,74.78978729248047,84.7341935483871,48.319723088065395,41.391351580651616,18.303333333333335,0.43333333333333335,0.016666666666666666,0.21666666666666667,0.38333333333333336,0.2,0.95,0.06666666666666667,0.5333333333333333,0.016666666666666666,0.06666666666666667,1.0,0.5666666666666667,0.5833333333333334,0.25,0.05,0.85,0.9166666666666666,0.85,0.31666666666666665,0.8666666666666667,1.0,1.0,0.4,0.31666666666666665,0.3,0.2833333333333333,0.25,0.16666666666666666,0.11666666666666667,0.9333333333333333,0.6666666666666666,0.6833333333333333,0.15,0.9666666666666667,0.9666666666666667,0.16666666666666666,0.8666666666666667,0.65,0.85,0.9,0.85,1.0,0.16666666666666666,0.8666666666666667,0.016666666666666666,0.08333333333333333,0.016666666666666666,0.08333333333333333,0.03333333333333333,0.11666666666666667,0.03333333333333333,0.1,0.5,0.05,0.03333333333333333,0.016666666666666666,0.016666666666666666,0.6166666666666667,0.48333333333333334,0.9166666666666666,0.8833333333333333,0.9333333333333333,0.2833333333333333,0.48333333333333334,0.26666666666666666,0.8666666666666667,0.6666666666666666,0.9,0.7833333333333333,0
2008-06-01,67754.0,100.0335,76.1328,-72286.0,1.25,14094.894,85.328,87.76,331764.0,3830.0,383250.0,7.978473581213307,18.04,6.32,1180.0,0.9677966101694915,1498.3048,7743.9,2.0,217.463,200.5,5.1,2.7285115,1.86,2.13,2.42,2.77,3.49,4.1,6.730952380952381,1.33,2.21,88.2179902649699,0.9642271719217048,0.009353207027625633,1.9664,1.5562,0.9836710603974032,256.0,233.7,889.4880952380952,133.93,496.9,12.68238095238095,1280.0,2292.97998046875,11350.009765625,13481.3798828125,4434.85009765625,425.92999267578125,3168.219970703125,14467.0,22102.009765625,5625.89990234375,6418.31982421875,60.68322,56.4,0.3474,0.47405,1.68588615874228,1.40285,0.6335,87.54842376708984,88.88606262207031,80.34490203857422,98.481,51.213192443622845,43.10307346044523,22.11047619047619,0.36666666666666664,0.016666666666666666,0.2,0.31666666666666665,0.11666666666666667,0.23333333333333334,0.03333333333333333,0.7,0.15,0.016666666666666666,1.0,0.36666666666666664,0.5666666666666667,0.18333333333333332,0.4,0.5333333333333333,0.8833333333333333,0.7833333333333333,0.31666666666666665,1.0,1.0,0.9833333333333333,0.8333333333333334,0.3333333333333333,0.35,0.35,0.36666666666666664,0.3333333333333333,0.2,0.9333333333333333,0.65,0.7,0.18333333333333332,0.9666666666666667,0.95,0.16666666666666666,0.8833333333333333,0.23333333333333334,0.8666666666666667,0.8333333333333334,0.8666666666666667,1.0,0.15,0.9333333333333333,0.016666666666666666,0.016666666666666666,0.016666666666666666,0.03333333333333333,0.016666666666666666,0.016666666666666666,0.016666666666666666,0.06666666666666667,0.03333333333333333,0.016666666666666666,0.016666666666666666,0.016666666666666666,0.016666666666666666,0.16666666666666666,0.95,0.9833333333333333,0.95,0.9666666666666667,0.5333333333333333,0.6666666666666666,0.2833333333333333,0.9,0.6166666666666667,0.8166666666666667,0.9,0
2008-07-01,67856.0,99.676,75.4485,-77628.0,1.26,13867.615,84.917,87.918,330301.0,3749.0,398000.0,7.980527638190955,18.1,6.425999999999999,921.0,1.1802388707926168,1512.2658,7791.2,2.01,219.016,205.5,5.1,2.9490198,1.63,1.93,2.28,2.57,3.3,4.01,7.748695652173913,1.44,2.35,87.58976652517262,0.9724788485850433,0.00935875670788887,1.9888,1.5759,0.987166831194472,240.5,217.8,939.7717391304348,133.44,510.1,11.08363636363636,1267.3800048828125,2325.550048828125,11378.01953125,13376.8095703125,4392.35986328125,399.95001220703125,2994.3798828125,13592.900390625,22731.099609375,5411.89990234375,6479.56005859375,65.84776,61.2,0.29384,0.50132,2.45703870365151,1.657575,0.7404999999999999,89.73957061767578,84.3224868774414,88.16068267822266,101.74806451612903,94.88114732633973,28.957535994515037,24.321818181818184,0.4,0.016666666666666666,0.11666666666666667,0.5666666666666667,0.23333333333333334,0.05,0.016666666666666666,0.7,0.05,0.03333333333333333,1.0,0.38333333333333336,0.5666666666666667,0.21666666666666667,0.08333333333333333,0.9,0.85,0.85,0.31666666666666665,1.0,1.0,0.9833333333333333,0.95,0.26666666666666666,0.3,0.3333333333333333,0.3,0.21666666666666667,0.13333333333333333,0.9833333333333333,0.7,0.75,0.23333333333333334,0.95,0.9333333333333333,0.15,0.8333333333333334,0.16666666666666666,0.95,0.8166666666666667,0.9166666666666666,0.9666666666666667,0.13333333333333333,0.95,0.03333333333333333,0.03333333333333333,0.03333333333333333,0.06666666666666667,0.03333333333333333,0.016666666666666666,0.03333333333333333,0.016666666666666666,0.016666666666666666,0.016666666666666666,0.03333333333333333,0.03333333333333333,0.03333333333333333,0.06666666666666667,0.9833333333333333,1.0,0.95,0.9666666666666667,0.3,0.4,0.23333333333333334,0.9833333333333333,0.9333333333333333,0.6166666666666667,0.9166666666666666,0
2008-08-01,66142.0,98.1111,74.544,-71541.0,1.29,13780.34,84.907,88.026,327296.0,3674.0,433000.0,7.8013856812933025,18.18,6.4775,858.0,1.1853146853146854,1512.8682,7805.8,2.0,218.69,199.0,4.8,3.0525448,1.72,1.92,2.18,2.42,3.14,3.89,8.19909090909091,1.47,2.14,89.87797435648193,0.9224241306152569,0.009143910521349203,1.8865,1.4955,0.9492168960607498,205.4,218.9,839.025,116.61,479.5,8.251428571428571,1282.8299560546875,2367.52001953125,11543.9599609375,13072.8701171875,4482.60009765625,412.8399963378906,3136.0,13771.2998046875,21261.890625,5636.60009765625,6422.2998046875,67.78445,63.0,0.36812500000000004,0.410325,1.76512281660146,1.6230799999999999,0.7220000000000001,88.55410766601562,75.76971435546875,105.06571197509766,91.43612903225807,66.7889949827039,40.370646482149155,20.695714285714285,0.08333333333333333,0.016666666666666666,0.016666666666666666,0.35,0.7666666666666667,0.016666666666666666,0.016666666666666666,0.6833333333333333,0.016666666666666666,0.03333333333333333,1.0,0.18333333333333332,0.75,0.43333333333333335,0.05,0.9,0.8166666666666667,0.5833333333333334,0.3,0.9833333333333333,0.9833333333333333,0.95,0.9666666666666667,0.2833333333333333,0.2833333333333333,0.3,0.2,0.13333333333333333,0.11666666666666667,1.0,0.7166666666666667,0.7,0.3333333333333333,0.8166666666666667,0.7166666666666667,0.1,0.6333333333333333,0.1,0.8333333333333334,0.75,0.6666666666666666,0.8666666666666667,0.08333333333333333,0.8,0.03333333333333333,0.03333333333333333,0.05,0.1,0.05,0.05,0.05,0.03333333333333333,0.016666666666666666,0.05,0.03333333333333333,0.08333333333333333,0.08333333333333333,0.2833333333333333,0.8166666666666667,0.9666666666666667,0.9333333333333333,0.95,0.8666666666666667,0.7166666666666667,0.8666666666666667,0.6833333333333333,0.23333333333333334,0.4,0.8333333333333334,0
2008-09-01,63854.0,93.7895,72.0301,-70455.0,1.31,13789.923,84.343,88.116,321568.0,3222.0,464000.0,7.589978448275862,18.2,6.0375,797.0,1.4554579673776662,1530.4048,7872.4,1.81,218.877,196.9,4.3,2.7309252,1.13,1.61,1.91,2.08,2.88,3.69,9.19,1.61,2.54,92.03803887487736,0.9007386056566384,0.009383081178665126,1.7973,1.4342,0.945000945000945,201.4,196.1,829.9318181818181,103.9,451.9,7.621052631578947,1166.3599853515625,2091.8798828125,10850.66015625,11259.8603515625,4032.10009765625,331.45001220703125,2672.199951171875,11752.900390625,18016.2109375,4902.5,5831.02001953125,75.63884,70.3,0.3189,0.495625,2.81449905711813,3.14215,1.3875,88.54255676269531,82.01426696777344,94.46100616455078,183.9743333333333,202.17209292061722,30.550759500004766,30.23857142857143,0.03333333333333333,0.016666666666666666,0.016666666666666666,0.31666666666666665,0.9833333333333333,0.016666666666666666,0.016666666666666666,0.26666666666666666,0.016666666666666666,0.016666666666666666,1.0,0.06666666666666667,0.5833333333333334,0.13333333333333333,0.03333333333333333,1.0,0.5166666666666667,0.8,0.23333333333333334,0.9666666666666667,0.95,0.9,0.8,0.15,0.2,0.18333333333333332,0.18333333333333332,0.08333333333333333,0.05,1.0,0.7666666666666667,0.8166666666666667,0.85,0.5833333333333334,0.7333333333333333,0.016666666666666666,0.23333333333333334,0.016666666666666666,0.8166666666666667,0.06666666666666667,0.48333333333333334,0.5,0.016666666666666666,0.7166666666666667,0.016666666666666666,0.016666666666666666,0.016666666666666666,0.016666666666666666,0.016666666666666666,0.016666666666666666,0.016666666666666666,0.016666666666666666,0.016666666666666666,0.016666666666666666,0.016666666666666666,0.21666666666666667,0.21666666666666667,0.1,0.95,1.0,1.0,1.0,0.5833333333333334,0.5166666666666667,0.85,0.95,0.6166666666666667,0.48333333333333334,1.0,0
2008-10-01,59330.0,94.7219,71.6296,-70138.0,1.36,13883.254,84.213,87.991,308968.0,3377.0,475250.0,7.850604944765912,18.25,6.2,736.0,1.4334239130434783,1586.9164,7974.9,0.97,216.995,186.4,3.9,1.6072395,0.67,1.2,1.42,1.61,2.73,3.81,14.942608695652174,2.2,3.12,98.18790744567,0.8749671887304226,0.010003411163206653,1.6862,1.3266,0.8440955516164429,152.6,161.3,806.6195652173913,76.65,376.9,6.736086956521739,968.75,1720.949951171875,9325.009765625,8576.98046875,3487.070068359375,267.69000244140625,2100.179931640625,9762.7998046875,13968.669921875,4377.2998046875,4987.97021484375,61.97436,57.6,0.36324,0.46984000000000004,5.74155491489967,8.49264,2.4764,64.15979766845703,53.11738967895508,75.28266143798828,243.4674193548387,181.9019391971883,63.263959590133325,61.17739130434782,0.016666666666666666,0.03333333333333333,0.016666666666666666,0.2833333333333333,1.0,0.1,0.016666666666666666,0.03333333333333333,0.016666666666666666,0.03333333333333333,0.9833333333333333,0.25,0.6666666666666666,0.36666666666666664,0.03333333333333333,0.9833333333333333,0.7833333333333333,1.0,0.016666666666666666,0.7,0.5,0.8333333333333334,0.016666666666666666,0.016666666666666666,0.11666666666666667,0.1,0.03333333333333333,0.03333333333333333,0.1,1.0,0.9,0.8666666666666667,1.0,0.35,0.9833333333333333,0.016666666666666666,0.1,0.016666666666666666,0.6333333333333333,0.016666666666666666,0.15,0.03333333333333333,0.016666666666666666,0.26666666666666666,0.016666666666666666,0.016666666666666666,0.016666666666666666,0.016666666666666666,0.016666666666666666,0.016666666666666666,0.016666666666666666,0.016666666666666666,0.016666666666666666,0.016666666666666666,0.016666666666666666,0.06666666666666667,0.06666666666666667,0.2833333333333333,0.9,1.0,1.0,1.0,0.13333333333333333,0.06666666666666667,0.3,1.0,0.7,0.6333333333333333,1.0,0
2008-11-01,60759.0,93.4715,69.9172,-53601.0,1.44,13982.019,83.955,87.952,295396.0,3231.0,519800.0,7.881108118507118,18.31,6.0875,626.0,1.718849840255591,1576.3301,8027.0,0.39,213.153,176.8,2.9,0.78457206,0.19,0.73,1.07,1.21,2.29,3.53,17.959047619047617,2.32,3.34,100.61555724759478,0.8396305625524769,0.010312935721534236,1.5327,1.2744,0.8216251745953496,144.9,155.7,760.8625,57.44,300.0,6.696666666666667,896.239990234375,1535.5699462890625,8829.0400390625,8512.26953125,3262.679931640625,252.5500030517578,1881.4599609375,9270.599609375,13888.240234375,4288.0,4669.43994140625,59.49969,55.3,0.34695,0.44465,5.81913750511248,6.721525,2.989,79.08097076416016,68.30364990234375,95.14356231689453,220.64866666666666,142.7077397772439,86.6348179981887,62.66894736842105,0.03333333333333333,0.016666666666666666,0.016666666666666666,0.016666666666666666,1.0,0.15,0.016666666666666666,0.016666666666666666,0.016666666666666666,0.03333333333333333,1.0,0.2833333333333333,0.7166666666666667,0.43333333333333335,0.016666666666666666,1.0,0.45,1.0,0.016666666666666666,0.016666666666666666,0.03333333333333333,0.18333333333333332,0.016666666666666666,0.016666666666666666,0.016666666666666666,0.016666666666666666,0.016666666666666666,0.016666666666666666,0.03333333333333333,1.0,0.95,0.9333333333333333,1.0,0.11666666666666667,0.9166666666666666,0.016666666666666666,0.016666666666666666,0.016666666666666666,0.2833333333333333,0.03333333333333333,0.016666666666666666,0.016666666666666666,0.016666666666666666,0.2,0.016666666666666666,0.016666666666666666,0.016666666666666666,0.03333333333333333,0.016666666666666666,0.03333333333333333,0.016666666666666666,0.03333333333333333,0.03333333333333333,0.03333333333333333,0.016666666666666666,0.1,0.1,0.2,0.8333333333333334,1.0,0.9833333333333333,1.0,0.48333333333333334,0.2,0.9333333333333333,1.0,0.7,0.9,1.0,0
2008-12-01,55512.0,90.8357,67.6607,-51983.0,1.47,13891.878,83.711,87.909,287571.0,3146.0,564000.0,8.018173758865249,18.39,5.286,554.0,1.8429602888086642,1559.194,8204.7,0.16,211.398,170.9,1.7,0.28299557,0.03,0.26,0.49,0.82,1.52,2.42,20.286956521739132,1.6,2.39,99.53419303281511,0.876885303402315,0.010955902492467817,1.4854,1.3511,0.8105698305909054,126.0,144.9,816.0921052631579,41.02,271.8,5.836190476190476,903.25,1577.030029296875,8776.3896484375,8859.5595703125,3217.969970703125,245.94000244140625,1908.6400146484375,8987.7001953125,14387.48046875,4434.2001953125,4810.2001953125,64.66422,60.1,0.332125,0.41775,5.66836381973663,6.0906,2.91125,92.3664321899414,83.84313201904297,109.21497344970703,165.27870967741936,113.55094716338263,35.952156642662295,52.405,0.016666666666666666,0.016666666666666666,0.016666666666666666,0.03333333333333333,1.0,0.06666666666666667,0.016666666666666666,0.016666666666666666,0.016666666666666666,0.016666666666666666,1.0,0.5333333333333333,0.8,0.016666666666666666,0.016666666666666666,1.0,0.26666666666666666,1.0,0.016666666666666666,0.016666666666666666,0.016666666666666666,0.016666666666666666,0.016666666666666666,0.016666666666666666,0.016666666666666666,0.016666666666666666,0.016666666666666666,0.016666666666666666,0.016666666666666666,1.0,0.7666666666666667,0.8,0.9833333333333333,0.26666666666666666,1.0,0.016666666666666666,0.11666666666666667,0.03333333333333333,0.13333333333333333,0.016666666666666666,0.05,0.016666666666666666,0.016666666666666666,0.15,0.03333333333333333,0.03333333333333333,0.03333333333333333,0.05,0.016666666666666666,0.016666666666666666,0.03333333333333333,0.016666666666666666,0.05,0.05,0.03333333333333333,0.16666666666666666,0.16666666666666666,0.13333333333333333,0.7666666666666667,0.9666666666666667,0.9666666666666667,0.9833333333333333,0.7,0.43333333333333335,0.9666666666666667,0.8166666666666667,0.45,0.5,0.9666666666666667,0
2009-01-01,49530.0,88.57,65.5546,-47164.0,1.48,13762.24,84.092,87.882,292449.0,2738.0,572000.0,8.498601398601398,18.39,5.047499999999999,545.0,1.4256880733944954,1544.5985,8289.0,0.15,211.933,171.2,2.2,0.47357505,0.13,0.3,0.44,0.81,1.6,2.52,16.79391304347826,1.71,2.39,100.13504278892634,0.8875477056891807,0.01109625445930726,1.4462,1.3244,0.8164598301763553,139.8,159.6,858.6904761904761,41.74,263.4,5.233,825.8800048828125,1476.4200439453125,8000.85986328125,7994.0498046875,2973.919921875,248.60000610351562,1900.0899658203125,8694.900390625,13278.2099609375,4149.60009765625,4338.35009765625,65.84776,61.2,0.30562,0.46134000000000003,5.78153911812071,4.18802,2.3162,85.36947631835938,86.31317138671875,89.7125473022461,215.2174193548387,71.87853069662651,45.713820281257135,44.683,0.016666666666666666,0.016666666666666666,0.016666666666666666,0.016666666666666666,1.0,0.016666666666666666,0.05,0.016666666666666666,0.05,0.016666666666666666,1.0,0.85,0.4666666666666667,0.03333333333333333,0.03333333333333333,0.9333333333333333,0.23333333333333334,1.0,0.016666666666666666,0.016666666666666666,0.016666666666666666,0.03333333333333333,0.03333333333333333,0.03333333333333333,0.03333333333333333,0.016666666666666666,0.016666666666666666,0.03333333333333333,0.03333333333333333,0.9666666666666667,0.8166666666666667,0.8166666666666667,0.9833333333333333,0.16666666666666666,0.9833333333333333,0.016666666666666666,0.05,0.06666666666666667,0.06666666666666667,0.03333333333333333,0.03333333333333333,0.03333333333333333,0.016666666666666666,0.06666666666666667,0.016666666666666666,0.06666666666666667,0.016666666666666666,0.06666666666666667,0.06666666666666667,0.06666666666666667,0.06666666666666667,0.03333333333333333,0.06666666666666667,0.06666666666666667,0.06666666666666667,0.15,0.15,0.08333333333333333,0.8666666666666667,0.9833333333333333,0.95,0.95,0.8166666666666667,0.8166666666666667,0.85,0.6833333333333333,0.1,0.25,0.95,0
2009-02-01,50163.0,88.031,65.5782,-37359.0,1.45,13603.699,83.747,87.952,291429.0,2864.0,644000.0,8.225155279503106,18.44,5.13,558.0,1.467741935483871,1532.4425,8319.3,0.22,212.705,169.3,1.9,0.38164688,0.3,0.45,0.62,0.98,1.87,2.87,16.536190476190477,1.89,2.57,102.66088986792329,0.8591803419537761,0.010762432223583071,1.4422,1.2797,0.8030838419530999,146.0,158.4,943.1625,39.16,259.6,4.505789473684211,735.0900268554688,1377.8399658203125,7062.93017578125,7568.419921875,2702.47998046875,219.80999755859375,1696.5799560546875,8123.0,12811.5703125,3830.10009765625,3843.739990234375,60.57563,56.3,0.2587,0.48782500000000006,4.85756981476789,3.897225,2.11675,67.45267486572266,64.77291107177734,64.58635711669922,238.85999999999999,145.24662625226426,44.19855724340865,45.57052631578947,0.03333333333333333,0.016666666666666666,0.03333333333333333,0.016666666666666666,0.9666666666666667,0.016666666666666666,0.05,0.016666666666666666,0.06666666666666667,0.03333333333333333,1.0,0.7,0.43333333333333335,0.016666666666666666,0.06666666666666667,0.9666666666666667,0.2,0.9666666666666667,0.05,0.05,0.016666666666666666,0.03333333333333333,0.03333333333333333,0.06666666666666667,0.05,0.05,0.05,0.05,0.05,0.95,0.9,0.8666666666666667,1.0,0.11666666666666667,0.9,0.03333333333333333,0.016666666666666666,0.03333333333333333,0.16666666666666666,0.016666666666666666,0.08333333333333333,0.016666666666666666,0.016666666666666666,0.06666666666666667,0.016666666666666666,0.06666666666666667,0.016666666666666666,0.05,0.016666666666666666,0.05,0.016666666666666666,0.016666666666666666,0.06666666666666667,0.016666666666666666,0.016666666666666666,0.18333333333333332,0.18333333333333332,0.03333333333333333,0.9166666666666666,0.9333333333333333,0.9333333333333333,0.9333333333333333,0.31666666666666665,0.5,0.26666666666666666,0.85,0.6166666666666667,0.26666666666666666,0.95,0
2009-03-01,49254.0,86.6528,64.4771,-38976.0,1.47,13570.847,83.401,88.015,286022.0,2534.0,659250.0,8.745923397800532,18.49,5.0025,513.0,1.635477582846004,1511.0127,8386.4,0.18,212.495,168.1,2.0,-0.48067803,0.21,0.42,0.64,0.93,1.82,2.82,17.837727272727275,1.89,2.6,103.10603860942854,0.8654262224145391,0.010219201880333146,1.417,1.305,0.7908264136022144,147.9,158.4,924.2727272727273,47.98,261.0,3.957727272727273,797.8699951171875,1528.5899658203125,7608.919921875,8109.52978515625,2807.340087890625,216.97999572753906,1748.739990234375,8720.400390625,13576.01953125,3926.10009765625,4084.760009765625,61.65157,57.3,0.326875,0.5135,4.8284677847977,3.8362749999999997,2.0505,72.64462280273438,69.17710876464844,74.83297729492188,189.9348387096774,93.09614136219305,59.43964631641906,44.79545454545455,0.03333333333333333,0.016666666666666666,0.016666666666666666,0.03333333333333333,0.9833333333333333,0.016666666666666666,0.016666666666666666,0.016666666666666666,0.016666666666666666,0.03333333333333333,0.9833333333333333,0.9833333333333333,0.4,0.016666666666666666,0.06666666666666667,0.9666666666666667,0.16666666666666666,0.95,0.05,0.016666666666666666,0.016666666666666666,0.05,0.016666666666666666,0.06666666666666667,0.05,0.06666666666666667,0.05,0.05,0.05,0.9666666666666667,0.9166666666666666,0.8833333333333333,1.0,0.016666666666666666,0.5666666666666667,0.016666666666666666,0.016666666666666666,0.016666666666666666,0.05,0.016666666666666666,0.03333333333333333,0.06666666666666667,0.016666666666666666,0.03333333333333333,0.05,0.1,0.03333333333333333,0.1,0.08333333333333333,0.05,0.06666666666666667,0.05,0.1,0.08333333333333333,0.08333333333333333,0.2833333333333333,0.2833333333333333,0.15,0.9833333333333333,0.9166666666666666,0.9166666666666666,0.9166666666666666,0.5166666666666667,0.5166666666666667,0.5,0.7666666666666667,0.26666666666666666,0.43333333333333335,0.9333333333333333,0
2009-04-01,47096.0,85.9344,64.107,-39544.0,1.45,13601.477,83.277,88.211,287530.0,2295.0,627750.0,9.851851851851851,18.52,4.8100000000000005,521.0,1.6238003838771593,1491.647,8391.1,0.15,212.709,169.1,2.8,1.2289362,0.16,0.35,0.55,0.93,1.86,2.93,15.623636363636365,2.0,2.77,100.55254196972881,0.8710042679209129,0.010109179134654266,1.4712,1.3199,0.8168599901976802,150.1,152.3,890.2,49.79,298.1,3.494761904761905,872.8099975585938,1717.300048828125,8168.1201171875,8828.259765625,3159.85009765625,240.75999450683594,1953.3499755859375,9324.7998046875,15520.990234375,4243.7001953125,4769.4501953125,70.04394,65.1,0.38083999999999996,0.39892,4.70606526709715,2.8280250000000002,1.5907499999999999,85.6884994506836,84.48536682128906,83.98128509521484,139.217,71.0436356717149,14.439136333031449,38.063809523809525,0.016666666666666666,0.016666666666666666,0.016666666666666666,0.03333333333333333,0.95,0.05,0.016666666666666666,0.06666666666666667,0.05,0.016666666666666666,0.9666666666666667,1.0,0.36666666666666664,0.016666666666666666,0.06666666666666667,0.95,0.1,0.9333333333333333,0.03333333333333333,0.016666666666666666,0.016666666666666666,0.13333333333333333,0.1,0.05,0.05,0.05,0.06666666666666667,0.06666666666666667,0.08333333333333333,0.9166666666666666,0.95,0.9,0.9833333333333333,0.05,0.6166666666666667,0.1,0.016666666666666666,0.11666666666666667,0.03333333333333333,0.08333333333333333,0.06666666666666667,0.03333333333333333,0.05,0.016666666666666666,0.11666666666666667,0.11666666666666667,0.06666666666666667,0.1,0.11666666666666667,0.1,0.1,0.1,0.11666666666666667,0.1,0.11666666666666667,0.8,0.8,0.4166666666666667,0.6833333333333333,0.9,0.8833333333333333,0.9,0.9166666666666666,0.8833333333333333,0.9166666666666666,0.6833333333333333,0.38333333333333336,0.03333333333333333,0.9,0
2009-05-01,48652.0,85.0665,63.5243,-35595.0,1.43,13779.884,83.353,88.279,290215.0,2549.0,612000.0,10.662745098039215,18.53,4.8575,556.0,1.4712230215827338,1469.7132,8449.2,0.18,213.022,170.8,2.8,1.2972457,0.18,0.3,0.5,0.93,2.13,3.29,12.50590909090909,2.36,3.11,97.66559713938388,0.9028530155290719,0.01034720030627713,1.5418,1.3646,0.8674531575294934,166.2,165.3,928.6447368421053,59.16,309.2,3.8315,919.1400146484375,1774.3299560546875,8500.330078125,9522.5,3277.64990234375,259.45001220703125,2071.3701171875,10370.099609375,18171.0,4417.89990234375,4940.81982421875,73.91733,68.7,0.404975,0.40635,3.2217334826846,1.79102,1.0396,89.68086242675781,86.63702392578125,92.64315032958984,122.90709677419355,88.83601038763258,18.718312628337785,31.977999999999998,0.03333333333333333,0.016666666666666666,0.016666666666666666,0.016666666666666666,0.9,0.016666666666666666,0.016666666666666666,0.03333333333333333,0.06666666666666667,0.06666666666666667,0.9333333333333333,1.0,0.31666666666666665,0.016666666666666666,0.11666666666666667,0.9333333333333333,0.08333333333333333,0.95,0.08333333333333333,0.016666666666666666,0.016666666666666666,0.15,0.11666666666666667,0.06666666666666667,0.05,0.05,0.08333333333333333,0.1,0.1,0.8833333333333333,1.0,0.9333333333333333,0.9333333333333333,0.18333333333333332,0.7666666666666667,0.11666666666666667,0.08333333333333333,0.13333333333333333,0.13333333333333333,0.1,0.15,0.1,0.08333333333333333,0.016666666666666666,0.13333333333333333,0.11666666666666667,0.13333333333333333,0.13333333333333333,0.13333333333333333,0.11666666666666667,0.13333333333333333,0.13333333333333333,0.15,0.13333333333333333,0.13333333333333333,0.9833333333333333,0.9833333333333333,0.55,0.6833333333333333,0.8833333333333333,0.8333333333333334,0.8666666666666667,0.9166666666666666,0.8833333333333333,0.9333333333333333,0.6833333333333333,0.75,0.21666666666666667,0.8833333333333333,0
2009-06-01,50533.0,84.7459,63.4322,-36844.0,1.38,13544.781,83.376,88.392,295458.0,2503.0,598250.0,10.92227329711659,18.56,5.42,601.0,1.3261231281198003,1436.3434,8459.3,0.21,214.79,174.1,3.1,1.2745119,0.18,0.31,0.51,1.18,2.71,3.72,10.80590909090909,2.54,3.54,96.4176006881721,0.9251549634563789,0.010350413240248615,1.6369,1.4014,0.8877840909090908,173.9,172.8,945.6704545454545,69.68,321.1,3.8,919.3200073242188,1835.0400390625,8447.0,9958.4404296875,3140.43994140625,254.7100067138672,2030.97998046875,10374.900390625,18378.73046875,4249.2001953125,4808.64013671875,76.17681,70.8,0.37035,0.427675,1.87926905559634,1.375975,0.7777499999999999,81.10958862304688,80.80081939697266,74.5913314819336,107.17366666666666,44.0260669570884,42.78323491733735,29.140454545454546,0.08333333333333333,0.016666666666666666,0.016666666666666666,0.05,0.8833333333333333,0.03333333333333333,0.05,0.016666666666666666,0.13333333333333333,0.08333333333333333,0.9,1.0,0.25,0.06666666666666667,0.05,0.85,0.03333333333333333,0.9166666666666666,0.1,0.016666666666666666,0.016666666666666666,0.5166666666666667,0.11666666666666667,0.08333333333333333,0.06666666666666667,0.06666666666666667,0.11666666666666667,0.15,0.18333333333333332,0.8666666666666667,1.0,1.0,0.9,0.21666666666666667,0.8,0.15,0.13333333333333333,0.15,0.08333333333333333,0.15,0.21666666666666667,0.11666666666666667,0.11666666666666667,0.016666666666666666,0.15,0.16666666666666666,0.15,0.18333333333333332,0.16666666666666666,0.15,0.16666666666666666,0.15,0.16666666666666666,0.15,0.16666666666666666,0.9833333333333333,0.9833333333333333,0.4,0.7166666666666667,0.8166666666666667,0.7333333333333333,0.8333333333333334,0.48333333333333334,0.45,0.55,0.5,0.4166666666666667,0.5333333333333333,0.85,0
2009-07-01,50984.0,85.7027,64.4955,-42838.0,1.36,13493.206,83.654,88.468,296928.0,2232.0,566500.0,10.836716681376876,18.59,5.2219999999999995,595.0,1.3394957983193276,1395.4735,8463.5,0.16,214.726,172.5,2.9,1.5522347,0.18,0.27,0.48,1.02,2.46,3.56,10.27,2.54,3.38,96.05732966779487,0.9276437847866419,0.01059692477243104,1.6378,1.4092,0.890551251224508,140.5,148.2,934.2282608695652,64.09,323.2,3.381363636363636,987.47998046875,1978.5,9171.6103515625,10356.830078125,3426.27001953125,283.1700134277344,2169.139892578125,10787.2001953125,20573.330078125,4608.39990234375,5332.14013671875,71.01228,66.0,0.35940000000000005,0.44020000000000004,1.84778868061397,1.00428,0.554,83.43962097167969,82.10675048828125,80.12088012695312,121.45838709677419,46.60460583559683,19.639773964288775,26.162727272727274,0.1,0.08333333333333333,0.08333333333333333,0.1,0.8666666666666667,0.05,0.11666666666666667,0.016666666666666666,0.15,0.05,0.8333333333333334,0.9833333333333333,0.21666666666666667,0.03333333333333333,0.21666666666666667,0.85,0.016666666666666666,0.8833333333333333,0.06666666666666667,0.016666666666666666,0.016666666666666666,0.23333333333333334,0.15,0.1,0.03333333333333333,0.03333333333333333,0.11666666666666667,0.13333333333333333,0.15,0.85,1.0,0.9833333333333333,0.9,0.2,0.8333333333333334,0.13333333333333333,0.11666666666666667,0.15,0.016666666666666666,0.11666666666666667,0.1,0.11666666666666667,0.1,0.03333333333333333,0.18333333333333332,0.18333333333333332,0.18333333333333332,0.23333333333333334,0.21666666666666667,0.18333333333333332,0.23333333333333334,0.16666666666666666,0.2,0.21666666666666667,0.2,0.9,0.9,0.3333333333333333,0.7666666666666667,0.8,0.65,0.7333333333333333,0.5,0.5166666666666667,0.55,0.6166666666666667,0.21666666666666667,0.36666666666666664,0.8166666666666667,0
2009-08-01,49900.0,86.6426,65.3114,-41816.0,1.32,13468.487,84.406,88.599,302871.0,2338.0,559200.0,10.815092989985693,18.67,5.1925,616.0,1.2857142857142858,1362.9194,8463.0,0.16,215.445,175.0,2.8,2.0245319,0.17,0.26,0.46,1.12,2.57,3.59,8.971428571428572,2.47,3.42,94.9091839555208,0.9360666479453337,0.010537729814715097,1.6532,1.4266,0.919793966151582,135.9,135.4,949.375,71.06,373.2,3.139047619047619,1020.6199951171875,2009.06005859375,9496.2802734375,10492.5302734375,3653.5400390625,296.2699890136719,2364.949951171875,10868.2001953125,19724.189453125,4908.89990234375,5464.60986328125,70.6895,65.7,0.42262500000000003,0.39175000000000004,1.35038700772603,0.62285,0.2925,73.37187957763672,64.70917510986328,78.04385375976562,94.85806451612903,46.04740415972305,26.62323300883634,25.337142857142858,0.13333333333333333,0.13333333333333333,0.1,0.11666666666666667,0.8333333333333334,0.08333333333333333,0.2,0.03333333333333333,0.16666666666666666,0.1,0.8,0.9666666666666667,0.2,0.016666666666666666,0.35,0.8166666666666667,0.016666666666666666,0.8666666666666667,0.08333333333333333,0.03333333333333333,0.06666666666666667,0.15,0.2833333333333333,0.06666666666666667,0.03333333333333333,0.03333333333333333,0.13333333333333333,0.16666666666666666,0.16666666666666666,0.8166666666666667,0.9666666666666667,0.9833333333333333,0.8333333333333334,0.4,0.9,0.18333333333333332,0.2833333333333333,0.18333333333333332,0.06666666666666667,0.1,0.5166666666666667,0.16666666666666666,0.16666666666666666,0.08333333333333333,0.2,0.18333333333333332,0.2,0.3333333333333333,0.25,0.2,0.25,0.16666666666666666,0.21666666666666667,0.23333333333333334,0.23333333333333334,0.8,0.8,0.6833333333333333,0.5833333333333334,0.7166666666666667,0.6,0.6666666666666666,0.25,0.38333333333333336,0.23333333333333334,0.43333333333333335,0.31666666666666665,0.35,0.75,0
2009-09-01,53034.0,87.4063,66.102,-45296.0,1.31,13502.606,83.627,88.755,294449.0,2487.0,547500.0,10.931050228310502,18.7,5.0575,609.0,1.1839080459770115,1337.3367,8461.6,0.15,215.861,174.1,2.2,2.3608109,0.12,0.21,0.4,0.96,2.37,3.4,8.452272727272726,2.44,3.28,94.19516390400103,0.9623712828409201,0.010955926498880305,1.6323,1.4575,0.9245562130177516,130.5,127.6,996.5909090909091,69.46,376.8,2.986190476190476,1057.0799560546875,2122.419921875,9712.2802734375,10133.23046875,3795.409912109375,311.3500061035156,2485.6201171875,11395.0,20955.25,5133.89990234375,5675.16015625,79.08186,73.5,0.39132500000000003,0.4163,1.04027783423718,0.3243,0.15175,92.8399887084961,97.492919921875,77.7846450805664,91.19866666666667,71.1810665304195,10.564281322431555,24.92666666666667,0.16666666666666666,0.21666666666666667,0.15,0.13333333333333333,0.8,0.1,0.2,0.06666666666666667,0.16666666666666666,0.21666666666666667,0.7333333333333333,1.0,0.21666666666666667,0.08333333333333333,0.5166666666666667,0.6833333333333333,0.016666666666666666,0.8333333333333334,0.05,0.05,0.08333333333333333,0.08333333333333333,0.4666666666666667,0.03333333333333333,0.016666666666666666,0.016666666666666666,0.1,0.13333333333333333,0.11666666666666667,0.8,0.95,0.9333333333333333,0.8,0.7166666666666667,0.9666666666666667,0.23333333333333334,0.4,0.21666666666666667,0.06666666666666667,0.11666666666666667,0.6166666666666667,0.18333333333333332,0.2,0.11666666666666667,0.26666666666666666,0.4666666666666667,0.26666666666666666,0.36666666666666664,0.35,0.35,0.35,0.21666666666666667,0.5833333333333334,0.36666666666666664,0.31666666666666665,0.8166666666666667,0.8166666666666667,0.5,0.6666666666666666,0.65,0.5833333333333334,0.6166666666666667,0.8166666666666667,0.8666666666666667,0.35,0.03333333333333333,0.08333333333333333,0.08333333333333333,0.7166666666666667,0
2009-10-01,51978.0,87.6419,66.2859,-45350.0,1.31,13460.827,83.722,89.082,298067.0,2406.0,525400.0,10.973734297677959,18.74,4.952,583.0,1.2795883361921099,1308.1789,8487.9,0.12,216.509,175.2,2.9,1.6283633,0.07,0.16,0.37,0.95,2.33,3.39,7.76304347826087,2.44,3.32,92.8542061382644,0.9791442279447762,0.011065974231772404,1.6212,1.4821,0.9481369109699441,142.9,137.1,1043.159090909091,75.82,377.3,3.999090909090909,1036.18994140625,2045.1099853515625,9712.73046875,10034.740234375,3607.68994140625,302.3599853515625,2392.719970703125,10910.7998046875,21752.869140625,5044.60009765625,5414.9599609375,75.96162,70.6,0.40014000000000005,0.37702,0.885928519849673,0.29691999999999996,0.0492,90.57640075683594,88.22991180419922,90.4251480102539,81.96032258064515,30.44925687135483,13.894024074629032,24.252272727272725,0.18333333333333332,0.2,0.16666666666666666,0.15,0.8,0.05,0.23333333333333334,0.18333333333333332,0.21666666666666667,0.2,0.65,1.0,0.15,0.016666666666666666,0.6166666666666667,0.8,0.016666666666666666,0.6666666666666666,0.016666666666666666,0.13333333333333333,0.15,0.25,0.18333333333333332,0.03333333333333333,0.016666666666666666,0.016666666666666666,0.1,0.13333333333333333,0.11666666666666667,0.75,0.95,0.9333333333333333,0.21666666666666667,0.8666666666666667,0.7333333333333333,0.36666666666666664,0.85,0.8833333333333333,0.38333333333333336,0.21666666666666667,0.7333333333333333,0.35,0.23333333333333334,0.2,0.6333333333333333,0.8833333333333333,0.5833333333333334,0.7666666666666667,0.38333333333333336,0.6333333333333333,0.4666666666666667,0.5166666666666667,0.9833333333333333,0.8,0.43333333333333335,0.9666666666666667,0.9666666666666667,0.5666666666666667,0.48333333333333334,0.6166666666666667,0.5666666666666667,0.6,1.0,0.9833333333333333,0.9166666666666666,0.016666666666666666,0.016666666666666666,0.05,0.6833333333333333,0
2009-11-01,52771.0,88.0221,67.0806,-49072.0,1.29,13494.222,83.588,89.16,300583.0,2503.0,494000.0,11.053643724696355,18.8,4.875,623.0,1.3547351524879614,1290.6774,8517.0,0.12,217.234,177.4,2.7,1.8070337,0.05,0.15,0.31,0.8,2.23,3.4,7.561904761904763,2.6,3.35,92.41466079469383,0.9870693909781859,0.011202297815327882,1.6599,1.4908,0.9440196356084207,144.4,140.1,1127.0357142857142,78.08,389.6,3.676842105263158,1095.6300048828125,2144.60009765625,10344.83984375,9345.5498046875,3680.14990234375,305.8999938964844,2421.2900390625,11447.2001953125,21821.5,5190.7001953125,5625.9501953125,72.51861,67.4,0.36302500000000004,0.41910000000000003,0.704855448444363,0.18795,-0.005000000000000001,82.10176086425781,74.31538391113281,85.0097885131836,111.37866666666667,108.7670687523208,25.44941316698333,23.788999999999998,0.18333333333333332,0.25,0.18333333333333332,0.26666666666666666,0.7,0.05,0.25,0.2,0.35,0.25,0.25,1.0,0.13333333333333333,0.03333333333333333,0.75,0.85,0.016666666666666666,0.5666666666666667,0.03333333333333333,0.25,0.25,0.1,0.23333333333333334,0.03333333333333333,0.016666666666666666,0.016666666666666666,0.016666666666666666,0.11666666666666667,0.15,0.7166666666666667,1.0,0.95,0.11666666666666667,0.95,0.7166666666666667,0.85,0.9833333333333333,0.9,0.4166666666666667,0.25,0.9666666666666667,0.6333333333333333,0.7,0.2,1.0,1.0,0.9166666666666666,0.6833333333333333,0.6166666666666667,0.8333333333333334,0.95,0.9166666666666666,0.9833333333333333,0.9666666666666667,0.5833333333333334,0.95,0.95,0.36666666666666664,0.6833333333333333,0.5833333333333334,0.55,0.5666666666666667,0.7666666666666667,0.7333333333333333,0.48333333333333334,0.06666666666666667,0.4,0.06666666666666667,0.6666666666666666,0
2009-12-01,54616.0,88.3793,67.1474,-49840.0,1.28,13551.644,84.099,89.236,301959.0,2568.0,485500.0,10.590628218331616,18.84,4.93,664.0,1.1295180722891567,1265.5793,8512.2,0.12,217.347,178.1,2.5,1.7866037,0.05,0.17,0.37,0.87,2.34,3.59,6.919130434782608,2.72,3.54,92.79376290960809,0.9707795359673818,0.011117176148320917,1.6226,1.4579,0.9490367277213627,144.4,136.8,1134.7236842105262,74.3,411.2,5.343636363636364,1115.0999755859375,2269.14990234375,10428.0498046875,10546.4404296875,3936.330078125,335.3299865722656,2511.6201171875,11746.099609375,21872.5,5412.89990234375,5957.43017578125,78.00592,72.5,0.42645999999999995,0.31616,0.560623173570948,-0.079325,-0.1,92.94691467285156,89.34334564208984,95.87136840820312,129.59,71.07693764980095,23.416495511303086,21.239545454545453,0.3,0.2833333333333333,0.2,0.35,0.55,0.1,0.3,0.23333333333333334,0.7166666666666667,0.31666666666666665,0.03333333333333333,0.8833333333333333,0.016666666666666666,0.26666666666666666,1.0,0.5166666666666667,0.016666666666666666,0.05,0.05,0.45,0.35,0.1,0.21666666666666667,0.05,0.05,0.05,0.06666666666666667,0.16666666666666666,0.23333333333333334,0.6666666666666666,1.0,1.0,0.18333333333333332,0.8333333333333334,0.48333333333333334,0.8833333333333333,0.65,0.9666666666666667,0.5666666666666667,0.3333333333333333,0.8666666666666667,0.9666666666666667,0.8666666666666667,0.36666666666666664,1.0,1.0,0.95,0.7833333333333333,0.8666666666666667,1.0,1.0,1.0,0.9333333333333333,0.9833333333333333,0.6666666666666666,0.9333333333333333,0.9333333333333333,0.7666666666666667,0.16666666666666666,0.5666666666666667,0.5333333333333333,0.5333333333333333,0.6833333333333333,0.7,0.43333333333333335,0.25,0.31666666666666665,0.35,0.5833333333333334,0
2010-01-01,52331.0,89.3426,67.941,-49076.0,1.27,13610.249,83.945,89.368,302325.0,2837.0,479800.0,10.085452271779909,18.88,5.03,636.0,1.0833333333333333,1238.5212,8477.7,0.11,217.488,181.9,2.8,1.6957593,0.06,0.15,0.35,0.93,2.48,3.73,6.233181818181818,2.8,3.67,93.07999556648561,0.9666505558240697,0.010976815867206871,1.6158,1.4266,0.9580379383023567,142.4,142.5,1117.9625,78.22,431.2,5.824210526315789,1073.8699951171875,2147.35009765625,10067.330078125,10198.0400390625,3739.4599609375,327.8999938964844,2505.199951171875,11094.2998046875,20121.990234375,5188.5,5608.7900390625,80.05021,74.4,0.40859999999999996,0.310825,0.629836499717825,-0.1996,-0.192,91.58102416992188,84.97299194335938,100.41094207763672,156.72870967741935,107.86946301536709,88.89479261127391,20.643157894736845,0.6333333333333333,0.38333333333333336,0.23333333333333334,0.55,0.36666666666666664,0.2,0.26666666666666666,0.26666666666666666,0.5333333333333333,0.55,0.03333333333333333,0.8666666666666667,0.11666666666666667,0.6333333333333333,0.9833333333333333,0.4166666666666667,0.016666666666666666,0.016666666666666666,0.016666666666666666,0.4,0.55,0.18333333333333332,0.2,0.06666666666666667,0.03333333333333333,0.03333333333333333,0.13333333333333333,0.23333333333333334,0.3,0.6,1.0,1.0,0.18333333333333332,0.8,0.35,0.95,0.6333333333333333,0.9833333333333333,0.45,0.25,0.7166666666666667,0.9666666666666667,0.8833333333333333,0.6,1.0,1.0,1.0,0.8333333333333334,0.9333333333333333,0.9666666666666667,1.0,0.95,0.9166666666666666,0.9833333333333333,0.8333333333333334,0.9333333333333333,0.9333333333333333,0.6166666666666667,0.16666666666666666,0.5666666666666667,0.5166666666666667,0.5166666666666667,0.85,0.5833333333333334,0.8666666666666667,0.18333333333333332,0.7166666666666667,0.85,0.55,2
2010-02-01,53488.0,89.6779,68.0202,-52020.0,1.28,13610.405,84.259,89.446,302310.0,2666.0,485750.0,9.868759650025734,18.91,4.99,650.0,1.0307692307692307,1223.367,8527.3,0.13,217.281,181.0,2.7,1.7316171,0.11,0.18,0.35,0.86,2.36,3.69,6.730952380952381,2.83,3.58,94.41681967247347,0.9326618168252191,0.01109391554202098,1.5618,1.368,0.9458948164964057,136.8,137.1,1095.4125,76.42,411.5,5.315263157894737,1104.489990234375,2238.260009765625,10325.259765625,10126.0302734375,3708.800048828125,317.739990234375,2514.8701171875,11629.599609375,20608.69921875,5354.5,5598.4599609375,79.18945,73.6,0.3418,0.374275,0.339974968769754,-0.09747499999999999,-0.21075,80.72535705566406,78.84627532958984,80.71173858642578,151.77142857142857,80.1170362229333,25.56934442601718,22.54,0.65,0.48333333333333334,0.25,1.0,0.5833333333333334,0.26666666666666666,0.3333333333333333,0.2833333333333333,0.5833333333333334,0.4,0.016666666666666666,0.85,0.03333333333333333,0.4666666666666667,0.9666666666666667,0.31666666666666665,0.016666666666666666,0.03333333333333333,0.08333333333333333,0.31666666666666665,0.65,0.13333333333333333,0.21666666666666667,0.1,0.08333333333333333,0.05,0.06666666666666667,0.18333333333333332,0.2833333333333333,0.6333333333333333,1.0,0.9833333333333333,0.13333333333333333,0.7666666666666667,0.5666666666666667,0.8166666666666667,0.5833333333333334,1.0,0.3333333333333333,0.23333333333333334,0.4666666666666667,0.9666666666666667,0.8666666666666667,0.65,1.0,1.0,1.0,0.8666666666666667,1.0,1.0,1.0,1.0,0.9833333333333333,1.0,1.0,1.0,1.0,0.23333333333333334,0.4166666666666667,0.5,0.5166666666666667,0.5,0.9,0.8666666666666667,0.95,0.11666666666666667,0.2833333333333333,0.2833333333333333,0.65,2
2010-03-01,56487.0,90.2928,68.9678,-51549.0,1.26,13661.363,84.662,89.579,309525.0,2679.0,470250.0,10.062200956937799,18.92,4.9675,687.0,0.9243085880640466,1209.7429,8523.5,0.16,217.353,183.3,2.7,1.9701388,0.15,0.22,0.4,0.96,2.43,3.73,6.121739130434783,2.77,3.58,93.66247350997932,0.9375585974123383,0.01102340157921251,1.5058,1.357,0.9776126698602015,137.5,136.7,1113.3369565217392,81.24,431.9,4.290869565217391,1169.4300537109375,2397.9599609375,10856.6298828125,11089.9404296875,3974.010009765625,344.2200012207031,2648.4599609375,12037.7001953125,21239.349609375,5679.60009765625,6153.5498046875,79.18945,73.6,0.372275,0.2901,-0.0103998790363962,-0.4173,-0.34825,74.116943359375,73.49691009521484,70.03934478759766,110.02806451612904,44.525996655135934,49.98270516837515,17.767391304347825,0.95,0.9666666666666667,0.26666666666666666,0.9833333333333333,0.25,0.36666666666666664,0.45,0.3,0.95,0.6666666666666666,0.016666666666666666,0.85,0.016666666666666666,0.6,1.0,0.16666666666666666,0.03333333333333333,0.016666666666666666,0.2,0.3333333333333333,0.8166666666666667,0.15,0.31666666666666665,0.15,0.11666666666666667,0.11666666666666667,0.2,0.21666666666666667,0.3333333333333333,0.5666666666666667,0.9666666666666667,0.9833333333333333,0.05,0.75,0.6666666666666666,0.7333333333333333,0.43333333333333335,1.0,0.3,0.23333333333333334,0.55,0.85,0.8833333333333333,0.6,0.9833333333333333,0.9833333333333333,0.9833333333333333,0.9,1.0,1.0,1.0,0.9833333333333333,0.95,1.0,1.0,0.9833333333333333,0.9833333333333333,0.4166666666666667,0.1,0.48333333333333334,0.48333333333333334,0.48333333333333334,0.6666666666666666,0.6666666666666666,0.6,0.1,0.23333333333333334,0.48333333333333334,0.48333333333333334,2
2010-04-01,52283.0,90.5991,69.624,-52440.0,1.25,13776.728,84.835,89.625,312143.0,3153.0,469000.0,10.081023454157782,18.96,5.098000000000001,637.0,1.1569858712715855,1207.5429,8554.8,0.2,217.403,184.4,2.9,1.587202,0.16,0.24,0.45,1.06,2.58,3.85,5.6040909090909095,2.79,3.69,93.19674833437546,0.9354536950420954,0.010700600410689045,1.5332,1.3417,0.9948269001193791,137.6,134.7,1148.6875,84.48,445.7,4.032857142857143,1186.68994140625,2461.18994140625,11008.6103515625,11057.400390625,3816.989990234375,345.9100036621094,2560.989990234375,12210.7001953125,21108.58984375,5553.2998046875,6135.7001953125,77.68314,72.2,0.42424,0.30822,-0.173757408417038,-0.37972,-0.4178,88.76158142089844,92.05691528320312,81.26840209960938,87.81633333333333,42.10283667879479,17.375581406492888,17.424285714285716,0.9,1.0,0.2833333333333333,0.9833333333333333,0.13333333333333333,0.4166666666666667,0.48333333333333334,0.25,0.95,1.0,0.03333333333333333,0.85,0.03333333333333333,0.8166666666666667,0.9833333333333333,0.6,0.06666666666666667,0.03333333333333333,0.25,0.3333333333333333,0.8166666666666667,0.3,0.16666666666666666,0.18333333333333332,0.13333333333333333,0.15,0.25,0.3,0.4,0.5333333333333333,0.9666666666666667,1.0,0.21666666666666667,0.7333333333333333,0.6333333333333333,0.6333333333333333,0.4166666666666667,0.9833333333333333,0.2833333333333333,0.26666666666666666,0.6666666666666666,0.85,0.8,0.6666666666666666,0.9666666666666667,0.9333333333333333,0.9666666666666667,0.75,0.75,0.9666666666666667,0.9333333333333333,0.9666666666666667,0.8,0.9666666666666667,0.7833333333333333,0.8,0.8,0.75,0.15,0.4666666666666667,0.48333333333333334,0.45,0.7,0.7166666666666667,0.6833333333333333,0.13333333333333333,0.3333333333333333,0.6333333333333333,0.4666666666666667,2
2010-05-01,57262.0,91.823,70.611,-53595.0,1.26,13885.106,85.046,89.724,309158.0,2988.0,459400.0,10.175881584675665,19.01,4.8875,575.0,1.2208695652173913,1196.9216,8609.0,0.2,217.29,184.8,3.2,1.562963,0.16,0.22,0.37,0.83,2.18,3.42,6.5009523809523815,2.59,3.26,95.776608519075,0.8853474988933157,0.010872756134952649,1.4669,1.2563,0.9612611746611555,145.4,133.9,1205.4342105263158,73.84,413.4,4.138,1089.4100341796875,2257.0400390625,10136.6298828125,9768.7001953125,3507.56005859375,320.70001220703125,2453.3701171875,11763.0,19765.189453125,5188.39990234375,5964.330078125,79.18945,73.6,0.36715,0.374375,0.607154838268537,0.6925,-0.164,88.95870971679688,87.49411010742188,85.85739135742188,118.88548387096773,54.59911353185587,57.623352667808476,31.9295,1.0,1.0,0.31666666666666665,1.0,0.2833333333333333,0.38333333333333336,0.5,0.2833333333333333,0.85,0.9333333333333333,0.05,0.8666666666666667,0.08333333333333333,0.7333333333333333,0.8166666666666667,0.7,0.1,0.03333333333333333,0.26666666666666666,0.2833333333333333,0.7333333333333333,0.6166666666666667,0.16666666666666666,0.2,0.13333333333333333,0.1,0.06666666666666667,0.11666666666666667,0.16666666666666666,0.5833333333333334,0.9,0.8,0.6666666666666666,0.2833333333333333,0.6,0.36666666666666664,0.21666666666666667,0.7333333333333333,0.26666666666666666,0.21666666666666667,0.7,0.5,0.6666666666666666,0.5833333333333334,0.8833333333333333,0.9,0.9,0.45,0.4166666666666667,0.8,0.5833333333333334,0.5333333333333333,0.3,0.8,0.5,0.7666666666666667,0.7666666666666667,0.35,0.43333333333333335,0.55,0.6166666666666667,0.5166666666666667,0.5833333333333334,0.5833333333333334,0.55,0.43333333333333335,0.35,0.9333333333333333,0.8666666666666667,2
2010-06-01,59605.0,91.9928,70.682,-59092.0,1.27,13898.726,85.253,89.767,308588.0,2801.0,460500.0,9.952768729641694,19.03,4.7375,587.0,1.5229982964224873,1190.1483,8628.1,0.18,217.199,183.5,2.8,1.3532178,0.12,0.19,0.32,0.72,2.0,3.2,7.016818181818182,2.48,3.08,96.29836765486604,0.8884940026654821,0.011012500289078133,1.4768,1.2223,0.9637625289128758,138.0,130.1,1232.9204545454545,75.35,390.4,4.801363636363636,1030.7099609375,2109.239990234375,9774.01953125,9382.6396484375,3442.889892578125,316.80999755859375,2386.530029296875,11294.400390625,20128.990234375,4916.89990234375,5965.52001953125,81.77172,76.0,0.3712,0.3676,0.527600818288926,0.720075,-0.04325,96.45369720458984,110.69171905517578,70.9886245727539,127.63266666666667,102.00501051903868,47.27035697182556,29.916363636363634,1.0,1.0,0.3333333333333333,1.0,0.4166666666666667,0.6166666666666667,0.6166666666666667,0.25,0.7,0.8166666666666667,0.08333333333333333,0.8,0.06666666666666667,0.2,0.7333333333333333,0.9333333333333333,0.15,0.06666666666666667,0.25,0.21666666666666667,0.4666666666666667,0.23333333333333334,0.15,0.13333333333333333,0.1,0.03333333333333333,0.016666666666666666,0.1,0.1,0.6666666666666666,0.85,0.75,0.7166666666666667,0.25,0.6333333333333333,0.21666666666666667,0.08333333333333333,0.65,0.2,0.21666666666666667,0.7166666666666667,0.43333333333333335,0.48333333333333334,0.7833333333333333,0.7,0.7,0.75,0.38333333333333336,0.48333333333333334,0.8166666666666667,0.5333333333333333,0.43333333333333335,0.31666666666666665,0.75,0.6166666666666667,0.7666666666666667,0.7666666666666667,0.4,0.4,0.5166666666666667,0.6166666666666667,0.5333333333333333,0.8666666666666667,0.9166666666666666,0.65,0.6166666666666667,0.8333333333333334,0.6,0.8333333333333334,2
2010-07-01,56474.0,92.3421,71.1601,-53416.0,1.27,13928.888,85.486,89.769,309543.0,3082.0,459200.0,9.861933797909408,19.04,4.564,579.0,0.9879101899827288,1189.0278,8639.5,0.18,217.605,184.1,2.7,0.96279857,0.16,0.2,0.29,0.62,1.76,3.01,6.778695652173913,2.39,2.85,94.79867746714322,0.9496676163342831,0.011428506122822155,1.5304,1.2811,0.9595087315294569,141.9,140.2,1192.965909090909,76.37,397.3,4.628095238095238,1101.5999755859375,2254.699951171875,10465.9404296875,9537.2998046875,3643.139892578125,330.6400146484375,2517.300048828125,11713.400390625,21029.810546875,5258.0,6147.97021484375,72.94898,67.8,0.31429999999999997,0.43043999999999993,0.478041175010337,0.50644,-0.17839999999999998,79.38137817382812,75.18537902832031,84.04823303222656,176.8041935483871,159.49403801422793,53.77631310657356,25.565238095238094,0.8333333333333334,0.9666666666666667,0.35,0.9,0.4166666666666667,0.6666666666666666,0.5666666666666667,0.23333333333333334,0.6833333333333333,1.0,0.1,0.7666666666666667,0.05,0.2,0.7333333333333333,0.16666666666666666,0.16666666666666666,0.08333333333333333,0.26666666666666666,0.23333333333333334,0.6,0.16666666666666666,0.1,0.23333333333333334,0.11666666666666667,0.016666666666666666,0.016666666666666666,0.05,0.1,0.6333333333333333,0.7833333333333333,0.7333333333333333,0.6833333333333333,0.45,0.65,0.3333333333333333,0.2,0.5833333333333334,0.43333333333333335,0.38333333333333336,0.5666666666666667,0.5,0.5,0.85,0.6666666666666666,0.7,0.7,0.38333333333333336,0.4,0.6,0.5166666666666667,0.4166666666666667,0.26666666666666666,0.65,0.38333333333333336,0.6333333333333333,0.6333333333333333,0.11666666666666667,0.7166666666666667,0.5,0.55,0.48333333333333334,0.5333333333333333,0.4,0.7666666666666667,0.7,0.9166666666666666,0.8833333333333333,0.7333333333333333,2
2010-08-01,58224.0,92.6805,71.3642,-58128.0,1.27,13980.745,85.693,89.855,310761.0,2999.0,475000.0,9.392105263157895,19.11,4.4275,580.0,1.0206896551724138,1187.4701,8687.9,0.19,217.923,184.9,2.7,1.3411201,0.16,0.19,0.26,0.52,1.47,2.7,6.755909090909091,2.18,2.54,94.063437898685,0.9626492106276473,0.011713346303912141,1.5661,1.2903,0.9611687812379854,145.7,168.8,1215.8095238095239,76.82,427.1,4.314545454545455,1049.3299560546875,2114.030029296875,10014.7197265625,8824.0595703125,3490.7900390625,316.4700012207031,2457.4599609375,11913.900390625,20536.490234375,5225.2001953125,5925.22021484375,74.13252,68.9,0.3025,0.40075,0.229265983913298,0.378025,-0.26225,80.99386596679688,71.95153045654297,85.98257446289062,161.46967741935484,133.63676757253856,72.22164056051466,24.74590909090909,0.9666666666666667,0.95,0.36666666666666664,0.95,0.4166666666666667,0.8166666666666667,0.4666666666666667,0.23333333333333334,0.4666666666666667,0.9666666666666667,0.15,0.7333333333333333,0.03333333333333333,0.15,0.7333333333333333,0.21666666666666667,0.18333333333333332,0.13333333333333333,0.2833333333333333,0.23333333333333334,0.5,0.18333333333333332,0.16666666666666666,0.25,0.11666666666666667,0.016666666666666666,0.016666666666666666,0.016666666666666666,0.05,0.6,0.7166666666666667,0.6666666666666666,0.6833333333333333,0.55,0.75,0.38333333333333336,0.18333333333333332,0.4166666666666667,0.5,0.7333333333333333,0.5666666666666667,0.43333333333333335,0.48333333333333334,0.8666666666666667,0.36666666666666664,0.45,0.5,0.35,0.36666666666666664,0.4,0.4,0.48333333333333334,0.2833333333333333,0.4166666666666667,0.36666666666666664,0.6833333333333333,0.6833333333333333,0.08333333333333333,0.5833333333333334,0.43333333333333335,0.5333333333333333,0.43333333333333335,0.8666666666666667,0.7333333333333333,0.8166666666666667,0.7833333333333333,0.8666666666666667,0.8666666666666667,0.65,2
2010-09-01,60134.0,92.9537,71.5357,-57297.0,1.28,13989.519,85.774,89.906,313785.0,2918.0,453500.0,9.851708930540243,19.11,4.346,563.0,1.1225577264653641,1185.7277,8718.7,0.19,218.275,184.9,2.2,0.90713698,0.15,0.19,0.26,0.48,1.41,2.65,6.421363636363637,2.17,2.5,93.14466399852465,0.9998000399920016,0.011854366733801896,1.5591,1.3103,0.9680542110358181,172.9,184.5,1270.9772727272727,75.31,442.6,3.894761904761905,1141.199951171875,2368.6201171875,10788.0498046875,9369.349609375,3715.179931640625,334.3900146484375,2589.72998046875,12368.7001953125,22358.169921875,5548.60009765625,6229.02001953125,73.37936,68.2,0.42612000000000005,0.31018,0.163398338510389,0.106375,-0.29925,71.16854858398438,68.94754028320312,69.29395294189453,213.92533333333333,108.20142959774685,60.649333845522875,22.517619047619046,0.9,0.9333333333333333,0.38333333333333336,0.9,0.6166666666666667,0.7833333333333333,0.7333333333333333,0.2,0.9,0.9166666666666666,0.13333333333333333,0.7333333333333333,0.016666666666666666,0.18333333333333332,0.7166666666666667,0.43333333333333335,0.21666666666666667,0.15,0.3,0.21666666666666667,0.5333333333333333,0.1,0.1,0.18333333333333332,0.13333333333333333,0.03333333333333333,0.016666666666666666,0.016666666666666666,0.05,0.5166666666666667,0.7,0.6333333333333333,0.6666666666666666,0.55,0.6833333333333333,0.4166666666666667,0.15,0.45,0.6666666666666666,0.8166666666666667,0.5166666666666667,0.4666666666666667,0.5,0.8,0.5666666666666667,0.6666666666666666,0.6166666666666667,0.4166666666666667,0.38333333333333336,0.43333333333333335,0.4166666666666667,0.4166666666666667,0.3333333333333333,0.5166666666666667,0.4,0.43333333333333335,0.43333333333333335,0.7833333333333333,0.13333333333333333,0.4166666666666667,0.4666666666666667,0.4166666666666667,0.08333333333333333,0.05,0.36666666666666664,0.9166666666666666,0.7,1.0,0.5666666666666667,2
2010-10-01,57479.0,92.6903,71.6761,-53715.0,1.27,14000.339,85.993,90.043,317699.0,3235.0,446800.0,9.765890778871979,19.21,4.225,558.0,1.0842293906810037,1185.2038,8768.4,0.19,219.035,186.6,2.7,1.3652619,0.13,0.18,0.23,0.38,1.18,2.54,6.008181818181819,2.16,2.41,90.7272101810414,1.0324179227751393,0.012235633836421811,1.5867,1.3901,0.9824147755182238,202.3,183.5,1342.0238095238096,81.9,473.6,3.433809523809524,1183.260009765625,2507.409912109375,11118.490234375,9202.4501953125,3833.5,337.2300109863281,2679.070068359375,12676.2001953125,23096.3203125,5675.2001953125,6601.3701171875,72.84138,67.7,0.49245,0.25335,0.20227858834511,-0.07744,-0.3942,65.99193572998047,62.0961799621582,76.16891479492188,229.3158064516129,109.07293682531937,119.90323745596395,20.37333333333333,0.8,0.9166666666666666,0.4166666666666667,0.85,0.4,0.8333333333333334,0.8,0.16666666666666666,0.9,0.9666666666666667,0.18333333333333332,0.7166666666666667,0.11666666666666667,0.16666666666666666,0.7666666666666667,0.35,0.25,0.16666666666666666,0.31666666666666665,0.26666666666666666,0.5666666666666667,0.21666666666666667,0.21666666666666667,0.16666666666666666,0.1,0.016666666666666666,0.016666666666666666,0.016666666666666666,0.05,0.4666666666666667,0.6833333333333333,0.6166666666666667,0.5666666666666667,0.6,0.7,0.4666666666666667,0.35,0.36666666666666664,0.7,0.7833333333333333,0.6,0.43333333333333335,0.5833333333333334,0.3333333333333333,0.8333333333333334,0.8833333333333333,0.7,0.4,0.43333333333333335,0.5,0.48333333333333334,0.65,0.31666666666666665,0.65,0.5833333333333334,0.4666666666666667,0.4666666666666667,0.9833333333333333,0.03333333333333333,0.4166666666666667,0.45,0.38333333333333336,0.06666666666666667,0.05,0.26666666666666666,0.95,0.9166666666666666,1.0,0.43333333333333335,2
2010-11-01,60405.0,92.7709,71.8748,-52385.0,1.27,14018.501,86.211,90.16,320695.0,3211.0,426250.0,9.842815249266863,19.21,4.3,560.0,0.9857142857142858,1187.5082,8789.0,0.19,219.59,187.7,3.0,1.3962369,0.14,0.18,0.25,0.45,1.35,2.76,5.872727272727272,2.31,2.62,90.98570102952223,1.0155377272265664,0.012118568069996848,1.5961,1.3654,0.9872642906506073,208.5,190.3,1369.8863636363637,84.14,483.7,3.714,1180.550048828125,2498.22998046875,11006.01953125,9937.0400390625,3610.43994140625,327.4100036621094,2506.1298828125,12952.900390625,23007.990234375,5528.2998046875,6688.490234375,77.03757,71.6,0.482975,0.28865,0.0283964187448077,-0.085725,-0.4425,94.70516967773438,98.68914794921875,83.2665023803711,169.89633333333333,114.81083435043315,69.20682254082712,20.095714285714287,0.9,0.8833333333333333,0.43333333333333335,0.6166666666666667,0.4,0.8,0.9,0.18333333333333332,0.9166666666666666,0.95,0.23333333333333334,0.7166666666666667,0.016666666666666666,0.3,0.7,0.1,0.26666666666666666,0.16666666666666666,0.3333333333333333,0.2,0.5166666666666667,0.5166666666666667,0.23333333333333334,0.18333333333333332,0.11666666666666667,0.03333333333333333,0.03333333333333333,0.03333333333333333,0.1,0.45,0.7333333333333333,0.7,0.65,0.5166666666666667,0.65,0.43333333333333335,0.25,0.45,0.7166666666666667,0.7833333333333333,0.43333333333333335,0.43333333333333335,0.55,0.5166666666666667,0.5333333333333333,0.7166666666666667,0.48333333333333334,0.6,0.4,0.43333333333333335,0.4,0.5833333333333334,0.31666666666666665,0.43333333333333335,0.48333333333333334,0.7,0.7,0.9666666666666667,0.06666666666666667,0.38333333333333336,0.4166666666666667,0.3333333333333333,0.8666666666666667,0.9,0.6833333333333333,0.7,0.4666666666666667,0.8333333333333334,0.4166666666666667,2
2010-12-01,61939.0,93.6787,72.3185,-55958.0,1.27,14104.762,86.325,90.179,323421.0,3058.0,420250.0,9.75609756097561,19.23,4.714,632.0,0.8939873417721519,1192.7014,8823.2,0.18,220.472,189.7,3.0,1.4938723,0.14,0.19,0.29,0.62,1.93,3.29,5.551304347826087,2.67,3.15,91.58811195724736,1.0320982557539478,0.01199938563145567,1.5595,1.3221,0.9919650828290845,221.3,204.2,1390.5526315789473,89.04,498.4,4.245714285714286,1257.6400146484375,2652.8701171875,11577.509765625,10228.919921875,3850.760009765625,356.3599853515625,2590.669921875,13443.2001953125,23035.44921875,5899.89990234375,6914.18994140625,80.15781,74.5,0.53566,0.22474,-0.122912772788048,-0.19828,-0.4824,97.20389556884766,100.3976821899414,91.7621078491211,157.47,77.0028504384169,77.95711044828802,17.56954545454545,0.8833333333333333,0.9166666666666666,0.4666666666666667,0.7666666666666667,0.4,0.85,0.7666666666666667,0.16666666666666666,0.95,0.9166666666666666,0.25,0.6833333333333333,0.016666666666666666,0.43333333333333335,0.7833333333333333,0.016666666666666666,0.3,0.2,0.2833333333333333,0.3333333333333333,0.6,0.5333333333333333,0.25,0.2,0.18333333333333332,0.1,0.1,0.18333333333333332,0.21666666666666667,0.4,0.9166666666666666,0.7833333333333333,0.6833333333333333,0.65,0.6,0.4,0.2,0.43333333333333335,0.7333333333333333,0.8166666666666667,0.43333333333333335,0.5666666666666667,0.5166666666666667,0.3,0.7166666666666667,0.7166666666666667,0.5833333333333334,0.48333333333333334,0.38333333333333336,0.4,0.4,0.65,0.3,0.5833333333333334,0.4666666666666667,0.6,0.6,1.0,0.016666666666666666,0.35,0.38333333333333336,0.31666666666666665,0.7,0.7166666666666667,0.6333333333333333,0.5666666666666667,0.48333333333333334,0.9333333333333333,0.35,2
2011-01-01,60963.0,93.4814,72.4358,-62609.0,1.25,14289.288,86.422,90.372,325674.0,3104.0,426800.0,9.180880974695407,19.33,4.755,576.0,0.9027777777777778,1195.9352,8849.0,0.17,221.187,192.7,3.4,1.7900451,0.15,0.18,0.27,0.61,1.99,3.39,5.1242857142857146,2.78,3.24,90.5298032887517,1.0454783063251438,0.012102874432677761,1.5782,1.3371,1.006137438374082,232.2,215.0,1356.4,89.42,514.4,4.492,1286.1199951171875,2700.080078125,11891.9296875,10237.919921875,4005.5,360.75,2638.699951171875,13552.0,23447.33984375,5862.89990234375,7077.47998046875,79.83502,74.2,0.502525,0.2627,-0.225711216780553,-0.307325,-0.5680000000000001,79.42161560058594,76.59356689453125,78.8069839477539,139.74677419354836,44.67372723461548,86.6348179981887,17.3155,0.95,0.85,0.48333333333333334,0.9,0.06666666666666667,1.0,0.8333333333333334,0.21666666666666667,0.9666666666666667,0.75,0.25,0.65,0.11666666666666667,0.36666666666666664,0.7166666666666667,0.03333333333333333,0.3333333333333333,0.23333333333333334,0.21666666666666667,0.35,0.5333333333333333,0.8166666666666667,0.4166666666666667,0.25,0.13333333333333333,0.08333333333333333,0.08333333333333333,0.2,0.25,0.36666666666666664,0.95,0.7833333333333333,0.5333333333333333,0.75,0.6833333333333333,0.43333333333333335,0.3333333333333333,0.5166666666666667,0.8333333333333334,0.8166666666666667,0.4166666666666667,0.5333333333333333,0.5166666666666667,0.3,0.8833333333333333,0.8833333333333333,0.85,0.5,0.5333333333333333,0.5,0.4666666666666667,0.85,0.5166666666666667,0.7,0.75,0.5166666666666667,0.5166666666666667,0.9833333333333333,0.05,0.3,0.35,0.23333333333333334,0.25,0.3333333333333333,0.18333333333333332,0.26666666666666666,0.13333333333333333,0.4666666666666667,0.31666666666666665,2
2011-02-01,59078.0,93.1102,72.6355,-59702.0,1.26,14331.186,86.398,90.53,328049.0,3226.0,401500.0,9.58717310087173,19.31,4.9525,542.0,1.1346863468634687,1199.5471,8913.3,0.16,221.898,195.8,3.4,1.9547432,0.13,0.17,0.29,0.77,2.26,3.58,4.657500000000001,2.81,3.45,89.84012395422145,1.0526315789473684,0.012115807736670188,1.6124,1.3656,1.012555690562981,261.3,244.9,1372.725,89.58,532.0,4.092105263157895,1327.219970703125,2782.27001953125,12226.33984375,10624.08984375,4110.35009765625,369.1300048828125,2707.090087890625,14136.5,23338.01953125,5994.0,7272.31982421875,83.38564,77.5,0.460375,0.288725,-0.428712783390734,-0.312825,-0.5862499999999999,90.01448822021484,90.18933868408203,85.48683166503906,118.35964285714286,41.62163015528885,31.931584788140572,17.43,0.7333333333333333,0.8,0.5,0.7833333333333333,0.18333333333333332,1.0,0.7333333333333333,0.25,0.9833333333333333,0.9166666666666666,0.13333333333333333,0.6666666666666666,0.03333333333333333,0.6666666666666666,0.6666666666666666,0.4666666666666667,0.35,0.25,0.21666666666666667,0.4666666666666667,0.7833333333333333,0.8166666666666667,0.48333333333333334,0.18333333333333332,0.08333333333333333,0.13333333333333333,0.15,0.2833333333333333,0.36666666666666664,0.35,0.9833333333333333,0.9,0.35,0.8666666666666667,0.6666666666666666,0.6166666666666667,0.38333333333333336,0.5833333333333334,0.9666666666666667,0.8833333333333333,0.5,0.5666666666666667,0.7,0.3,0.8833333333333333,0.8666666666666667,0.85,0.6333333333333333,0.65,0.7,0.5166666666666667,0.8333333333333334,0.4,0.6666666666666666,0.85,0.6666666666666666,0.6666666666666666,0.8666666666666667,0.1,0.25,0.3333333333333333,0.21666666666666667,0.85,0.7666666666666667,0.7666666666666667,0.23333333333333334,0.25,0.5833333333333334,0.3333333333333333,2
2011-03-01,62497.0,94.0788,73.1469,-59755.0,1.24,14298.318,86.697,90.667,331161.0,3261.0,406000.0,9.274630541871922,19.3,4.836,583.0,1.0137221269296741,1206.4413,8971.5,0.14,223.046,199.2,4.6,2.1063793,0.1,0.16,0.26,0.7,2.11,3.41,4.8365217391304345,2.71,3.31,88.98096291940915,1.0887316276537833,0.012247847440812277,1.6159,1.402,1.0239606799098915,250.9,209.5,1424.0108695652175,102.94,516.5,3.972173913043478,1325.8299560546875,2781.070068359375,12319.73046875,9755.099609375,3989.179931640625,365.6199951171875,2662.169921875,14116.099609375,23527.51953125,5908.7998046875,7041.31005859375,72.6262,67.5,0.36160000000000003,0.34328,-0.265212472887247,-0.1827,-0.5475000000000001,136.8883056640625,126.96572875976562,157.47984313964844,140.79451612903227,70.49472000899426,64.00142456453953,20.723478260869566,0.7666666666666667,0.8,0.5166666666666667,0.8166666666666667,0.016666666666666666,0.95,0.6666666666666666,0.26666666666666666,0.9166666666666666,0.9166666666666666,0.25,0.6333333333333333,0.016666666666666666,0.5833333333333334,0.7,0.13333333333333333,0.38333333333333336,0.31666666666666665,0.1,0.6,0.8,0.9166666666666666,0.55,0.1,0.06666666666666667,0.08333333333333333,0.13333333333333333,0.23333333333333334,0.3,0.35,0.8833333333333333,0.8,0.35,0.9,0.7333333333333333,0.7666666666666667,0.45,0.5,0.9333333333333333,0.8,0.5833333333333334,0.65,0.5333333333333333,0.45,0.7333333333333333,0.6666666666666666,0.6333333333333333,0.36666666666666664,0.43333333333333335,0.38333333333333336,0.38333333333333336,0.7166666666666667,0.4,0.36666666666666664,0.4166666666666667,0.36666666666666664,0.36666666666666664,0.35,0.3,0.2833333333333333,0.38333333333333336,0.25,1.0,1.0,1.0,0.6,0.7333333333333333,0.6,0.4666666666666667,2
2011-04-01,61562.0,93.7749,72.8001,-57812.0,1.25,14275.294,86.594,90.875,333189.0,3259.0,420600.0,8.96528768426058,19.36,4.84,581.0,0.9449225473321858,1214.9147,9035.1,0.1,224.093,203.1,4.6,2.0757372,0.06,0.12,0.25,0.73,2.17,3.46,4.661818181818182,2.73,3.4,87.50735286202493,1.1145786892554614,0.012022539857725265,1.6379,1.446,1.0438413361169103,287.1,235.9,1473.8055555555557,110.04,528.5,4.2355,1363.6099853515625,2873.5400390625,12810.5400390625,9849.740234375,4106.919921875,359.94000244140625,2768.340087890625,13944.7998046875,23720.810546875,6069.89990234375,7514.4599609375,75.10087,69.8,0.38975,0.30369999999999997,-0.372170831396983,-0.41758000000000006,-0.5801999999999999,91.01776885986328,72.92317962646484,111.94474029541016,116.03166666666667,62.227224747457925,27.715049774084882,16.244,0.9833333333333333,0.7666666666666667,0.5166666666666667,0.7,0.08333333333333333,0.75,0.5666666666666667,0.35,0.9,0.55,0.31666666666666665,0.6,0.05,0.43333333333333335,0.7666666666666667,0.06666666666666667,0.4166666666666667,0.4166666666666667,0.016666666666666666,0.7166666666666667,0.8666666666666667,0.9166666666666666,0.55,0.08333333333333333,0.016666666666666666,0.05,0.16666666666666666,0.26666666666666666,0.3333333333333333,0.3333333333333333,0.9,0.8666666666666667,0.2833333333333333,0.9666666666666667,0.7666666666666667,0.7333333333333333,0.65,0.5333333333333333,1.0,0.85,0.6166666666666667,0.7,0.5166666666666667,0.5833333333333334,0.8166666666666667,0.7,0.7666666666666667,0.4,0.5666666666666667,0.36666666666666664,0.55,0.65,0.4166666666666667,0.6166666666666667,0.6833333333333333,0.43333333333333335,0.43333333333333335,0.5333333333333333,0.13333333333333333,0.25,0.26666666666666666,0.2,0.6,0.13333333333333333,0.9833333333333333,0.6,0.6,0.6666666666666666,0.23333333333333334,2
2011-05-01,63711.0,93.888,72.8134,-63078.0,1.27,14260.443,86.494,91.091,332409.0,3179.0,422500.0,8.931952662721894,19.41,4.6375,618.0,0.8883495145631068,1229.0589,9107.8,0.09,224.806,204.1,4.1,2.292302,0.04,0.09,0.19,0.56,1.84,3.17,4.846818181818182,2.61,3.13,87.47271425731725,1.1441647597254005,0.012326550032850256,1.6332,1.4335,1.0330578512396695,278.2,242.9,1510.4375,101.33,503.4,4.313809523809524,1345.199951171875,2835.300048828125,12569.7900390625,9693.73046875,4006.93994140625,349.44000244140625,2687.7099609375,13802.900390625,23684.130859375,5990.0,7293.68994140625,79.94262,74.3,0.296325,0.3752,-0.422577392810853,-0.324775,-0.57775,105.34491729736328,95.50663757324219,123.82610321044922,93.21774193548387,55.08151472861108,27.715049774084882,16.91142857142857,0.8166666666666667,0.5166666666666667,0.5333333333333333,0.8333333333333334,0.4,0.55,0.5,0.4166666666666667,0.9333333333333333,0.6666666666666666,0.35,0.5833333333333334,0.05,0.4,0.9166666666666666,0.016666666666666666,0.43333333333333335,0.48333333333333334,0.016666666666666666,0.7333333333333333,0.8833333333333333,0.85,0.6166666666666667,0.03333333333333333,0.016666666666666666,0.016666666666666666,0.08333333333333333,0.15,0.18333333333333332,0.35,0.8333333333333334,0.7,0.08333333333333333,1.0,0.8,0.9166666666666666,0.9,0.6166666666666667,0.95,0.8833333333333333,0.5,0.7333333333333333,0.6,0.5666666666666667,0.9333333333333333,0.8666666666666667,0.9333333333333333,0.5333333333333333,0.7666666666666667,0.5333333333333333,0.5666666666666667,0.7666666666666667,0.6,0.85,0.6666666666666666,0.5333333333333333,0.5333333333333333,0.08333333333333333,0.43333333333333335,0.21666666666666667,0.3,0.2,0.85,0.65,0.9833333333333333,0.26666666666666666,0.4666666666666667,0.18333333333333332,0.23333333333333334,2
2011-06-01,63751.0,94.172,72.9204,-65598.0,1.27,14324.383,86.695,91.191,335108.0,3455.0,418250.0,8.94620442319187,19.41,4.51,636.0,0.910377358490566,1233.6241,9182.1,0.09,224.806,203.9,3.8,2.1177045,0.04,0.1,0.18,0.41,1.58,3.0,5.49,2.59,2.96,87.44964348359856,1.1903344839900012,0.012433805527821262,1.6219,1.4403,1.0239606799098915,301.7,235.3,1528.659090909091,96.29,509.1,4.537386363636364,1320.6400146484375,2773.52001953125,12414.33984375,9816.08984375,3982.2099609375,339.6499938964844,2572.580078125,13300.900390625,22398.099609375,5945.7001953125,7376.240234375,76.92998,71.5,0.31873999999999997,0.37956,-0.182005399240354,-0.15175,-0.53,84.391845703125,71.39112854003906,98.27275848388672,126.05866666666667,91.96403892240836,118.54931331280598,19.153181818181817,0.6666666666666666,0.55,0.55,0.7,0.4,0.5833333333333334,0.5,0.45,1.0,0.9166666666666666,0.3333333333333333,0.5833333333333334,0.016666666666666666,0.48333333333333334,0.9166666666666666,0.06666666666666667,0.4666666666666667,0.65,0.03333333333333333,0.75,0.9,0.8166666666666667,0.5833333333333334,0.05,0.03333333333333333,0.016666666666666666,0.03333333333333333,0.1,0.16666666666666666,0.38333333333333336,0.8,0.6333333333333333,0.05,1.0,0.7666666666666667,0.85,1.0,0.6,1.0,0.8666666666666667,0.48333333333333334,0.6666666666666666,0.7833333333333333,0.4666666666666667,0.9333333333333333,0.9,0.95,0.6833333333333333,0.8166666666666667,0.5,0.55,0.7666666666666667,0.4166666666666667,0.9,0.7333333333333333,0.38333333333333336,0.38333333333333336,0.15,0.5,0.31666666666666665,0.38333333333333336,0.3,0.26666666666666666,0.05,0.9666666666666667,0.35,0.45,0.7833333333333333,0.38333333333333336,2
2011-07-01,64756.0,94.636,73.3492,-62067.0,1.26,14386.123,86.846,91.326,334922.0,3623.0,412600.0,9.01987396994668,19.48,4.545,621.0,1.0209339774557167,1244.3309,9344.2,0.07,225.395,204.6,3.4,2.432348,0.04,0.08,0.19,0.41,1.54,3.0,5.434545454545455,2.59,2.96,86.8504195170496,1.2174336498660823,0.012619490803546076,1.6158,1.4275,1.0467915837956663,279.8,205.8,1572.8095238095239,97.19,535.4,4.4225,1292.280029296875,2756.3798828125,12143.240234375,9833.0302734375,3672.77001953125,329.2200012207031,2427.090087890625,12945.599609375,22440.25,5815.2001953125,7158.77001953125,68.53761,63.7,0.39695,0.2899,-0.060790327644968,-0.26768000000000003,-0.46319999999999995,78.92475891113281,59.019046783447266,102.11175537109375,200.15064516129033,160.64557212177104,74.26638734493912,19.2275,0.8833333333333333,0.5833333333333334,0.5833333333333334,0.8166666666666667,0.21666666666666667,0.6833333333333333,0.5,0.55,0.9333333333333333,0.85,0.3333333333333333,0.6,0.15,0.8,0.8833333333333333,0.23333333333333334,0.48333333333333334,0.85,0.016666666666666666,0.7666666666666667,0.9,0.7666666666666667,0.7,0.06666666666666667,0.016666666666666666,0.05,0.05,0.1,0.18333333333333332,0.36666666666666664,0.8,0.6333333333333333,0.11666666666666667,0.9666666666666667,0.6166666666666667,0.6166666666666667,0.7833333333333333,0.7333333333333333,0.9333333333333333,0.7,0.8333333333333334,0.65,0.8333333333333334,0.4666666666666667,0.7833333333333333,0.8,0.6833333333333333,0.65,0.45,0.36666666666666664,0.38333333333333336,0.5333333333333333,0.36666666666666664,0.65,0.5,0.36666666666666664,0.36666666666666664,0.5666666666666667,0.11666666666666667,0.35,0.31666666666666665,0.31666666666666665,0.5166666666666667,0.15,0.8666666666666667,0.4666666666666667,0.48333333333333334,0.6,0.38333333333333336,2
2011-08-01,64464.0,95.2749,73.6851,-61924.0,1.26,14378.666,86.793,91.508,335163.0,3329.0,409500.0,9.074481074481074,19.47,4.27,647.0,0.9489953632148377,1263.0844,9531.0,0.1,226.106,203.2,3.5,1.5113148,0.02,0.06,0.11,0.23,1.02,2.3,6.990434782608696,2.07,2.28,87.34551429413337,1.282051282051282,0.012992800689138148,1.6356,1.4333,1.0186411327289395,283.2,206.4,1755.8068181818182,86.33,509.6,4.053913043478261,1218.8900146484375,2579.4599609375,11613.5302734375,8955.2001953125,3256.760009765625,292.92999267578125,2267.8798828125,12768.7001953125,20534.849609375,5394.5,5784.85009765625,60.03766,55.8,0.331475,0.438525,0.731691322788159,0.7651,-0.22975,86.95156860351562,63.504676818847656,112.49906158447266,253.91870967741934,231.1489687908491,66.37082430826723,35.02913043478261,0.75,0.6833333333333333,0.6,0.5833333333333334,0.23333333333333334,0.5666666666666667,0.43333333333333335,0.5833333333333334,0.9166666666666666,0.7833333333333333,0.23333333333333334,0.6,0.016666666666666666,0.5666666666666667,0.9166666666666666,0.11666666666666667,0.5166666666666667,0.9833333333333333,0.08333333333333333,0.8166666666666667,0.8,0.7833333333333333,0.26666666666666666,0.016666666666666666,0.016666666666666666,0.016666666666666666,0.016666666666666666,0.016666666666666666,0.016666666666666666,0.65,0.5166666666666667,0.38333333333333336,0.2833333333333333,0.9833333333333333,0.6666666666666666,0.6,0.75,0.6,0.9166666666666666,0.5,0.9666666666666667,0.5166666666666667,0.55,0.4166666666666667,0.7666666666666667,0.7833333333333333,0.6666666666666666,0.5833333333333334,0.35,0.35,0.35,0.4,0.25,0.35,0.3333333333333333,0.23333333333333334,0.23333333333333334,0.2,0.7833333333333333,0.5833333333333334,0.6333333333333333,0.43333333333333335,0.7833333333333333,0.35,0.9333333333333333,0.7166666666666667,0.7666666666666667,0.38333333333333336,0.8833333333333333,2
2011-09-01,65581.0,95.1961,73.8276,-59834.0,1.26,14359.76,86.936,91.57,339011.0,3774.0,417750.0,8.959305804907242,19.49,4.106,610.0,0.9885245901639345,1269.5994,9551.5,0.08,226.597,203.7,3.3,1.008876,0.01,0.04,0.1,0.21,0.9,1.98,7.675454545454546,1.77,1.97,89.95478336114158,1.1406410402646288,0.01302156240518675,1.5771,1.3747,0.9975062344139651,286.7,208.6,1771.8522727272727,85.61,488.6,3.89,1131.4200439453125,2415.39990234375,10913.3798828125,8700.2900390625,2981.9599609375,280.17999267578125,2131.280029296875,11623.7998046875,17592.41015625,5128.5,5502.02001953125,64.01865,59.5,0.31436000000000003,0.41753999999999997,0.877061116879672,0.8893599999999999,-0.0548,83.35044860839844,70.606689453125,95.26744079589844,221.50666666666666,122.69902522038763,178.58756361223612,36.53,0.6833333333333333,0.55,0.6166666666666667,0.55,0.25,0.55,0.45,0.6,0.9166666666666666,0.95,0.4,0.55,0.03333333333333333,0.36666666666666664,0.9,0.18333333333333332,0.5333333333333333,0.95,0.03333333333333333,0.8166666666666667,0.8166666666666667,0.6333333333333333,0.13333333333333333,0.016666666666666666,0.016666666666666666,0.016666666666666666,0.016666666666666666,0.016666666666666666,0.016666666666666666,0.7166666666666667,0.43333333333333335,0.3,0.5666666666666667,0.8,0.5666666666666667,0.5166666666666667,0.45,0.35,0.7166666666666667,0.4,0.9166666666666666,0.5166666666666667,0.45,0.48333333333333334,0.36666666666666664,0.36666666666666664,0.36666666666666664,0.48333333333333334,0.25,0.26666666666666666,0.2833333333333333,0.21666666666666667,0.16666666666666666,0.3,0.26666666666666666,0.3333333333333333,0.3333333333333333,0.15,0.65,0.6,0.6333333333333333,0.5166666666666667,0.8666666666666667,0.5833333333333334,0.9333333333333333,0.38333333333333336,0.55,0.8833333333333333,0.8833333333333333,2
2011-10-01,67427.0,95.8568,74.1656,-60867.0,1.26,14364.71,87.093,91.614,341058.0,3619.0,402400.0,9.198807157057654,19.56,4.0675,671.0,0.8435171385991058,1280.3982,9584.4,0.07,226.75,201.1,3.2,1.4656093,0.02,0.05,0.11,0.28,1.06,2.15,7.908571428571429,1.87,2.13,90.7846179124263,1.1163206072784102,0.01304750596923398,1.5768,1.3732,0.9805844283192783,252.5,200.3,1665.2142857142858,86.41,442.8,3.563809523809524,1253.300048828125,2684.409912109375,11955.009765625,8988.3896484375,3242.840087890625,307.5,2139.179931640625,12252.099609375,19864.869140625,5544.2001953125,6141.33984375,65.41737,60.8,0.38495,0.354175,0.965650319593743,0.709,-0.07825,76.33993530273438,64.18510437011719,92.34331512451172,133.75290322580645,75.55926705113976,113.82279494272609,32.829047619047614,0.95,0.7666666666666667,0.6333333333333333,0.7666666666666667,0.26666666666666666,0.5333333333333333,0.4166666666666667,0.5666666666666667,0.85,0.7666666666666667,0.3333333333333333,0.6166666666666667,0.016666666666666666,0.5666666666666667,0.9666666666666667,0.016666666666666666,0.5666666666666667,0.8833333333333333,0.03333333333333333,0.7333333333333333,0.6333333333333333,0.5833333333333334,0.26666666666666666,0.05,0.03333333333333333,0.05,0.05,0.05,0.03333333333333333,0.75,0.43333333333333335,0.31666666666666665,0.8,0.6,0.38333333333333336,0.4666666666666667,0.35,0.2833333333333333,0.4666666666666667,0.4,0.5,0.4,0.21666666666666667,0.55,0.43333333333333335,0.45,0.45,0.55,0.3333333333333333,0.36666666666666664,0.26666666666666666,0.23333333333333334,0.2,0.36666666666666664,0.3,0.35,0.35,0.5333333333333333,0.31666666666666665,0.6166666666666667,0.5666666666666667,0.5,0.8666666666666667,0.6166666666666667,0.8166666666666667,0.1,0.35,0.36666666666666664,0.85,2
2011-11-01,64660.0,95.8485,73.9533,-62687.0,1.26,14349.583,86.946,91.808,342214.0,3565.0,389250.0,9.383429672447013,19.56,3.9925,706.0,0.8286118980169972,1293.2356,9636.5,0.08,227.169,201.4,3.2,1.5052488,0.01,0.05,0.11,0.25,0.91,2.01,7.606363636363636,1.76,2.0,91.3663651601576,1.1014428901861437,0.01289332705858083,1.5806,1.3558,0.9758001561280251,256.4,201.8,1738.9772727272727,97.21,452.1,3.264,1246.9599609375,2620.340087890625,12045.6796875,8434.6103515625,3154.6201171875,299.67999267578125,2073.949951171875,12204.099609375,17989.349609375,5505.39990234375,6088.83984375,68.53761,63.7,0.398875,0.308725,0.571142185423501,0.9783249999999999,-0.0895,83.15767669677734,95.57453155517578,70.11003875732422,133.72266666666667,78.17902266057708,43.31740899909435,31.94190476190476,0.6666666666666666,0.75,0.6333333333333333,0.85,0.2833333333333333,0.5333333333333333,0.35,0.6,0.7833333333333333,0.75,0.36666666666666664,0.6333333333333333,0.03333333333333333,0.3333333333333333,0.9833333333333333,0.016666666666666666,0.5833333333333334,0.9666666666666667,0.06666666666666667,0.6833333333333333,0.6,0.5833333333333334,0.3,0.03333333333333333,0.05,0.06666666666666667,0.05,0.03333333333333333,0.03333333333333333,0.6833333333333333,0.38333333333333336,0.2833333333333333,0.8,0.6333333333333333,0.35,0.45,0.36666666666666664,0.26666666666666666,0.4666666666666667,0.4,0.5666666666666667,0.5333333333333333,0.21666666666666667,0.3333333333333333,0.4166666666666667,0.4,0.48333333333333334,0.36666666666666664,0.38333333333333336,0.38333333333333336,0.31666666666666665,0.23333333333333334,0.16666666666666666,0.38333333333333336,0.3,0.35,0.35,0.65,0.18333333333333332,0.48333333333333334,0.6333333333333333,0.48333333333333334,0.26666666666666666,0.4666666666666667,0.21666666666666667,0.26666666666666666,0.3333333333333333,0.23333333333333334,0.8166666666666667,2
2011-12-01,68881.0,96.3571,74.3759,-65067.0,1.26,14479.33,86.985,91.96,343093.0,3768.0,377000.0,9.478514588859417,19.57,3.9579999999999997,697.0,0.8751793400286944,1304.0391,9683.9,0.07,227.223,199.8,3.1,1.7116627,0.01,0.05,0.12,0.26,0.89,1.98,7.510434782608696,1.72,1.97,92.22668557165845,1.0713520462824084,0.012854015658761875,1.5587,1.3155,0.9770395701025891,237.6,187.5,1652.3055555555557,98.57,449.5,3.162857142857143,1257.5999755859375,2605.14990234375,12217.5595703125,8455.349609375,3159.81005859375,312.4700012207031,2083.419921875,11955.099609375,18434.390625,5572.2998046875,5898.35009765625,75.20847,69.9,0.37223,0.333764,0.547294015149279,0.70366,-0.0996,85.34132385253906,88.89408111572266,77.47647857666016,186.00387096774193,88.39772089770635,52.83169315677552,25.047619047619047,0.8,0.6833333333333333,0.6666666666666666,0.8,0.3,0.6,0.35,0.65,0.7,0.8833333333333333,0.31666666666666665,0.65,0.016666666666666666,0.15,0.8666666666666667,0.05,0.6,0.9833333333333333,0.05,0.65,0.4,0.5166666666666667,0.43333333333333335,0.05,0.06666666666666667,0.08333333333333333,0.06666666666666667,0.016666666666666666,0.03333333333333333,0.65,0.36666666666666664,0.26666666666666666,0.8,0.36666666666666664,0.4,0.5166666666666667,0.38333333333333336,0.26666666666666666,0.38333333333333336,0.36666666666666664,0.35,0.4666666666666667,0.21666666666666667,0.2,0.38333333333333336,0.35,0.4166666666666667,0.35,0.2833333333333333,0.3,0.3,0.21666666666666667,0.2,0.3333333333333333,0.25,0.4166666666666667,0.4166666666666667,0.48333333333333334,0.2833333333333333,0.45,0.5333333333333333,0.4666666666666667,0.26666666666666666,0.36666666666666664,0.23333333333333334,0.48333333333333334,0.5666666666666667,0.26666666666666666,0.6166666666666667,2
2012-01-01,67784.0,96.9318,74.9205,-66735.0,1.25,14518.055,87.321,92.235,345656.0,3909.0,377750.0,9.13633355393779,19.59,3.915,712.0,0.7654494382022472,1321.3179,9757.6,0.08,227.842,200.7,3.3,1.4714419,0.03,0.07,0.12,0.24,0.84,1.97,6.8531818181818185,1.73,1.94,91.65514860573624,1.0665529010238908,0.012993087677355648,1.5524,1.291,0.987166831194472,259.4,192.7,1656.1190476190477,100.24,452.7,2.67727,1312.4100341796875,2813.840087890625,12632.91015625,8802.509765625,3298.550048828125,318.4700012207031,2206.800048828125,12452.2001953125,20390.490234375,5681.60009765625,6458.91015625,80.69578,75.0,0.4841185,0.19215,0.414464683921361,0.46290000000000003,-0.2575,79.63497161865234,93.6095962524414,62.06843185424805,156.16677419354838,76.10838963145328,102.96079606687651,20.228,0.7833333333333333,0.7833333333333333,0.7,0.5333333333333333,0.1,0.4666666666666667,0.4,0.7333333333333333,0.7,0.9,0.2833333333333333,0.55,0.016666666666666666,0.11666666666666667,0.9666666666666667,0.016666666666666666,0.6333333333333333,1.0,0.1,0.6333333333333333,0.26666666666666666,0.6333333333333333,0.2833333333333333,0.11666666666666667,0.1,0.1,0.05,0.016666666666666666,0.016666666666666666,0.55,0.36666666666666664,0.23333333333333334,0.8,0.25,0.4,0.43333333333333335,0.35,0.25,0.4,0.3333333333333333,0.45,0.4666666666666667,0.21666666666666667,0.18333333333333332,0.4,0.4166666666666667,0.43333333333333335,0.4,0.31666666666666665,0.31666666666666665,0.36666666666666664,0.23333333333333334,0.25,0.38333333333333336,0.3333333333333333,0.6,0.6,0.9333333333333333,0.016666666666666666,0.4,0.45,0.35,0.55,0.9166666666666666,0.15,0.4166666666666667,0.75,0.5166666666666667,0.31666666666666665,2
2012-02-01,69850.0,97.2435,75.1535,-60195.0,1.25,14591.389,87.85,92.364,350345.0,3616.0,363250.0,9.30970406056435,19.58,3.89,738.0,0.7601626016260162,1344.1778,9809.8,0.1,228.329,201.6,3.3,1.5014226,0.09,0.12,0.16,0.28,0.83,1.97,6.244285714285714,1.69,1.88,90.06548881679359,1.0967317394165386,0.012743723716069836,1.5804,1.3238,1.0033109260559847,256.8,193.3,1742.6190476190477,102.25,478.1,2.50486,1365.6800537109375,2966.889892578125,12952.0703125,9723.240234375,3452.449951171875,324.25,2275.860107421875,12644.0,21680.080078125,5871.5,6856.080078125,81.01856,75.3,0.45462749999999996,0.2485075,0.0204390171381297,0.160675,-0.384,92.4458236694336,104.2074966430664,78.59986114501953,112.6948275862069,71.55014347776125,25.40326008384958,18.4205,1.0,0.8333333333333334,0.7166666666666667,0.38333333333333336,0.11666666666666667,0.5166666666666667,0.6166666666666667,0.7,0.8,0.75,0.38333333333333336,0.6,0.03333333333333333,0.016666666666666666,1.0,0.016666666666666666,0.65,0.9666666666666667,0.18333333333333332,0.6166666666666667,0.25,0.6333333333333333,0.31666666666666665,0.26666666666666666,0.18333333333333332,0.11666666666666667,0.11666666666666667,0.016666666666666666,0.03333333333333333,0.4,0.31666666666666665,0.21666666666666667,0.75,0.4,0.26666666666666666,0.43333333333333335,0.36666666666666664,0.3,0.2833333333333333,0.23333333333333334,0.5666666666666667,0.5,0.23333333333333334,0.2,0.43333333333333335,0.4666666666666667,0.43333333333333335,0.48333333333333334,0.36666666666666664,0.31666666666666665,0.4,0.23333333333333334,0.31666666666666665,0.4166666666666667,0.38333333333333336,0.5,0.5,0.8833333333333333,0.05,0.26666666666666666,0.36666666666666664,0.2833333333333333,0.6333333333333333,0.85,0.4166666666666667,0.3,0.75,0.31666666666666665,0.23333333333333334,2
2012-03-01,69491.0,96.74,74.669,-66971.0,1.25,14635.02,87.735,92.521,351748.0,3979.0,366600.0,9.10201854882706,19.64,3.9539999999999997,806.0,0.7220843672456576,1350.492,9853.9,0.13,228.807,204.2,3.9,1.3620536,0.08,0.14,0.19,0.34,1.02,2.17,5.96304347826087,1.83,2.09,90.61134489978936,1.0951702989814915,0.012126224293920275,1.5824,1.3208,1.0062386798148522,268.2,195.9,1673.7727272727273,106.19,479.4,2.163636363636364,1408.469970703125,3091.570068359375,13212.0400390625,10083.5595703125,3423.81005859375,323.510009765625,2324.050048828125,12392.2001953125,20555.580078125,5768.5,6946.830078125,81.98691,76.2,0.4347036,0.2726326,-0.0803723848763726,-0.01134,-0.4298,88.75997924804688,87.85648345947266,85.85698699951172,90.2490322580645,30.020061955726998,27.31396899535742,16.167272727272728,0.7666666666666667,0.6333333333333333,0.7,0.6833333333333333,0.13333333333333333,0.5666666666666667,0.45,0.75,0.6833333333333333,0.85,0.38333333333333336,0.5166666666666667,0.05,0.13333333333333333,1.0,0.016666666666666666,0.65,0.95,0.2833333333333333,0.48333333333333334,0.23333333333333334,0.8333333333333334,0.23333333333333334,0.26666666666666666,0.2,0.18333333333333332,0.13333333333333333,0.11666666666666667,0.11666666666666667,0.3333333333333333,0.4166666666666667,0.2833333333333333,0.8,0.23333333333333334,0.1,0.43333333333333335,0.3333333333333333,0.25,0.38333333333333336,0.4166666666666667,0.31666666666666665,0.31666666666666665,0.26666666666666666,0.15,0.5166666666666667,0.5333333333333333,0.5,0.7666666666666667,0.4,0.36666666666666664,0.45,0.21666666666666667,0.26666666666666666,0.4,0.45,0.8666666666666667,0.8666666666666667,0.85,0.1,0.21666666666666667,0.3333333333333333,0.21666666666666667,0.05,0.06666666666666667,0.016666666666666666,0.16666666666666666,0.11666666666666667,0.1,0.06666666666666667,2
2012-04-01,67718.0,97.4359,74.9465,-64077.0,1.26,14689.558,87.816,92.661,349722.0,3793.0,381750.0,8.704649639816633,19.68,3.91,732.0,0.9166666666666666,1368.5956,9907.7,0.14,229.187,203.7,3.2,1.6869361,0.08,0.14,0.18,0.29,0.89,2.05,6.12952380952381,1.76,1.97,90.90334031995663,1.0949304719150335,0.01230732876813485,1.6,1.316,1.0072522159548751,258.7,190.7,1650.0657894736842,103.33,467.8,1.94875,1397.9100341796875,3046.360107421875,13213.6298828125,9520.8896484375,3212.800048828125,308.29998779296875,2208.43994140625,12292.7001953125,21094.2109375,5737.7998046875,6761.18994140625,82.2021,76.4,0.3128345,0.35149474999999997,-0.0327818525179506,0.09227500000000001,-0.40475,96.01668548583984,101.92078399658203,86.38436889648438,94.954,62.48596278129446,46.40848510557908,17.823,0.6333333333333333,0.7833333333333333,0.7333333333333333,0.6333333333333333,0.36666666666666664,0.7,0.5666666666666667,0.65,0.6,0.7333333333333333,0.4166666666666667,0.38333333333333336,0.05,0.1,0.9333333333333333,0.18333333333333332,0.6833333333333333,0.9,0.31666666666666665,0.45,0.21666666666666667,0.55,0.4666666666666667,0.2833333333333333,0.21666666666666667,0.15,0.13333333333333333,0.06666666666666667,0.1,0.36666666666666664,0.36666666666666664,0.25,0.8166666666666667,0.18333333333333332,0.16666666666666666,0.4,0.23333333333333334,0.18333333333333332,0.21666666666666667,0.25,0.25,0.23333333333333334,0.23333333333333334,0.13333333333333333,0.4166666666666667,0.45,0.38333333333333336,0.6,0.23333333333333334,0.2833333333333333,0.26666666666666666,0.23333333333333334,0.3,0.35,0.3,0.8166666666666667,0.8166666666666667,0.13333333333333333,0.36666666666666664,0.23333333333333334,0.3333333333333333,0.25,0.7333333333333333,0.9666666666666667,0.13333333333333333,0.26666666666666666,0.43333333333333335,0.6666666666666666,0.2,2
2012-05-01,69334.0,97.6609,74.6333,-62589.0,1.27,14687.217,87.822,92.755,349064.0,3835.0,373500.0,8.910307898259706,19.68,3.7979999999999996,796.0,0.7864321608040201,1379.0397,9951.4,0.16,228.713,201.9,3.0,1.5903147,0.09,0.15,0.19,0.29,0.76,1.8,6.313478260869566,1.51,1.71,92.48579609060035,1.0657572205051689,0.012552280247229713,1.5924,1.2806,0.9903931860948796,249.7,183.9,1585.5045454545455,94.7,457.0,2.432727272727273,1310.3299560546875,2827.340087890625,12393.4501953125,8542.73046875,3017.010009765625,290.0899963378906,2093.56005859375,11513.2001953125,18629.51953125,5320.89990234375,6264.3798828125,85.32233,79.3,0.28572960000000003,0.39439199999999996,0.141648495472359,0.21150000000000002,-0.30525,78.17115783691406,80.6348876953125,69.74354553222656,120.23387096774194,61.22184380182376,18.78744767036304,21.001818181818184,0.6,0.7833333333333333,0.7,0.31666666666666665,0.5666666666666667,0.7166666666666667,0.6166666666666667,0.6,0.6166666666666667,0.8,0.2833333333333333,0.4,0.03333333333333333,0.16666666666666666,0.95,0.06666666666666667,0.6833333333333333,0.7666666666666667,0.4666666666666667,0.35,0.21666666666666667,0.4166666666666667,0.43333333333333335,0.31666666666666665,0.26666666666666666,0.21666666666666667,0.15,0.016666666666666666,0.016666666666666666,0.4,0.21666666666666667,0.16666666666666666,0.8333333333333334,0.05,0.11666666666666667,0.38333333333333336,0.11666666666666667,0.18333333333333332,0.21666666666666667,0.23333333333333334,0.15,0.21666666666666667,0.2833333333333333,0.2,0.36666666666666664,0.36666666666666664,0.31666666666666665,0.43333333333333335,0.2,0.26666666666666666,0.26666666666666666,0.21666666666666667,0.18333333333333332,0.25,0.2833333333333333,0.75,0.75,0.06666666666666667,0.5666666666666667,0.2833333333333333,0.38333333333333336,0.3,0.08333333333333333,0.26666666666666666,0.03333333333333333,0.5833333333333334,0.5166666666666667,0.26666666666666666,0.38333333333333336,2
2012-06-01,67543.0,97.6663,74.7583,-60415.0,1.29,14680.673,87.73,92.85,345339.0,3911.0,379200.0,8.766877637130802,19.71,3.675,794.0,0.7871536523929471,1397.9731,10021.6,0.16,228.524,199.8,3.1,0.78930567,0.09,0.15,0.19,0.29,0.71,1.62,6.7713636363636365,1.33,1.53,93.81163152595165,1.0442773600668338,0.0126079238279674,1.5556,1.2541,0.9727626459143969,247.6,185.8,1596.6973684210527,82.41,435.9,2.458571428571429,1362.1600341796875,2935.050048828125,12880.08984375,9006.7802734375,3196.64990234375,307.30999755859375,2227.6298828125,11596.599609375,19441.4609375,5571.2001953125,6416.27978515625,78.75908,73.2,0.3076135,0.40447525,0.130206772422184,0.25251999999999997,-0.24980000000000002,77.82243347167969,70.23216247558594,82.17473602294922,169.62566666666666,131.7220106639241,34.21148036222307,21.13095238095238,0.5166666666666667,0.7333333333333333,0.7333333333333333,0.25,0.7666666666666667,0.6,0.45,0.6,0.45,0.7,0.43333333333333335,0.38333333333333336,0.06666666666666667,0.15,0.9,0.08333333333333333,0.7333333333333333,0.7333333333333333,0.48333333333333334,0.3333333333333333,0.2,0.5,0.1,0.3333333333333333,0.2833333333333333,0.23333333333333334,0.16666666666666666,0.016666666666666666,0.016666666666666666,0.5166666666666667,0.15,0.13333333333333333,0.85,0.03333333333333333,0.08333333333333333,0.3333333333333333,0.08333333333333333,0.18333333333333332,0.2,0.26666666666666666,0.13333333333333333,0.2,0.21666666666666667,0.16666666666666666,0.48333333333333334,0.4666666666666667,0.4166666666666667,0.5333333333333333,0.3,0.45,0.4666666666666667,0.23333333333333334,0.26666666666666666,0.3333333333333333,0.3,0.6,0.6,0.15,0.6,0.26666666666666666,0.38333333333333336,0.35,0.38333333333333336,0.5166666666666667,0.25,0.6,0.6166666666666667,0.05,0.38333333333333336,2
2012-07-01,64800.0,97.8713,74.5256,-59723.0,1.3,14586.106,87.914,92.946,346936.0,3735.0,372500.0,8.874496644295302,19.75,3.55,849.0,0.7962308598351001,1413.7811,10074.5,0.16,228.59,200.1,3.0,1.2966497,0.1,0.15,0.19,0.25,0.62,1.53,6.355,1.28,1.43,93.36829893864875,1.0221813349688236,0.012668683521083223,1.5593,1.2278,0.9859988168014199,298.4,224.1,1593.909090909091,87.93,438.7,2.954004761904762,1379.3199462890625,2939.52001953125,13008.6796875,8695.0595703125,3291.659912109375,326.4700012207031,2274.840087890625,11664.7001953125,19796.810546875,5635.2998046875,6772.259765625,77.79073,72.3,0.28292525,0.382436,0.0691099858198929,0.058425,-0.33325,82.80802154541016,79.33626556396484,91.00080108642578,171.5925806451613,123.276343608724,50.93926149053786,17.565238095238094,0.36666666666666664,0.6833333333333333,0.6833333333333333,0.3,0.7666666666666667,0.43333333333333335,0.48333333333333334,0.5833333333333334,0.48333333333333334,0.5166666666666667,0.4,0.38333333333333336,0.03333333333333333,0.016666666666666666,0.9833333333333333,0.1,0.7833333333333333,0.65,0.5,0.31666666666666665,0.2,0.43333333333333335,0.2,0.36666666666666664,0.3,0.25,0.08333333333333333,0.016666666666666666,0.016666666666666666,0.38333333333333336,0.11666666666666667,0.11666666666666667,0.85,0.016666666666666666,0.06666666666666667,0.4,0.05,0.18333333333333332,0.43333333333333335,0.5333333333333333,0.1,0.23333333333333334,0.2,0.3,0.5833333333333334,0.5166666666666667,0.55,0.45,0.5166666666666667,0.55,0.55,0.31666666666666665,0.31666666666666665,0.43333333333333335,0.4666666666666667,0.8666666666666667,0.8666666666666667,0.06666666666666667,0.5166666666666667,0.25,0.2833333333333333,0.26666666666666666,0.7333333333333333,0.9333333333333333,0.38333333333333336,0.25,0.31666666666666665,0.3,0.11666666666666667,2
2012-08-01,63535.0,97.4525,74.345,-61109.0,1.29,14553.669,87.932,93.005,351782.0,3809.0,373250.0,8.858004018754187,19.74,3.6019999999999994,840.0,0.8142857142857143,1425.6215,10145.6,0.13,229.918,202.7,3.6,1.3700924,0.1,0.14,0.18,0.27,0.71,1.68,5.923043478260869,1.41,1.58,92.5555410476216,1.0329511414110113,0.0127079497121014,1.5722,1.2406,1.0076582023377672,312.3,224.6,1626.034090909091,94.16,434.6,2.840547826086957,1406.5799560546875,3066.9599609375,13090.83984375,8839.91015625,3413.070068359375,329.2799987792969,2345.68994140625,11949.2998046875,19482.5703125,5711.5,6970.7900390625,79.94262,74.3,0.36088139999999996,0.297723,-0.240523726095538,-0.1308,-0.42560000000000003,74.87835693359375,70.9891586303711,78.11161804199219,149.64612903225805,107.42556663357695,43.68611020290536,15.689565217391305,0.3333333333333333,0.4666666666666667,0.6666666666666666,0.3,0.75,0.4166666666666667,0.5666666666666667,0.5,0.5666666666666667,0.7,0.5,0.36666666666666664,0.05,0.2833333333333333,0.9333333333333333,0.11666666666666667,0.7166666666666667,0.48333333333333334,0.3,0.36666666666666664,0.26666666666666666,0.7833333333333333,0.3,0.38333333333333336,0.23333333333333334,0.16666666666666666,0.11666666666666667,0.05,0.05,0.25,0.15,0.15,0.8,0.016666666666666666,0.016666666666666666,0.36666666666666664,0.06666666666666667,0.36666666666666664,0.5,0.5333333333333333,0.016666666666666666,0.4166666666666667,0.23333333333333334,0.31666666666666665,0.7833333333333333,0.7333333333333333,0.6666666666666666,0.7,0.7,0.8,0.65,0.35,0.4166666666666667,0.6,0.7166666666666667,1.0,1.0,0.4166666666666667,0.18333333333333332,0.08333333333333333,0.2,0.18333333333333332,0.21666666666666667,0.75,0.06666666666666667,0.1,0.11666666666666667,0.23333333333333334,0.016666666666666666,2
2012-09-01,63822.0,97.381,74.1108,-57416.0,1.29,14662.932,88.056,93.119,354575.0,3882.0,381800.0,8.68098480880042,19.79,3.4975,930.0,0.7010752688172043,1434.331,10226.1,0.14,231.015,204.4,3.3,1.9315046,0.11,0.14,0.18,0.26,0.67,1.72,5.611428571428571,1.46,1.61,91.09419267375634,1.0654165778819518,0.012798312670457527,1.6126,1.2885,1.0221813349688236,310.1,232.3,1744.45,94.72,455.0,2.852105263157895,1440.6700439453125,3116.22998046875,13437.1298828125,8870.16015625,3354.820068359375,323.17999267578125,2373.330078125,12317.5,20840.380859375,5742.10009765625,7216.14990234375,84.24639,78.3,0.35779325,0.34072475,-0.356652929304069,-0.35664999999999997,-0.5055000000000001,69.28050994873047,68.40282440185547,65.87126159667969,146.60366666666667,136.66848748904397,59.66230542445861,15.284736842105264,0.25,0.48333333333333334,0.65,0.26666666666666666,0.75,0.5666666666666667,0.5666666666666667,0.55,0.55,0.48333333333333334,0.5333333333333333,0.3,0.1,0.3,1.0,0.016666666666666666,0.7333333333333333,0.5833333333333334,0.35,0.43333333333333335,0.31666666666666665,0.6333333333333333,0.65,0.4166666666666667,0.25,0.18333333333333332,0.11666666666666667,0.03333333333333333,0.06666666666666667,0.2,0.18333333333333332,0.15,0.7,0.11666666666666667,0.03333333333333333,0.7166666666666667,0.4,0.43333333333333335,0.5,0.5833333333333334,0.1,0.43333333333333335,0.36666666666666664,0.3333333333333333,0.9166666666666666,0.8833333333333333,0.9,0.7666666666666667,0.8666666666666667,0.8333333333333334,0.8166666666666667,0.5666666666666667,0.7666666666666667,0.7666666666666667,0.9666666666666667,0.9833333333333333,0.9833333333333333,0.4,0.35,0.06666666666666667,0.06666666666666667,0.11666666666666667,0.15,0.45,0.05,0.16666666666666666,0.5166666666666667,0.08333333333333333,0.016666666666666666,2
2012-10-01,66104.0,97.7193,73.9373,-60545.0,1.29,14761.628,88.05,93.345,354747.0,3775.0,368500.0,8.890773405698779,19.79,3.3825000000000003,887.0,0.8229988726042841,1449.5834,10292.4,0.16,231.638,203.5,3.1,1.6131067,0.1,0.15,0.18,0.28,0.71,1.75,5.486521739130435,1.47,1.65,90.80752356776159,1.0726161106939827,0.012656113155776503,1.608,1.2974,1.012965964343598,297.7,234.7,1747.0108695652175,89.57,459.5,3.319130434782609,1412.1600341796875,2977.22998046875,13096.4599609375,8928.2900390625,3429.27001953125,330.760009765625,2369.2099609375,12422.900390625,21641.8203125,5782.7001953125,7260.6298828125,88.87295,82.6,0.305855,0.399267,-0.334535823021158,-0.464775,-0.54625,81.66366577148438,74.20600891113281,88.03089904785156,161.69774193548386,89.7789054659786,82.02174351585131,16.276190476190475,0.2833333333333333,0.43333333333333335,0.6333333333333333,0.3333333333333333,0.75,0.7333333333333333,0.43333333333333335,0.7333333333333333,0.5,0.5333333333333333,0.55,0.38333333333333336,0.016666666666666666,0.23333333333333334,0.9166666666666666,0.15,0.7666666666666667,0.6,0.55,0.5,0.3333333333333333,0.5,0.5166666666666667,0.4,0.35,0.2,0.18333333333333332,0.08333333333333333,0.08333333333333333,0.13333333333333333,0.2,0.15,0.6,0.23333333333333334,0.016666666666666666,0.7166666666666667,0.45,0.4666666666666667,0.5666666666666667,0.6166666666666667,0.21666666666666667,0.31666666666666665,0.48333333333333334,0.5,0.6833333333333333,0.5833333333333334,0.6333333333333333,0.7333333333333333,0.7166666666666667,0.7333333333333333,0.8,0.48333333333333334,0.6166666666666667,0.5833333333333334,0.6833333333333333,1.0,1.0,0.16666666666666666,0.5833333333333334,0.08333333333333333,0.016666666666666666,0.1,0.7666666666666667,0.8166666666666667,0.55,0.5333333333333333,0.5666666666666667,0.35,0.08333333333333333,2
2012-11-01,66414.0,98.0777,74.3212,-64668.0,1.28,14962.471,88.434,93.445,356158.0,3878.0,401250.0,8.289719626168225,19.84,3.3519999999999994,917.0,0.7284623773173392,1457.5771,10361.9,0.16,231.249,201.8,3.1,1.6632266,0.09,0.14,0.18,0.27,0.67,1.65,5.709090909090909,1.38,1.56,91.44382574640886,1.0651896037494675,0.012341032080512893,1.5968,1.2837,1.0030090270812437,292.8,236.0,1721.1363636363637,86.66,442.1,3.5395,1416.1800537109375,3010.239990234375,13025.580078125,9446.009765625,3557.280029296875,336.54998779296875,2436.949951171875,12239.400390625,22030.390625,5866.7998046875,7405.5,88.98055,82.7,0.3596022,0.4097124,-0.36042804110954,-0.37329999999999997,-0.5496000000000001,81.38964080810547,75.65846252441406,89.04841613769531,208.19033333333334,126.06981088005773,11.236362837973918,16.701904761904764,0.38333333333333336,0.5166666666666667,0.7,0.4166666666666667,0.65,0.9333333333333333,0.8,0.65,0.5166666666666667,0.5666666666666667,0.6166666666666667,0.25,0.11666666666666667,0.2833333333333333,0.9,0.05,0.7166666666666667,0.6166666666666667,0.5666666666666667,0.4166666666666667,0.2833333333333333,0.5166666666666667,0.55,0.35,0.26666666666666666,0.21666666666666667,0.15,0.05,0.05,0.21666666666666667,0.1,0.08333333333333333,0.6166666666666667,0.25,0.016666666666666666,0.7,0.4666666666666667,0.45,0.5333333333333333,0.6166666666666667,0.11666666666666667,0.23333333333333334,0.43333333333333335,0.75,0.7166666666666667,0.6333333333333333,0.6,0.9,0.8666666666666667,0.7833333333333333,0.8666666666666667,0.45,0.8333333333333334,0.6666666666666666,0.7666666666666667,0.9333333333333333,0.9333333333333333,0.43333333333333335,0.65,0.06666666666666667,0.08333333333333333,0.08333333333333333,0.48333333333333334,0.15,0.8833333333333333,0.7166666666666667,0.7666666666666667,0.05,0.1,2
2012-12-01,66560.0,98.3101,74.7755,-56678.0,1.29,15333.647,88.47,93.514,357519.0,3970.0,359000.0,8.886350974930362,19.9,3.3449999999999998,941.0,0.7194473963868225,1474.5892,10484.1,0.16,231.221,201.5,3.2,2.1029068,0.07,0.12,0.16,0.26,0.7,1.72,5.331904761904762,1.46,1.65,90.89528613162949,1.08542277216976,0.011934527183869293,1.6145,1.3119,1.0103051121438675,293.7,231.6,1688.5294117647059,88.25,453.5,3.338235,1426.18994140625,3019.510009765625,13104.1396484375,10395.1796875,3620.25,342.7099914550781,2466.27001953125,12433.5,22656.919921875,5897.7998046875,7612.39013671875,78.43629,72.9,0.44064575,0.29925575,-0.417473268481752,-0.511275,-0.582,74.83155822753906,66.24052429199219,82.9786148071289,211.77129032258065,104.01222595943538,34.212079441899384,17.307,0.25,0.45,0.8333333333333334,0.21666666666666667,0.75,1.0,0.7833333333333333,0.5333333333333333,0.5166666666666667,0.5166666666666667,0.6166666666666667,0.36666666666666664,0.18333333333333332,0.3333333333333333,0.9333333333333333,0.03333333333333333,0.7833333333333333,0.6666666666666666,0.5833333333333334,0.4166666666666667,0.35,0.6,0.8,0.26666666666666666,0.2,0.13333333333333333,0.13333333333333333,0.06666666666666667,0.1,0.1,0.16666666666666666,0.15,0.48333333333333334,0.35,0.016666666666666666,0.8,0.5833333333333334,0.5,0.6333333333333333,0.6666666666666666,0.18333333333333332,0.25,0.4666666666666667,0.6833333333333333,0.7,0.65,0.5666666666666667,0.9333333333333333,0.9,0.7333333333333333,0.8833333333333333,0.55,0.85,0.6,0.9166666666666666,0.6,0.6,0.8666666666666667,0.2,0.05,0.016666666666666666,0.03333333333333333,0.26666666666666666,0.13333333333333333,0.7,0.4666666666666667,0.5666666666666667,0.25,0.13333333333333333,2
2013-01-01,69971.0,98.3342,74.589,-60764.0,1.29,14568.746,88.864,93.703,360257.0,3923.0,353000.0,8.874645892351275,19.93,3.414,940.0,0.7595744680851064,1485.1014,10508.1,0.14,231.679,202.5,3.3,1.3155854,0.07,0.11,0.15,0.27,0.81,1.91,4.936521739130434,1.64,1.84,90.8255,1.0829542993285683,0.01122862490890778,1.5965,1.3304,1.0079629069650238,297.8,224.9,1670.9545454545455,94.69,456.3,3.338571428571429,1498.1099853515625,3142.1298828125,13860.580078125,11138.66015625,3732.60009765625,354.3500061035156,2520.35009765625,12685.2001953125,23729.529296875,6276.89990234375,7776.0498046875,79.40465,73.8,0.458974,0.27803680000000003,-0.508384543275068,-0.639325,-0.63025,90.6574935913086,84.139892578125,108.9493179321289,204.00322580645164,97.48262089011577,20.04611411527406,13.505238095238095,0.4166666666666667,0.4166666666666667,0.7833333333333333,0.23333333333333334,0.75,0.3,0.8,0.4666666666666667,0.5166666666666667,0.4166666666666667,0.6,0.35,0.2,0.4666666666666667,0.8833333333333333,0.08333333333333333,0.7,0.6,0.36666666666666664,0.36666666666666664,0.36666666666666664,0.6833333333333333,0.23333333333333334,0.2833333333333333,0.16666666666666666,0.11666666666666667,0.18333333333333332,0.15,0.15,0.08333333333333333,0.26666666666666666,0.16666666666666666,0.5333333333333333,0.38333333333333336,0.016666666666666666,0.7666666666666667,0.65,0.43333333333333335,0.5666666666666667,0.6166666666666667,0.15,0.31666666666666665,0.4666666666666667,0.8166666666666667,0.7166666666666667,0.5833333333333334,0.6333333333333333,0.95,0.8666666666666667,0.75,0.8166666666666667,0.5166666666666667,0.75,0.7166666666666667,0.7,0.45,0.45,0.9,0.11666666666666667,0.016666666666666666,0.016666666666666666,0.016666666666666666,0.8333333333333334,0.36666666666666664,0.9833333333333333,0.6166666666666667,0.6166666666666667,0.03333333333333333,0.016666666666666666,2
2013-02-01,66123.0,98.7941,74.8632,-61750.0,1.27,14539.752,88.849,93.805,365227.0,4004.0,353000.0,8.66501416430595,19.99,3.5324999999999998,980.0,0.7438775510204082,1491.2673,10527.5,0.15,232.937,204.3,3.3,1.3608065,0.1,0.12,0.16,0.27,0.85,1.98,4.993,1.71,1.88,91.5564181909331,1.0855405992184108,0.010752503182740942,1.5474,1.3347,0.9902951079421667,286.2,214.4,1627.5875,95.32,459.4,3.3055,1514.6800537109375,3160.18994140625,14054.490234375,11559.3603515625,3723.0,340.5299987792969,2569.169921875,12821.7998046875,23020.26953125,6360.7998046875,7741.7001953125,83.49323,77.6,0.38799425,0.318463,-0.583542554157966,-0.5999749999999999,-0.6485000000000001,81.59033203125,77.60531616210938,85.65817260742188,145.20964285714285,77.29902954089897,35.52704185446253,14.072631578947368,0.25,0.4166666666666667,0.8666666666666667,0.4166666666666667,0.5333333333333333,0.23333333333333334,0.43333333333333335,0.45,0.5166666666666667,0.5833333333333334,0.65,0.23333333333333334,0.36666666666666664,0.55,0.9,0.08333333333333333,0.65,0.5166666666666667,0.43333333333333335,0.5166666666666667,0.4,0.7,0.2833333333333333,0.4666666666666667,0.23333333333333334,0.16666666666666666,0.2,0.2,0.23333333333333334,0.1,0.31666666666666665,0.18333333333333332,0.7,0.31666666666666665,0.016666666666666666,0.5166666666666667,0.6166666666666667,0.35,0.5166666666666667,0.5833333333333334,0.03333333333333333,0.2833333333333333,0.4166666666666667,0.8666666666666667,0.5833333333333334,0.4666666666666667,0.5833333333333334,0.8833333333333333,0.7666666666666667,0.5666666666666667,0.7833333333333333,0.5166666666666667,0.5666666666666667,0.6666666666666666,0.5833333333333334,0.55,0.55,0.6166666666666667,0.3333333333333333,0.016666666666666666,0.03333333333333333,0.016666666666666666,0.3,0.11666666666666667,0.7,0.6,0.48333333333333334,0.7166666666666667,0.03333333333333333,2
2013-03-01,65898.0,99.1921,74.7698,-55614.0,1.29,14590.576,88.963,93.891,362148.0,4076.0,351800.0,8.63501989766913,20.01,3.565,936.0,0.8717948717948718,1499.186,10583.8,0.14,232.282,204.0,3.2,1.0049408,0.09,0.11,0.15,0.26,0.82,1.96,4.804090909090909,1.7,1.87,92.39775716184371,1.0564124234100993,0.010551862403714257,1.508,1.2953,0.9761811792268645,297.5,208.0,1592.8625,93.05,445.4,3.784285714285714,1569.18994140625,3267.52001953125,14578.5400390625,12397.91015625,3731.419921875,348.1000061035156,2592.18994140625,12749.900390625,22299.630859375,6411.7001953125,7795.31005859375,84.56918,78.6,0.384538,0.33131475,-0.545716789376896,-0.6524,-0.6566000000000001,75.89672088623047,81.89175415039062,69.39681243896484,137.8290322580645,74.67810941789031,28.561545810500082,13.0315,0.26666666666666666,0.5833333333333334,0.85,0.21666666666666667,0.75,0.25,0.6166666666666667,0.4,0.36666666666666664,0.4,0.65,0.21666666666666667,0.3,0.55,0.65,0.26666666666666666,0.6666666666666666,0.55,0.38333333333333336,0.35,0.2833333333333333,0.6166666666666667,0.15,0.4,0.18333333333333332,0.13333333333333333,0.15,0.16666666666666666,0.16666666666666666,0.05,0.3,0.16666666666666666,0.7166666666666667,0.25,0.05,0.31666666666666665,0.5333333333333333,0.26666666666666666,0.5166666666666667,0.5333333333333333,0.06666666666666667,0.21666666666666667,0.36666666666666664,0.9833333333333333,0.5833333333333334,0.4166666666666667,0.6333333333333333,0.9166666666666666,0.7666666666666667,0.6833333333333333,0.75,0.5333333333333333,0.6166666666666667,0.7333333333333333,0.5666666666666667,0.55,0.55,0.5833333333333334,0.36666666666666664,0.03333333333333333,0.016666666666666666,0.016666666666666666,0.18333333333333332,0.4166666666666667,0.23333333333333334,0.7666666666666667,0.9166666666666666,0.5833333333333334,0.016666666666666666,2
2013-04-01,67834.0,99.1065,74.5484,-58407.0,1.3,14650.083,88.983,93.937,360499.0,3988.0,347250.0,8.758819294456444,20.04,3.4450000000000003,1012.0,0.7035573122529645,1507.451,10611.3,0.15,231.797,203.5,3.1,1.4563149,0.06,0.09,0.12,0.23,0.71,1.76,4.76409090909091,1.53,1.7,92.04476251459532,1.067691650651292,0.010229320916301651,1.5311,1.3025,0.9816432708353785,264.7,208.5,1485.0833333333333,92.07,431.7,4.161363636363636,1597.5699462890625,3328.7900390625,14839.7998046875,13860.8603515625,3856.75,351.3900146484375,2643.419921875,12456.5,22737.009765625,6430.10009765625,7913.7099609375,82.2021,76.4,0.27485525,0.424217,-0.402219524898874,-0.616425,-0.687,95.10787200927734,99.5219497680664,87.4727554321289,89.16766666666668,34.016665274439994,32.31076029638058,13.967272727272727,0.4166666666666667,0.4,0.7833333333333333,0.26666666666666666,0.7666666666666667,0.26666666666666666,0.5833333333333334,0.3333333333333333,0.38333333333333336,0.48333333333333334,0.5,0.2833333333333333,0.2833333333333333,0.5333333333333333,0.9833333333333333,0.03333333333333333,0.6333333333333333,0.48333333333333334,0.4666666666666667,0.26666666666666666,0.2833333333333333,0.5333333333333333,0.38333333333333336,0.25,0.15,0.11666666666666667,0.05,0.13333333333333333,0.13333333333333333,0.05,0.21666666666666667,0.13333333333333333,0.65,0.2833333333333333,0.016666666666666666,0.35,0.5666666666666667,0.3,0.4166666666666667,0.6,0.016666666666666666,0.25,0.35,1.0,0.7333333333333333,0.5166666666666667,0.6666666666666666,1.0,0.9166666666666666,0.8166666666666667,0.9,0.48333333333333334,0.6166666666666667,0.7666666666666667,0.65,0.43333333333333335,0.43333333333333335,0.03333333333333333,0.8,0.11666666666666667,0.05,0.016666666666666666,0.48333333333333334,0.5,0.5833333333333334,0.31666666666666665,0.18333333333333332,0.4,0.05,2
2013-05-01,69461.0,99.1839,74.7765,-62194.0,1.28,14720.7,89.237,94.047,362842.0,4145.0,347750.0,8.662113587347232,20.05,3.536,1003.0,0.7058823529411765,1510.4217,10646.1,0.11,231.893,204.1,3.1,1.1780254,0.04,0.08,0.12,0.25,0.84,1.93,4.378260869565217,1.68,1.89,92.51694721314878,1.0463534581981793,0.009908976145130829,1.5297,1.2983,0.9807767752059631,278.3,211.2,1413.5,94.8,424.7,4.074347826086957,1630.739990234375,3455.909912109375,15115.5703125,13774.5400390625,3948.590087890625,363.3800048828125,2649.360107421875,12650.400390625,22392.16015625,6583.10009765625,8348.83984375,90.91724,84.5,0.39041380000000003,0.2878188,-0.530227171076868,-0.59048,-0.7087999999999999,83.71731567382812,75.3292236328125,98.22759246826172,78.37612903225806,35.08108827374346,22.428136934527306,13.493636363636364,0.43333333333333335,0.36666666666666664,0.9,0.4,0.5833333333333334,0.3333333333333333,0.7,0.36666666666666664,0.43333333333333335,0.5333333333333333,0.6166666666666667,0.2,0.3,0.6166666666666667,0.7666666666666667,0.05,0.6166666666666667,0.45,0.21666666666666667,0.3333333333333333,0.4166666666666667,0.55,0.18333333333333332,0.18333333333333332,0.13333333333333333,0.13333333333333333,0.11666666666666667,0.23333333333333334,0.18333333333333332,0.016666666666666666,0.26666666666666666,0.23333333333333334,0.5333333333333333,0.3333333333333333,0.016666666666666666,0.38333333333333336,0.6666666666666666,0.43333333333333335,0.5666666666666667,0.6666666666666666,0.016666666666666666,0.4,0.4,0.9333333333333333,0.9,0.7666666666666667,0.8833333333333333,1.0,0.9666666666666667,0.9166666666666666,0.9,0.7,0.85,0.9333333333333333,0.9666666666666667,0.6666666666666666,0.6666666666666666,0.6666666666666666,0.13333333333333333,0.05,0.08333333333333333,0.016666666666666666,0.75,0.4166666666666667,0.95,0.16666666666666666,0.21666666666666667,0.65,0.03333333333333333,2
2013-06-01,69491.0,99.3897,74.9749,-55548.0,1.29,14720.82,89.219,94.209,364181.0,4150.0,344600.0,8.684852002321533,20.13,4.07,942.0,0.7813163481953291,1521.7516,10703.3,0.09,232.445,204.3,3.0,1.3532103,0.05,0.09,0.14,0.33,1.2,2.3,5.058095238095238,1.97,2.25,93.27519287852718,1.0716964955524595,0.010284362626626214,1.5493,1.3197,0.9695559433779328,284.9,207.4,1342.3625,95.8,419.7,3.806,1606.280029296875,3403.25,14909.599609375,13677.3203125,3738.909912109375,344.5899963378906,2526.110107421875,12129.099609375,20803.2890625,6215.5,7959.22021484375,90.48686,84.1,0.32543775,0.34668175,-0.348285219074921,-0.07155,-0.6475,82.97300720214844,78.82188415527344,86.63420104980469,81.67,55.33706098550452,57.17888615333739,17.2715,0.4666666666666667,0.4,0.9666666666666667,0.3,0.7333333333333333,0.35,0.7333333333333333,0.4166666666666667,0.6333333333333333,0.5,0.5,0.23333333333333334,0.48333333333333334,1.0,0.65,0.18333333333333332,0.5833333333333334,0.43333333333333335,0.15,0.4666666666666667,0.4666666666666667,0.45,0.3,0.23333333333333334,0.18333333333333332,0.15,0.36666666666666664,0.4,0.38333333333333336,0.16666666666666666,0.48333333333333334,0.38333333333333336,0.48333333333333334,0.5,0.03333333333333333,0.6666666666666666,0.8,0.4666666666666667,0.65,0.65,0.016666666666666666,0.7,0.48333333333333334,0.9333333333333333,0.7833333333333333,0.6333333333333333,0.7333333333333333,0.9833333333333333,0.8833333333333333,0.7333333333333333,0.75,0.5833333333333334,0.6,0.7,0.8333333333333334,0.8166666666666667,0.8166666666666667,0.26666666666666666,0.43333333333333335,0.2,0.43333333333333335,0.08333333333333333,0.7166666666666667,0.7333333333333333,0.6166666666666667,0.03333333333333333,0.08333333333333333,0.8,0.21666666666666667,2
2013-07-01,66264.0,99.0814,74.4051,-57948.0,1.29,14690.118,89.329,94.329,366243.0,3885.0,346000.0,8.729046242774567,20.14,4.37,997.0,0.7863590772316951,1531.8942,10742.8,0.09,232.9,204.4,3.1,1.0030329,0.04,0.07,0.12,0.34,1.4,2.58,4.81695652173913,2.24,2.54,93.863380700028,1.0583130489998942,0.010032837477062425,1.5179,1.3088,0.9613535858488752,274.6,200.9,1286.7239130434784,104.61,410.4,3.64304347826087,1685.72998046875,3626.3701171875,15499.5400390625,13668.3203125,3992.68994140625,369.80999755859375,2662.679931640625,12486.599609375,21883.66015625,6621.10009765625,8275.9697265625,91.56281,85.1,0.45945525,0.2148865,-0.514382295268858,-0.36695,-0.644,73.97581481933594,71.55718994140625,72.67587280273438,93.22290322580645,51.459549300698114,52.83233987341328,13.974545454545455,0.45,0.31666666666666665,0.75,0.38333333333333336,0.7333333333333333,0.43333333333333335,0.6666666666666666,0.4666666666666667,0.6333333333333333,0.4166666666666667,0.6333333333333333,0.25,0.35,1.0,0.6333333333333333,0.2,0.5833333333333334,0.4166666666666667,0.16666666666666666,0.5333333333333333,0.4666666666666667,0.5833333333333334,0.15,0.2,0.11666666666666667,0.15,0.4,0.43333333333333335,0.45,0.1,0.5833333333333334,0.5166666666666667,0.6,0.5666666666666667,0.03333333333333333,0.48333333333333334,0.8166666666666667,0.31666666666666665,0.2833333333333333,0.4166666666666667,0.016666666666666666,0.7333333333333333,0.4666666666666667,0.8,0.8333333333333334,0.8,0.85,0.9833333333333333,0.9166666666666666,0.7833333333333333,0.8,0.6,0.6833333333333333,0.8666666666666667,0.75,0.8166666666666667,0.8166666666666667,0.9,0.03333333333333333,0.06666666666666667,0.2,0.1,0.3,0.35,0.18333333333333332,0.08333333333333333,0.08333333333333333,0.6,0.08333333333333333,2
2013-08-01,65887.0,99.6543,75.0642,-58044.0,1.29,14715.624,89.464,94.431,365543.0,4085.0,333400.0,8.801439712057588,20.17,4.456,964.0,0.7935684647302904,1533.0979,10801.2,0.08,233.456,204.2,3.0,1.797427,0.04,0.07,0.13,0.36,1.52,2.74,4.751363636363636,2.38,2.7,93.71073529309507,1.0797969981643452,0.01022366307713856,1.5505,1.3314,0.9608917075045643,223.2,191.4,1347.095238095238,106.57,426.3,3.412272727272727,1632.969970703125,3589.8701171875,14810.3095703125,13388.8603515625,3933.780029296875,362.92999267578125,2673.419921875,12653.900390625,21731.369140625,6412.89990234375,8103.14990234375,88.33498,82.1,0.34423940000000003,0.30683439999999995,-0.634396569692623,-0.3033,-0.6694000000000001,90.95674896240234,80.73957824707031,106.97908782958984,92.87741935483871,76.7128539368527,33.21323640145709,14.21,0.5,0.4666666666666667,0.9833333333333333,0.3333333333333333,0.7333333333333333,0.45,0.7833333333333333,0.5166666666666667,0.38333333333333336,0.5166666666666667,0.3333333333333333,0.3,0.5166666666666667,1.0,0.5666666666666667,0.25,0.5666666666666667,0.4,0.11666666666666667,0.4,0.38333333333333336,0.4666666666666667,0.7833333333333333,0.21666666666666667,0.13333333333333333,0.16666666666666666,0.4166666666666667,0.5,0.5,0.06666666666666667,0.6333333333333333,0.5666666666666667,0.6333333333333333,0.6333333333333333,0.05,0.6166666666666667,0.85,0.21666666666666667,0.11666666666666667,0.3333333333333333,0.03333333333333333,0.6333333333333333,0.55,0.8,0.7166666666666667,0.6833333333333333,0.6333333333333333,0.95,0.8333333333333334,0.6666666666666666,0.75,0.5666666666666667,0.7166666666666667,0.7333333333333333,0.5666666666666667,0.7166666666666667,0.7166666666666667,0.3333333333333333,0.2833333333333333,0.016666666666666666,0.2833333333333333,0.05,0.95,0.7666666666666667,0.8833333333333333,0.15,0.36666666666666664,0.43333333333333335,0.11666666666666667,2
2013-09-01,66459.0,100.161,75.1341,-61635.0,1.3,14776.266,89.733,94.543,365668.0,4128.0,314000.0,9.222133757961783,20.23,4.49,1004.0,0.7729083665338645,1540.0041,10862.0,0.08,233.544,203.9,3.3,2.202423,0.02,0.04,0.12,0.4,1.6,2.81,4.642857142857143,2.41,2.79,93.46892596760249,1.0833062506770663,0.010079629069650238,1.5885,1.3364,0.9669309611293754,201.2,192.5,1348.797619047619,106.29,424.8,3.615714285714286,1681.550048828125,3771.47998046875,15129.669921875,14455.7998046875,4143.43994140625,374.9200134277344,2802.27001953125,12787.2001953125,22859.859375,6462.2001953125,8594.400390625,83.38564,77.5,0.4055305,0.29036525,-0.649531361982362,-0.345075,-0.6685000000000001,100.4593276977539,100.38423156738281,100.16348266601562,116.71700000000001,93.53116019249383,84.69245526503012,14.692000000000002,0.5,0.6166666666666667,0.9833333333333333,0.6333333333333333,0.7833333333333333,0.43333333333333335,0.8166666666666667,0.5166666666666667,0.31666666666666665,0.48333333333333334,0.11666666666666667,0.5666666666666667,0.5666666666666667,1.0,0.48333333333333334,0.18333333333333332,0.5666666666666667,0.3333333333333333,0.13333333333333333,0.21666666666666667,0.2833333333333333,0.8166666666666667,0.95,0.1,0.03333333333333333,0.16666666666666666,0.45,0.5666666666666667,0.5333333333333333,0.03333333333333333,0.65,0.5833333333333334,0.7333333333333333,0.4666666666666667,0.016666666666666666,0.6,0.75,0.2,0.06666666666666667,0.31666666666666665,0.016666666666666666,0.6166666666666667,0.43333333333333335,0.8666666666666667,0.7333333333333333,0.7166666666666667,0.6,1.0,0.9333333333333333,0.8166666666666667,0.8333333333333334,0.5166666666666667,0.65,0.75,0.6333333333333333,0.3333333333333333,0.3333333333333333,0.7333333333333333,0.23333333333333334,0.016666666666666666,0.23333333333333334,0.06666666666666667,0.9833333333333333,0.9666666666666667,0.9666666666666667,0.3333333333333333,0.3333333333333333,0.7666666666666667,0.13333333333333333,2
2013-10-01,64963.0,100.082,75.3083,-57771.0,1.3,14726.182,90.023,94.703,366444.0,4222.0,358500.0,8.168758716875871,20.25,4.192,1044.0,0.7672413793103449,1549.6383,10986.3,0.09,233.669,202.5,3.0,1.5555239,0.05,0.08,0.12,0.34,1.37,2.62,4.554347826086956,2.28,2.57,92.49865266383999,1.10803324099723,0.010228086325048584,1.6098,1.3646,0.9649715333397665,175.4,201.7,1316.1847826086957,100.54,424.7,3.655217391304348,1756.5400390625,3919.7099609375,15545.75,14327.9404296875,4299.89013671875,391.9200134277344,2904.35009765625,13361.2998046875,23206.369140625,6731.39990234375,9033.919921875,78.75908,73.2,0.43922439999999996,0.2552288,-0.619915938678782,-0.4498,-0.7055,72.95311737060547,65.50166320800781,78.73002624511719,176.28096774193548,159.4561083975777,15.591422089657602,15.407826086956522,0.31666666666666665,0.5333333333333333,1.0,0.35,0.8,0.2833333333333333,0.8666666666666667,0.4166666666666667,0.31666666666666665,0.6166666666666667,0.7833333333333333,0.05,0.6,0.9833333333333333,0.6333333333333333,0.18333333333333332,0.5333333333333333,0.43333333333333335,0.21666666666666667,0.2,0.26666666666666666,0.48333333333333334,0.5666666666666667,0.3,0.2,0.18333333333333332,0.4166666666666667,0.43333333333333335,0.4666666666666667,0.03333333333333333,0.55,0.5166666666666667,0.7,0.5666666666666667,0.08333333333333333,0.6833333333333333,0.7833333333333333,0.21666666666666667,0.03333333333333333,0.35,0.016666666666666666,0.6166666666666667,0.35,0.7333333333333333,0.8833333333333333,0.9,0.8166666666666667,0.9666666666666667,0.9333333333333333,0.85,0.8833333333333333,0.6166666666666667,0.55,0.8333333333333334,0.85,0.13333333333333333,0.13333333333333333,0.8333333333333334,0.1,0.05,0.13333333333333333,0.03333333333333333,0.2833333333333333,0.25,0.35,0.5166666666666667,0.9,0.03333333333333333,0.16666666666666666,2
2013-11-01,68320.0,100.3158,75.3105,-55237.0,1.29,14763.876,90.393,94.86,366868.0,4119.0,328200.0,8.687385740402194,20.31,4.255,1029.0,0.815354713313897,1558.8509,10995.6,0.08,234.1,201.2,2.9,1.4505754,0.07,0.1,0.12,0.3,1.37,2.72,4.321363636363636,2.42,2.65,93.37293621139955,1.0954102311315588,0.009992635427689793,1.61,1.3491,0.9536524890329964,171.3,194.6,1275.8214285714287,93.86,420.8,3.651428571428571,1805.81005859375,4059.889892578125,16086.41015625,15661.8701171875,4295.2099609375,396.54998779296875,2870.889892578125,13395.400390625,23881.2890625,6650.60009765625,9405.2998046875,80.80337,75.1,0.41593775,0.2675245,-0.74785698781335,-0.56826,-0.7552,77.77902221679688,92.4988784790039,52.43838119506836,83.81566666666666,67.16274174659195,26.84253283818684,12.924000000000001,0.43333333333333335,0.43333333333333335,1.0,0.21666666666666667,0.75,0.2,0.85,0.5,0.25,0.45,0.11666666666666667,0.18333333333333332,0.65,0.9833333333333333,0.5333333333333333,0.3333333333333333,0.55,0.3333333333333333,0.15,0.3333333333333333,0.26666666666666666,0.36666666666666664,0.4166666666666667,0.4166666666666667,0.2833333333333333,0.2,0.36666666666666664,0.45,0.5166666666666667,0.016666666666666666,0.65,0.5666666666666667,0.7333333333333333,0.5166666666666667,0.1,0.6833333333333333,0.7666666666666667,0.2,0.03333333333333333,0.2833333333333333,0.016666666666666666,0.5,0.48333333333333334,0.6,0.9166666666666666,0.9,0.9,1.0,0.85,0.8333333333333334,0.8,0.6666666666666666,0.5666666666666667,0.75,0.8666666666666667,0.16666666666666666,0.16666666666666666,0.7333333333333333,0.13333333333333333,0.016666666666666666,0.1,0.016666666666666666,0.38333333333333336,0.8666666666666667,0.05,0.03333333333333333,0.2,0.85,0.016666666666666666,2
2013-12-01,67592.0,100.5175,75.2138,-55627.0,1.3,14797.116,90.475,94.961,369499.0,4121.0,346000.0,8.261560693641618,20.34,4.4575,1005.0,0.7741293532338308,1574.33,11060.1,0.09,234.719,202.0,3.0,1.9240314,0.07,0.1,0.13,0.34,1.58,2.9,4.081363636363637,2.56,2.83,93.53357549607668,1.119444755401321,0.009665571235260004,1.6383,1.3708,0.9399379640943697,172.3,194.6,1225.4027777777778,97.63,421.5,4.283636363636364,1848.3599853515625,4176.58984375,16576.66015625,16291.3095703125,4295.9501953125,401.7900085449219,2923.820068359375,13621.599609375,23306.390625,6749.10009765625,9552.16015625,88.76536,82.5,0.466051,0.240428,-0.932944022459415,-0.55305,-0.77625,70.37248992919922,70.09461212158203,66.79072570800781,90.93870967741935,95.22825315679025,17.871691450547395,14.192380952380953,0.38333333333333336,0.38333333333333336,0.9666666666666667,0.4166666666666667,0.8333333333333334,0.05,0.8833333333333333,0.55,0.31666666666666665,0.3333333333333333,0.7833333333333333,0.05,0.5666666666666667,1.0,0.4,0.21666666666666667,0.5333333333333333,0.2833333333333333,0.25,0.4,0.35,0.48333333333333334,0.8,0.4166666666666667,0.3,0.23333333333333334,0.45,0.5666666666666667,0.6,0.016666666666666666,0.75,0.6166666666666667,0.7833333333333333,0.55,0.11666666666666667,0.7166666666666667,0.7333333333333333,0.13333333333333333,0.05,0.3,0.016666666666666666,0.5333333333333333,0.38333333333333336,0.8666666666666667,0.9333333333333333,0.9,0.9333333333333333,0.9166666666666666,0.8166666666666667,0.8166666666666667,0.85,0.6666666666666666,0.38333333333333336,0.7666666666666667,0.8333333333333334,0.75,0.75,0.9166666666666666,0.06666666666666667,0.016666666666666666,0.11666666666666667,0.016666666666666666,0.36666666666666664,0.55,0.2,0.05,0.5,0.21666666666666667,0.13333333333333333,1
2014-01-01,68261.0,100.1599,74.4928,-59821.0,1.31,14872.775,90.176,95.064,366684.0,4127.0,326750.0,8.804131599081867,20.39,4.432,976.0,0.8586065573770492,1586.7954,11130.8,0.07,235.288,203.8,3.1,1.6382453,0.04,0.07,0.12,0.39,1.65,2.86,3.969130434782609,2.47,2.82,94.46438132046127,1.1064394777605664,0.009637495253533588,1.647,1.3618,0.9140767824497257,170.6,189.7,1244.7954545454545,94.62,427.9,4.528260869565217,1782.5899658203125,4103.8798828125,15698.849609375,14914.5302734375,4165.72021484375,386.8500061035156,2891.25,13694.900390625,22035.419921875,6510.39990234375,9306.48046875,87.36663,81.2,0.3920048,0.2645442,-0.786025578989913,-0.54446,-0.7692,77.91596984863281,70.48076629638672,83.1458969116211,95.62741935483871,76.31707390280305,42.482418865161705,14.24095238095238,0.25,0.31666666666666665,0.6833333333333333,0.4166666666666667,0.8833333333333333,0.55,0.5,0.36666666666666664,0.18333333333333332,0.38333333333333336,0.6833333333333333,0.2833333333333333,0.6,0.9833333333333333,0.38333333333333336,0.4166666666666667,0.55,0.3333333333333333,0.06666666666666667,0.43333333333333335,0.4,0.6166666666666667,0.6333333333333333,0.23333333333333334,0.16666666666666666,0.21666666666666667,0.5,0.6,0.5666666666666667,0.016666666666666666,0.6833333333333333,0.6,0.8166666666666667,0.45,0.18333333333333332,0.7666666666666667,0.65,0.11666666666666667,0.016666666666666666,0.3,0.05,0.3333333333333333,0.4666666666666667,0.9,0.7333333333333333,0.8333333333333334,0.5833333333333334,0.8333333333333334,0.65,0.55,0.7,0.5833333333333334,0.3,0.3333333333333333,0.5833333333333334,0.6833333333333333,0.6833333333333333,0.6,0.15,0.03333333333333333,0.13333333333333333,0.03333333333333333,0.15,0.16666666666666666,0.13333333333333333,0.06666666666666667,0.43333333333333335,0.8333333333333334,0.16666666666666666,0
2014-02-01,67124.0,100.9168,75.2268,-61758.0,1.31,14955.901,90.586,95.109,371335.0,4373.0,335250.0,8.497390007457122,20.51,4.3025,1039.0,0.8431183830606352,1619.7096,11196.8,0.07,235.547,205.7,3.2,1.5858281,0.05,0.08,0.12,0.33,1.52,2.71,4.0305,2.38,2.66,94.64542989571817,1.1189437171310281,0.009791892900192216,1.6558,1.3665,0.904649900488511,174.7,191.0,1300.975,100.82,422.3,5.1635,1859.449951171875,4308.1201171875,16321.7099609375,14841.0703125,4408.080078125,398.5400085449219,3096.909912109375,14209.599609375,22836.9609375,6809.7001953125,9692.080078125,87.797,81.6,0.37483625,0.26920125,-0.803051951421108,-0.5775250000000001,-0.76975,69.00352478027344,73.27865600585938,59.08655548095703,83.49142857142859,44.055515309508664,185.26766344704305,15.47,0.36666666666666664,0.36666666666666664,0.9666666666666667,0.48333333333333334,0.9,0.7333333333333333,0.7666666666666667,0.3,0.15,0.5333333333333333,0.75,0.06666666666666667,0.8333333333333334,0.8833333333333333,0.38333333333333336,0.4,0.6666666666666666,0.4,0.08333333333333333,0.21666666666666667,0.4,0.7166666666666667,0.55,0.31666666666666665,0.23333333333333334,0.23333333333333334,0.4,0.5333333333333333,0.48333333333333334,0.03333333333333333,0.5666666666666667,0.5333333333333333,0.8,0.5333333333333333,0.23333333333333334,0.8833333333333333,0.65,0.11666666666666667,0.1,0.4,0.1,0.4,0.26666666666666666,0.95,0.8,0.8833333333333333,0.7,0.8,0.8,0.8,0.8666666666666667,0.7166666666666667,0.3333333333333333,0.4666666666666667,0.8166666666666667,0.5333333333333333,0.5333333333333333,0.4666666666666667,0.18333333333333332,0.03333333333333333,0.1,0.03333333333333333,0.11666666666666667,0.38333333333333336,0.06666666666666667,0.15,0.23333333333333334,0.9666666666666667,0.23333333333333334,2
2014-03-01,68418.0,101.8942,75.9245,-63738.0,1.3,15033.859,91.104,95.25,375285.0,4388.0,321000.0,8.657943925233646,20.5,4.3425,1067.0,0.8369259606373008,1633.3176,11232.6,0.08,236.028,207.0,3.2,1.2194617,0.05,0.08,0.13,0.4,1.64,2.72,3.8076190476190472,2.32,2.67,94.44081104219102,1.135718341851221,0.009771398140502935,1.6624,1.3828,0.9003331232556046,187.0,206.3,1336.0833333333333,100.8,412.2,4.484761904761905,1872.3399658203125,4198.990234375,16457.66015625,14827.830078125,4391.5,403.2099914550781,3129.93994140625,14335.2998046875,22151.060546875,6598.39990234375,9555.91015625,86.07549,80.0,0.3744845,0.2705145,-0.769795305496477,-0.6144,-0.778,119.83855438232422,151.67477416992188,74.0618896484375,72.93064516129031,45.16197703077868,167.8730782922803,14.836666666666666,0.48333333333333334,0.5666666666666667,1.0,0.7333333333333333,0.85,0.7666666666666667,0.9,0.35,0.35,0.48333333333333334,0.6,0.1,0.7666666666666667,0.8833333333333333,0.5333333333333333,0.4,0.7,0.38333333333333336,0.2,0.43333333333333335,0.5,0.7166666666666667,0.13333333333333333,0.3333333333333333,0.25,0.2833333333333333,0.55,0.6166666666666667,0.5166666666666667,0.016666666666666666,0.5166666666666667,0.5333333333333333,0.75,0.7166666666666667,0.25,0.9666666666666667,0.8166666666666667,0.11666666666666667,0.11666666666666667,0.5333333333333333,0.15,0.48333333333333334,0.3,0.7333333333333333,0.7166666666666667,0.7833333333333333,0.5333333333333333,0.7,0.7833333333333333,0.7333333333333333,0.8666666666666667,0.7333333333333333,0.3333333333333333,0.2833333333333333,0.7166666666666667,0.35,0.35,0.45,0.2,0.06666666666666667,0.06666666666666667,0.016666666666666666,0.9833333333333333,1.0,0.65,0.13333333333333333,0.2833333333333333,0.9833333333333333,0.2,2
2014-04-01,66400.0,101.9928,75.984,-66424.0,1.3,15078.809,91.253,95.413,379432.0,4566.0,322750.0,8.430673896204492,20.51,4.3375,1090.0,0.7651376146788991,1651.1911,11277.7,0.09,236.468,208.3,3.2,1.653011,0.03,0.05,0.11,0.42,1.7,2.71,3.7040909090909087,2.29,2.68,93.99565339286627,1.1327594019030358,0.009760077768299657,1.6748,1.381,0.9097525473071325,199.2,210.8,1299.0,102.07,401.8,4.614090909090909,1883.949951171875,4114.56005859375,16580.83984375,14304.1103515625,4487.39013671875,400.54998779296875,3089.800048828125,14651.900390625,22133.970703125,6780.0,9603.23046875,90.48686,84.1,0.31388475,0.30291475,-0.824921730247782,-0.625875,-0.77075,93.22154235839844,113.13993072509766,60.90629959106445,63.76,25.73011665698256,28.513070358116867,14.19809523809524,0.21666666666666667,0.6333333333333333,1.0,0.7166666666666667,0.8666666666666667,0.7333333333333333,0.9166666666666666,0.5833333333333334,0.6,0.7,0.7333333333333333,0.06666666666666667,0.6666666666666666,0.9333333333333333,0.4166666666666667,0.16666666666666666,0.7333333333333333,0.4166666666666667,0.31666666666666665,0.6333333333333333,0.5333333333333333,0.7166666666666667,0.6333333333333333,0.13333333333333333,0.1,0.08333333333333333,0.6,0.65,0.5,0.016666666666666666,0.48333333333333334,0.55,0.75,0.65,0.2833333333333333,0.9333333333333333,0.7833333333333333,0.11666666666666667,0.23333333333333334,0.5333333333333333,0.18333333333333332,0.5666666666666667,0.36666666666666664,0.6666666666666666,0.6666666666666666,0.7,0.4666666666666667,0.5333333333333333,0.75,0.7,0.6833333333333333,0.85,0.3,0.36666666666666664,0.6166666666666667,0.6833333333333333,0.6833333333333333,0.15,0.38333333333333336,0.03333333333333333,0.05,0.05,0.43333333333333335,0.7166666666666667,0.11666666666666667,0.3333333333333333,0.4166666666666667,0.4666666666666667,0.15,2
2014-05-01,66155.0,102.3836,76.2447,-62522.0,1.3,15120.855,91.451,95.574,379787.0,4747.0,313800.0,8.500318674314851,20.53,4.192,1018.0,0.8752455795677799,1663.6926,11342.8,0.09,236.918,208.0,3.3,1.76839,0.03,0.05,0.1,0.39,1.59,2.56,3.75,2.17,2.53,93.67004174268145,1.1257458065968704,0.009825711528900365,1.6842,1.3739,0.9179364787956674,198.5,217.7,1287.525,102.18,407.7,4.528636363636364,1923.5699462890625,4242.6201171875,16717.169921875,14632.3798828125,4519.56982421875,407.2099914550781,3159.10009765625,14604.2001953125,23081.650390625,6844.5,9943.26953125,88.11979,81.9,0.3162746,0.26065119999999997,-0.96460333251419,-0.7058199999999999,-0.7784000000000001,83.4288558959961,91.6987533569336,76.15043640136719,68.4025806451613,30.263870965489176,18.71843317022573,12.475238095238096,0.15,0.6333333333333333,1.0,0.45,0.8833333333333333,0.65,0.8833333333333333,0.6333333333333333,0.5166666666666667,0.7,0.45,0.1,0.75,0.8333333333333334,0.3,0.5166666666666667,0.75,0.5166666666666667,0.3333333333333333,0.7,0.48333333333333334,0.8333333333333334,0.7166666666666667,0.15,0.11666666666666667,0.03333333333333333,0.5333333333333333,0.6,0.4166666666666667,0.03333333333333333,0.43333333333333335,0.43333333333333335,0.6166666666666667,0.7166666666666667,0.4,0.95,0.7666666666666667,0.13333333333333333,0.2,0.5333333333333333,0.23333333333333334,0.38333333333333336,0.48333333333333334,0.6666666666666666,0.6666666666666666,0.6666666666666666,0.4166666666666667,0.5833333333333334,0.6833333333333333,0.5833333333333334,0.8166666666666667,0.7833333333333333,0.38333333333333336,0.3,0.5,0.23333333333333334,0.23333333333333334,0.2,0.13333333333333333,0.016666666666666666,0.016666666666666666,0.016666666666666666,0.5,0.8333333333333334,0.18333333333333332,0.48333333333333334,0.5,0.43333333333333335,0.016666666666666666,2
2014-06-01,69702.0,102.735,76.5649,-61411.0,1.31,15177.06,91.772,95.682,380618.0,4982.0,313500.0,8.257575757575758,20.6,4.1625,1010.0,0.7920792079207921,1676.8043,11398.1,0.1,237.231,208.3,3.1,1.5265458,0.04,0.06,0.1,0.45,1.68,2.6,3.471904761904762,2.15,2.56,93.82742138811064,1.1163206072784102,0.009797879542909324,1.6908,1.3595,0.9233610341643583,178.8,193.8,1279.095238095238,105.79,405.1,4.593333333333333,1960.22998046875,4408.18017578125,16826.599609375,15162.099609375,4422.83984375,413.1499938964844,3127.2099609375,15146.0,23190.720703125,6743.89990234375,9833.0703125,88.76536,82.5,0.39147225,0.22172975,-1.03310962822037,-0.802775,-0.7887500000000001,98.76710510253906,95.32296752929688,107.18201446533203,68.896,18.68332576554847,15.211177617445864,11.541428571428572,0.3333333333333333,0.65,1.0,0.6166666666666667,0.9666666666666667,0.7833333333333333,0.9666666666666667,0.55,0.48333333333333334,0.7833333333333333,0.6,0.03333333333333333,0.6666666666666666,0.7833333333333333,0.36666666666666664,0.31666666666666665,0.75,0.5166666666666667,0.4,0.6333333333333333,0.48333333333333334,0.55,0.45,0.2833333333333333,0.15,0.05,0.65,0.6666666666666666,0.45,0.016666666666666666,0.4,0.48333333333333334,0.5833333333333334,0.5666666666666667,0.2833333333333333,0.8833333333333333,0.6,0.2,0.11666666666666667,0.43333333333333335,0.3,0.5,0.5166666666666667,0.75,0.75,0.8,0.5166666666666667,0.6166666666666667,0.7833333333333333,0.85,0.8833333333333333,0.9166666666666666,0.7,0.5,0.7166666666666667,0.26666666666666666,0.26666666666666666,0.6,0.05,0.016666666666666666,0.016666666666666666,0.016666666666666666,0.9,0.8,0.8,0.4666666666666667,0.03333333333333333,0.08333333333333333,0.016666666666666666,2
2014-07-01,67519.0,102.9632,76.9794,-61785.0,1.3,15218.177,91.971,95.848,381045.0,4846.0,301750.0,8.3960231980116,20.61,4.13,1076.0,0.7797397769516728,1694.9147,11453.0,0.09,237.498,208.0,3.3,1.8594911,0.03,0.06,0.11,0.51,1.7,2.54,3.6530434782608694,2.03,2.51,93.60391308780093,1.1138338159946535,0.009828975820719482,1.7066,1.3533,0.9311853990129434,148.3,181.4,1310.9673913043478,103.59,415.9,4.041739130434783,1930.6700439453125,4369.77001953125,16563.30078125,15620.76953125,4246.14013671875,404.2900085449219,3098.739990234375,15330.7001953125,24756.849609375,6730.10009765625,9407.48046875,88.01219,81.8,0.33852479999999996,0.281159,-0.890720938626179,-0.717425,-0.755,138.7539520263672,162.71510314941406,118.54683685302734,72.39387096774193,42.366430029041425,30.181343928875318,12.296363636363635,0.36666666666666664,0.7666666666666667,1.0,0.55,0.9,0.8166666666666667,0.9833333333333333,0.6166666666666667,0.36666666666666664,0.8833333333333333,0.31666666666666665,0.08333333333333333,0.6666666666666666,0.5333333333333333,0.4166666666666667,0.25,0.7666666666666667,0.55,0.35,0.5666666666666667,0.45,0.8333333333333334,0.7833333333333333,0.16666666666666666,0.16666666666666666,0.13333333333333333,0.6833333333333333,0.7,0.4166666666666667,0.03333333333333333,0.38333333333333336,0.43333333333333335,0.45,0.6,0.36666666666666664,1.0,0.6333333333333333,0.26666666666666666,0.016666666666666666,0.4,0.38333333333333336,0.23333333333333334,0.6,0.6333333333333333,0.5,0.55,0.21666666666666667,0.6333333333333333,0.43333333333333335,0.4666666666666667,0.6333333333333333,0.8833333333333333,0.7333333333333333,0.21666666666666667,0.3333333333333333,0.21666666666666667,0.21666666666666667,0.26666666666666666,0.2833333333333333,0.06666666666666667,0.03333333333333333,0.15,1.0,1.0,0.9666666666666667,0.36666666666666664,0.48333333333333334,0.21666666666666667,0.03333333333333333,2
2014-08-01,68326.0,102.7688,76.5958,-59403.0,1.31,15295.125,92.596,95.885,384017.0,5349.0,302000.0,8.294039735099338,20.66,4.115,1047.0,0.8672397325692455,1711.7561,11477.3,0.09,237.46,207.0,3.2,1.8065541,0.03,0.05,0.11,0.47,1.63,2.42,3.9718181818181817,1.95,2.39,94.58079770962775,1.0991426687183996,0.009714038145084989,1.67,1.3315,0.9152480322167307,142.8,172.9,1295.9875,96.54,413.6,3.899047619047619,2003.3699951171875,4580.27001953125,17098.44921875,15424.58984375,4381.0400390625,413.1300048828125,3192.719970703125,15625.7001953125,24742.060546875,6819.7998046875,9470.169921875,88.76536,82.5,0.42182425,0.2701725,-0.8309133983049,-0.6089,-0.7252,136.44558715820312,158.59349060058594,112.11448669433594,53.53774193548387,34.959716777078064,22.49473841975157,13.491904761904761,0.45,0.5833333333333334,0.9833333333333333,0.43333333333333335,1.0,0.8833333333333333,1.0,0.4666666666666667,0.5833333333333334,0.95,0.5333333333333333,0.08333333333333333,0.8166666666666667,0.45,0.4666666666666667,0.5166666666666667,0.8,0.4166666666666667,0.36666666666666664,0.43333333333333335,0.4166666666666667,0.6833333333333333,0.7666666666666667,0.18333333333333332,0.13333333333333333,0.15,0.6666666666666666,0.6333333333333333,0.4,0.11666666666666667,0.36666666666666664,0.4,0.6333333333333333,0.31666666666666665,0.2833333333333333,0.8166666666666667,0.4666666666666667,0.2,0.15,0.4,0.31666666666666665,0.13333333333333333,0.5,0.6666666666666666,0.7833333333333333,0.75,0.6166666666666667,0.6333333333333333,0.55,0.65,0.8,0.9,0.75,0.38333333333333336,0.4166666666666667,0.36666666666666664,0.36666666666666664,0.7333333333333333,0.23333333333333334,0.08333333333333333,0.15,0.16666666666666666,0.95,0.9833333333333333,0.5833333333333334,0.18333333333333332,0.13333333333333333,0.31666666666666665,0.1,2
2014-09-01,69490.0,103.0641,76.6653,-63888.0,1.31,15348.309,92.623,96.013,382277.0,4914.0,295000.0,8.297457627118645,20.66,4.1625,1077.0,0.9052924791086351,1725.7351,11519.1,0.09,237.477,206.4,3.0,2.1150395,0.02,0.04,0.11,0.57,1.77,2.53,4.06,1.96,2.51,96.12089330664702,1.0672358591248665,0.009308759449554435,1.629,1.2889,0.9081827263645446,136.2,183.0,1238.8181818181818,93.21,411.1,3.926363636363636,1972.2900390625,4493.39013671875,17042.900390625,16173.51953125,4416.240234375,421.1400146484375,3221.39990234375,14960.5,22932.98046875,6622.7001953125,9474.2998046875,91.02483,84.6,0.42282975,0.2544495,-0.814665774324763,-0.505475,-0.696,131.55665588378906,143.3953857421875,120.78192138671875,57.967666666666666,45.63621949611687,12.23521091643739,13.466666666666667,0.5,0.55,0.9833333333333333,0.4666666666666667,1.0,0.85,0.9833333333333333,0.48333333333333334,0.4666666666666667,0.7166666666666667,0.85,0.1,0.5,0.45,0.35,0.6333333333333333,0.8333333333333334,0.35,0.38333333333333336,0.36666666666666664,0.38333333333333336,0.36666666666666664,0.9333333333333333,0.11666666666666667,0.05,0.16666666666666666,0.75,0.75,0.4166666666666667,0.15,0.38333333333333336,0.4666666666666667,0.8666666666666667,0.23333333333333334,0.25,0.6166666666666667,0.31666666666666665,0.11666666666666667,0.18333333333333332,0.48333333333333334,0.25,0.05,0.48333333333333334,0.5666666666666667,0.5666666666666667,0.5166666666666667,0.4666666666666667,0.5833333333333334,0.4166666666666667,0.5833333333333334,0.5833333333333334,0.75,0.3,0.21666666666666667,0.26666666666666666,0.6666666666666666,0.6666666666666666,0.7333333333333333,0.13333333333333333,0.11666666666666667,0.2833333333333333,0.21666666666666667,0.9,0.9,0.7333333333333333,0.1,0.16666666666666666,0.016666666666666666,0.1,2
2014-10-01,65806.0,103.0764,76.6657,-62424.0,1.32,15426.259,93.217,96.096,383323.0,5012.0,288750.0,8.392207792207792,20.7,4.036,1094.0,0.8409506398537477,1730.8096,11593.1,0.09,237.43,203.4,2.9,1.6022445,0.02,0.05,0.1,0.45,1.55,2.3,4.514347826086956,1.85,2.28,97.43959365186343,1.0495382031905962,0.00925699643790777,1.6074,1.2677,0.8919015340706387,131.0,176.8,1222.4891304347825,84.4,404.5,3.801304347826087,2018.050048828125,4630.740234375,17390.51953125,16413.759765625,4233.08984375,411.32000732421875,3157.14990234375,14613.2998046875,23998.060546875,6546.5,9326.8701171875,93.4995,86.9,0.4340312,0.2782986,-0.326507315197969,-0.27744,-0.6446,83.66100311279297,86.33345031738281,77.19393157958984,66.28516129032259,41.26954379968663,15.874345147508267,18.058695652173913,0.2833333333333333,0.5666666666666667,0.9833333333333333,0.5833333333333334,1.0,0.95,1.0,0.31666666666666665,0.48333333333333334,0.7,0.1,0.11666666666666667,0.6,0.6333333333333333,0.26666666666666666,0.4666666666666667,0.7833333333333333,0.3,0.4,0.31666666666666665,0.25,0.21666666666666667,0.55,0.13333333333333333,0.16666666666666666,0.06666666666666667,0.6666666666666666,0.5666666666666667,0.4,0.21666666666666667,0.35,0.4,0.9333333333333333,0.1,0.23333333333333334,0.4666666666666667,0.21666666666666667,0.06666666666666667,0.23333333333333334,0.25,0.2833333333333333,0.016666666666666666,0.4166666666666667,0.45,0.4666666666666667,0.48333333333333334,0.4166666666666667,0.6333333333333333,0.2833333333333333,0.25,0.4,0.5166666666666667,0.36666666666666664,0.13333333333333333,0.21666666666666667,0.85,0.85,0.7833333333333333,0.31666666666666665,0.48333333333333334,0.5166666666666667,0.3333333333333333,0.7666666666666667,0.8333333333333334,0.55,0.016666666666666666,0.016666666666666666,0.5333333333333333,0.6166666666666667,2
2014-11-01,63797.0,103.7126,77.2751,-61479.0,1.34,15514.307,93.454,96.181,384459.0,4843.0,291600.0,8.260631001371742,20.77,3.9975,1059.0,0.8149197355996223,1751.6656,11634.2,0.09,236.983,200.9,2.8,1.321155,0.02,0.07,0.13,0.53,1.62,2.33,4.457619047619048,1.8,2.31,99.11469564709097,1.0371292263015972,0.008598496638847663,1.5771,1.2473,0.8830022075055187,140.1,179.1,1176.3,75.79,400.6,4.2395,2067.56005859375,4791.6298828125,17828.240234375,17459.849609375,4390.18017578125,425.8599853515625,3287.909912109375,14744.7001953125,23987.44921875,6722.60009765625,9980.849609375,95.5438,88.8,0.529705,0.19744925,-0.687823798691597,-0.39644999999999997,-0.653,84.38005065917969,88.46994018554688,76.33753204345703,58.178,32.1126884967344,22.607562030003525,13.413157894736841,0.016666666666666666,0.6333333333333333,1.0,0.65,1.0,0.9666666666666667,0.9666666666666667,0.16666666666666666,0.5,0.6833333333333333,0.38333333333333336,0.05,0.6333333333333333,0.48333333333333334,0.21666666666666667,0.4,0.85,0.35,0.4166666666666667,0.16666666666666666,0.13333333333333333,0.16666666666666666,0.18333333333333332,0.15,0.3,0.4166666666666667,0.75,0.65,0.4166666666666667,0.21666666666666667,0.3333333333333333,0.4166666666666667,0.9666666666666667,0.1,0.2,0.35,0.21666666666666667,0.08333333333333333,0.2833333333333333,0.4,0.26666666666666666,0.016666666666666666,0.4166666666666667,0.6833333333333333,0.45,0.48333333333333334,0.36666666666666664,0.5666666666666667,0.3333333333333333,0.36666666666666664,0.5666666666666667,0.6,0.31666666666666665,0.21666666666666667,0.23333333333333334,0.85,0.85,0.9833333333333333,0.03333333333333333,0.2,0.36666666666666664,0.3,0.7,0.36666666666666664,0.9333333333333333,0.3333333333333333,0.15,0.45,0.1,2
2014-12-01,66039.0,103.7044,77.2028,-65264.0,1.35,15620.73,93.713,96.249,380682.0,5130.0,284500.0,8.36555360281195,20.71,3.864,1072.0,0.8908582089552238,1773.178,11717.6,0.12,236.252,197.0,2.8,2.1860996,0.03,0.11,0.21,0.64,1.64,2.21,5.069565217391304,1.57,2.18,101.44409791214676,1.0253255408592228,0.008380592893424839,1.5644,1.2329,0.8671522719389525,150.8,184.9,1202.2894736842106,59.29,392.4,3.486521739130435,2058.89990234375,4736.0498046875,17823.0703125,17450.76953125,4272.75,424.4700012207031,3285.260009765625,14632.400390625,23605.0390625,6566.10009765625,9805.5498046875,100.7083,93.6,0.443434,0.235059,-0.497693454985301,-0.1745,-0.605,86.5262222290039,81.27322387695312,96.23736572265625,66.2416129032258,37.34541893242698,17.736289985488977,16.292272727272728,0.13333333333333333,0.5666666666666667,0.9833333333333333,0.8,1.0,0.9833333333333333,1.0,0.13333333333333333,0.1,0.85,0.15,0.13333333333333333,0.25,0.2833333333333333,0.3,0.6333333333333333,0.8666666666666667,0.36666666666666664,0.5333333333333333,0.016666666666666666,0.016666666666666666,0.16666666666666666,0.95,0.25,0.5333333333333333,0.7333333333333333,0.85,0.7,0.36666666666666664,0.4666666666666667,0.16666666666666666,0.36666666666666664,1.0,0.06666666666666667,0.23333333333333334,0.1,0.11666666666666667,0.06666666666666667,0.3333333333333333,0.4666666666666667,0.38333333333333336,0.016666666666666666,0.3,0.23333333333333334,0.26666666666666666,0.31666666666666665,0.23333333333333334,0.55,0.3,0.2833333333333333,0.5,0.43333333333333335,0.3333333333333333,0.15,0.21666666666666667,0.8,0.8,0.8166666666666667,0.1,0.35,0.6166666666666667,0.4,0.9,0.7333333333333333,0.9,0.38333333333333336,0.05,0.5166666666666667,0.45,2
2015-01-01,64918.0,102.8905,76.8495,-62102.0,1.38,15758.015,93.936,96.214,378518.0,5344.0,287600.0,8.17037552155772,20.8,3.67,1049.0,0.909437559580553,1791.5773,11805.2,0.11,234.747,192.0,2.5,0.91604112,0.03,0.08,0.2,0.55,1.37,1.88,5.288695652173913,1.33,1.85,103.76069788474618,1.058985491898761,0.008456659619450317,1.5142,1.1615,0.8249463784853985,149.5,171.7,1251.845238095238,47.22,376.8,2.936363636363636,1994.989990234375,4635.240234375,17164.94921875,17674.390625,4604.25,450.3900146484375,3530.31005859375,14673.5,24507.05078125,6749.39990234375,10694.3203125,105.5501,98.1,0.44033059999999996,0.2433688,-0.156111682135753,0.0355,-0.5226,111.9856948852539,83.50390625,153.33984375,80.64967741935483,51.936287012836495,33.80775848783844,19.1195,0.06666666666666667,0.4166666666666667,0.95,0.43333333333333335,1.0,1.0,1.0,0.08333333333333333,0.16666666666666666,0.9333333333333333,0.3333333333333333,0.03333333333333333,0.43333333333333335,0.13333333333333333,0.4,0.7,0.9166666666666666,0.38333333333333336,0.5166666666666667,0.016666666666666666,0.016666666666666666,0.03333333333333333,0.05,0.26666666666666666,0.4,0.7333333333333333,0.7666666666666667,0.4666666666666667,0.16666666666666666,0.5,0.05,0.18333333333333332,1.0,0.15,0.26666666666666666,0.03333333333333333,0.016666666666666666,0.016666666666666666,0.35,0.36666666666666664,0.43333333333333335,0.016666666666666666,0.08333333333333333,0.11666666666666667,0.31666666666666665,0.31666666666666665,0.3,0.6833333333333333,0.5666666666666667,0.8,0.9,0.4166666666666667,0.7166666666666667,0.31666666666666665,0.38333333333333336,0.9,0.9,0.7833333333333333,0.13333333333333333,0.6166666666666667,0.7333333333333333,0.5666666666666667,0.9166666666666666,0.7333333333333333,0.9833333333333333,0.48333333333333334,0.36666666666666664,0.4,0.6833333333333333,2
2015-02-01,63754.0,102.2335,76.373,-57664.0,1.39,15815.476,94.158,96.324,377594.0,5466.0,301250.0,7.768464730290456,20.84,3.71,1127.0,0.7657497781721384,1807.9304,11922.8,0.11,235.342,191.1,2.8,0.38334206,0.02,0.07,0.22,0.62,1.47,1.98,4.711428571428572,1.36,1.96,105.16849843301651,1.0682619378271552,0.00842034355001684,1.5329,1.135,0.8000640051204096,152.9,167.1,1227.1875,50.58,362.7,2.7565,2104.5,4963.52978515625,18132.69921875,18797.939453125,4951.47998046875,483.92999267578125,3714.43994140625,15234.2998046875,24823.2890625,6946.7001953125,11401.66015625,102.645,95.4,0.41971975,0.227326,-0.368207271138162,-0.22555,-0.51525,111.92469787597656,118.22520446777344,107.79053497314453,68.65714285714286,36.31179571259207,15.410779413270783,15.90421052631579,0.06666666666666667,0.03333333333333333,0.8666666666666667,0.13333333333333333,1.0,0.9666666666666667,0.9833333333333333,0.13333333333333333,0.03333333333333333,0.85,0.4666666666666667,0.016666666666666666,0.16666666666666666,0.3,0.5,0.2,0.7,0.5333333333333333,0.5333333333333333,0.03333333333333333,0.016666666666666666,0.16666666666666666,0.016666666666666666,0.16666666666666666,0.31666666666666665,0.7666666666666667,0.8666666666666667,0.5333333333333333,0.31666666666666665,0.31666666666666665,0.06666666666666667,0.2833333333333333,1.0,0.15,0.2,0.05,0.016666666666666666,0.016666666666666666,0.3333333333333333,0.23333333333333334,0.3333333333333333,0.03333333333333333,0.06666666666666667,0.03333333333333333,0.38333333333333336,0.4,0.45,0.8,0.6333333333333333,0.9166666666666666,0.8666666666666667,0.45,0.6166666666666667,0.26666666666666666,0.5,0.85,0.85,0.65,0.1,0.45,0.5666666666666667,0.5833333333333334,0.9666666666666667,0.9333333333333333,0.9666666666666667,0.4666666666666667,0.5,0.016666666666666666,0.4,2
2015-03-01,65042.0,101.8914,76.7408,-72184.0,1.38,15786.489,94.441,96.47,383681.0,5210.0,284000.0,8.191901408450704,20.91,3.77,1072.0,0.7285447761194029,1833.4502,11920.5,0.11,235.976,191.5,3.0,0.79843856,0.03,0.11,0.25,0.64,1.52,2.04,4.664545454545455,1.4,2.01,107.3646984114457,1.0206164523372117,0.008306027268687524,1.4958,1.0819,0.7925186241876684,152.8,164.4,1178.6295454545455,47.82,365.8,2.746363636363636,2067.889892578125,4900.8798828125,17776.119140625,19206.990234375,5033.64013671875,489.4100036621094,3725.820068359375,14902.400390625,24900.890625,6773.0,11966.169921875,100.0628,93.0,0.34247249999999996,0.26156050000000003,-0.440601917836531,-0.17945,-0.535,104.23526763916016,117.48873138427734,83.63285064697266,62.27483870967742,33.92811262574285,27.90761311919028,14.812727272727273,0.08333333333333333,0.016666666666666666,0.9333333333333333,0.7,0.9833333333333333,0.9,0.9666666666666667,0.15,0.06666666666666667,0.65,0.3333333333333333,0.06666666666666667,0.43333333333333335,0.3333333333333333,0.2,0.11666666666666667,0.8,0.38333333333333336,0.55,0.05,0.016666666666666666,0.36666666666666664,0.05,0.3,0.5833333333333334,0.8333333333333334,0.9,0.5833333333333334,0.35,0.31666666666666665,0.1,0.36666666666666664,1.0,0.06666666666666667,0.18333333333333332,0.016666666666666666,0.016666666666666666,0.016666666666666666,0.2833333333333333,0.08333333333333333,0.2,0.016666666666666666,0.13333333333333333,0.13333333333333333,0.25,0.48333333333333334,0.26666666666666666,0.8333333333333334,0.75,0.9166666666666666,0.8166666666666667,0.3333333333333333,0.8166666666666667,0.3,0.8666666666666667,0.85,0.85,0.2833333333333333,0.25,0.36666666666666664,0.6,0.55,0.18333333333333332,0.11666666666666667,0.6666666666666666,0.5,0.4166666666666667,0.05,0.31666666666666665,2
2015-04-01,64140.0,101.3355,76.8166,-62722.0,1.38,15833.624,94.614,96.648,383893.0,5598.0,286000.0,7.9772727272727275,20.92,3.6719999999999997,1166.0,0.8584905660377359,1847.9368,11954.6,0.12,236.222,190.9,2.6,1.5899931,0.02,0.09,0.23,0.54,1.35,1.94,4.635454545454546,1.4,1.92,106.35229894698267,1.0422094841063054,0.008367535635242387,1.4968,1.0822,0.8105698305909054,149.8,157.8,1197.91,54.45,371.2,2.596363636363636,2085.510009765625,4941.419921875,17840.51953125,19520.009765625,5046.490234375,487.8500061035156,3674.179931640625,15224.5,28133.0,6960.60009765625,11454.3798828125,103.183,95.9,0.31694100000000003,0.24805799999999997,-0.474878051757888,-0.3244,-0.5425,102.19049072265625,110.18872833251953,95.08645629882812,66.03,35.80220842179848,41.6005026109245,13.494761904761905,0.13333333333333333,0.016666666666666666,0.9333333333333333,0.15,0.9833333333333333,0.8833333333333333,0.9666666666666667,0.16666666666666666,0.016666666666666666,0.7833333333333333,0.35,0.03333333333333333,0.43333333333333335,0.23333333333333334,0.35,0.5666666666666667,0.7166666666666667,0.31666666666666665,0.5833333333333334,0.03333333333333333,0.016666666666666666,0.05,0.5833333333333334,0.18333333333333332,0.48333333333333334,0.8,0.7666666666666667,0.43333333333333335,0.21666666666666667,0.26666666666666666,0.11666666666666667,0.26666666666666666,0.9833333333333333,0.1,0.2,0.016666666666666666,0.03333333333333333,0.05,0.25,0.016666666666666666,0.3,0.06666666666666667,0.23333333333333334,0.08333333333333333,0.26666666666666666,0.6166666666666667,0.26666666666666666,0.85,0.65,0.95,0.8166666666666667,0.3333333333333333,1.0,0.31666666666666665,0.5833333333333334,0.8166666666666667,0.8166666666666667,0.21666666666666667,0.16666666666666666,0.36666666666666664,0.45,0.55,0.6666666666666666,0.43333333333333335,0.9166666666666666,0.6333333333333333,0.7666666666666667,0.7333333333333333,0.16666666666666666,2
2015-05-01,62567.0,100.8883,76.921,-61462.0,1.38,15866.779,94.899,96.766,387155.0,5563.0,274000.0,8.24963503649635,20.98,3.84,1272.0,0.7955974842767296,1863.5293,11982.6,0.12,237.001,193.4,2.8,1.7028274,0.02,0.08,0.24,0.61,1.54,2.2,4.507727272727273,1.59,2.18,105.40649947361221,1.07342206955775,0.008278282753025713,1.5456,1.1167,0.8212877792378449,145.1,152.4,1199.0526315789473,59.27,384.7,2.857619047619048,2107.389892578125,5070.02978515625,18010.6796875,20563.150390625,5007.89013671875,493.55999755859375,3708.659912109375,15014.099609375,27424.189453125,6984.39990234375,11413.8203125,97.5881,90.7,0.26503575,0.25834025,-0.72201041758213,-0.2945,-0.546,76.2623291015625,77.66873168945312,72.86188507080078,62.85967741935484,31.08436625533754,88.91986018145089,13.3385,0.03333333333333333,0.016666666666666666,0.95,0.26666666666666666,0.9833333333333333,0.85,0.9666666666666667,0.13333333333333333,0.08333333333333333,0.5666666666666667,0.26666666666666666,0.1,0.65,0.48333333333333334,0.75,0.4,0.7333333333333333,0.23333333333333334,0.6,0.08333333333333333,0.06666666666666667,0.18333333333333332,0.7,0.2,0.43333333333333335,0.8166666666666667,0.85,0.6333333333333333,0.43333333333333335,0.23333333333333334,0.25,0.45,0.9666666666666667,0.18333333333333332,0.16666666666666666,0.06666666666666667,0.05,0.06666666666666667,0.23333333333333334,0.016666666666666666,0.35,0.08333333333333333,0.48333333333333334,0.16666666666666666,0.25,0.6166666666666667,0.2833333333333333,0.85,0.5666666666666667,0.9166666666666666,0.7,0.3,0.9166666666666666,0.2833333333333333,0.38333333333333336,0.7333333333333333,0.7333333333333333,0.016666666666666666,0.25,0.2,0.5166666666666667,0.55,0.31666666666666665,0.21666666666666667,0.43333333333333335,0.55,0.5833333333333334,0.9333333333333333,0.1,2
2015-06-01,63826.0,100.571,76.6945,-65486.0,1.38,15873.338,94.966,96.882,387199.0,5248.0,273750.0,8.30593607305936,21.0,3.9825,1379.0,0.6976069615663524,1880.1555,12023.2,0.13,237.657,194.8,2.7,1.7750546,0.02,0.09,0.28,0.69,1.68,2.36,4.66,1.67,2.34,106.1789996983518,1.0728462611307799,0.008082859004224103,1.5576,1.1226,0.8087343307723414,145.1,168.3,1181.5045454545455,59.82,373.0,2.768636363636364,2063.110107421875,4986.8701171875,17619.509765625,20235.73046875,4790.2001953125,472.5799865722656,3574.699951171875,14553.2998046875,26250.029296875,6521.0,10944.9697265625,103.3982,96.1,0.27085325,0.282957,-0.601090524161414,-0.2178,-0.5427500000000001,85.90596771240234,81.06608581542969,88.7894287109375,67.026,33.0426179066883,100.80303556081515,14.339545454545457,0.016666666666666666,0.016666666666666666,0.8833333333333333,0.5666666666666667,0.9833333333333333,0.8,0.8666666666666667,0.15,0.06666666666666667,0.18333333333333332,0.26666666666666666,0.21666666666666667,0.38333333333333336,0.6833333333333333,0.9333333333333333,0.016666666666666666,0.7666666666666667,0.16666666666666666,0.65,0.1,0.08333333333333333,0.11666666666666667,0.7333333333333333,0.21666666666666667,0.5166666666666667,0.95,0.95,0.8333333333333334,0.5333333333333333,0.3333333333333333,0.2833333333333333,0.5333333333333333,0.9833333333333333,0.25,0.15,0.08333333333333333,0.06666666666666667,0.016666666666666666,0.3,0.23333333333333334,0.31666666666666665,0.08333333333333333,0.21666666666666667,0.13333333333333333,0.15,0.3333333333333333,0.08333333333333333,0.8,0.5166666666666667,0.7333333333333333,0.5833333333333334,0.2,0.8166666666666667,0.1,0.31666666666666665,0.85,0.85,0.03333333333333333,0.4666666666666667,0.2833333333333333,0.5833333333333334,0.5666666666666667,0.18333333333333332,0.23333333333333334,0.26666666666666666,0.6,0.9166666666666666,0.9833333333333333,0.3333333333333333,0
2015-07-01,63498.0,101.2228,77.3337,-62741.0,1.38,15899.39,95.319,96.978,390953.0,6056.0,277750.0,8.081908190819082,21.03,4.046,1140.0,0.8666666666666667,1889.5042,12067.0,0.13,238.034,193.9,2.8,1.8011251,0.03,0.12,0.3,0.67,1.63,2.32,5.106086956521739,1.65,2.29,108.12359978044381,1.0474494605635278,0.00810958317553436,1.556,1.0997,0.7774236181295188,165.5,160.6,1130.036956521739,50.9,355.7,2.809130434782609,2103.840087890625,5128.27978515625,17689.859375,20585.240234375,5082.60986328125,495.2300109863281,3762.639892578125,14468.400390625,24636.279296875,6696.2998046875,11308.990234375,100.1704,93.1,0.2699508,0.3076198,-0.451409667671903,-0.10974000000000002,-0.52,106.80866241455078,120.84297180175781,86.16881561279297,74.31193548387097,52.275351996919895,51.49281967826278,14.352727272727272,0.05,0.03333333333333333,1.0,0.4166666666666667,0.9833333333333333,0.7833333333333333,0.9166666666666666,0.08333333333333333,0.13333333333333333,0.8666666666666667,0.7666666666666667,0.05,0.5166666666666667,0.75,0.25,0.6333333333333333,0.6166666666666667,0.15,0.6666666666666666,0.11666666666666667,0.08333333333333333,0.18333333333333332,0.7666666666666667,0.36666666666666664,0.7166666666666667,1.0,0.9333333333333333,0.7666666666666667,0.5166666666666667,0.5666666666666667,0.2833333333333333,0.5166666666666667,1.0,0.15,0.16666666666666666,0.05,0.05,0.016666666666666666,0.65,0.2833333333333333,0.18333333333333332,0.03333333333333333,0.05,0.23333333333333334,0.26666666666666666,0.5333333333333333,0.18333333333333332,0.7833333333333333,0.9,0.9833333333333333,0.9333333333333333,0.2,0.2833333333333333,0.23333333333333334,0.6333333333333333,0.7833333333333333,0.7833333333333333,0.03333333333333333,0.65,0.4166666666666667,0.7,0.65,0.08333333333333333,0.08333333333333333,0.13333333333333333,0.6333333333333333,0.75,0.7833333333333333,0.35,2
2015-08-01,63168.0,101.0367,77.1158,-66773.0,1.4,15930.975,95.554,97.056,390570.0,5467.0,275200.0,8.190406976744185,21.11,3.9050000000000002,1165.0,0.8360515021459227,1903.4103,12112.0,0.14,238.033,191.9,2.8,1.7247986,0.07,0.22,0.38,0.7,1.54,2.17,5.658095238095238,1.47,2.1,109.97679989511776,1.0325245224574084,0.008129830135329152,1.5578,1.1136,0.7606298014756219,148.4,142.7,1117.475,42.87,341.8,2.752857142857143,1972.1800537109375,4776.509765625,16528.029296875,18890.48046875,4652.9501953125,445.0299987792969,3463.1201171875,13859.099609375,21670.580078125,6247.89990234375,10259.4599609375,98.87923,91.9,0.28522625,0.34852,-0.229476618273511,0.16725,-0.4485,82.47853088378906,85.33859252929688,74.0282974243164,76.01096774193549,74.79461287622023,20.829575502112576,19.42809523809524,0.03333333333333333,0.05,0.95,0.7666666666666667,1.0,0.75,0.8,0.15,0.06666666666666667,0.03333333333333333,0.65,0.1,0.65,0.6,0.5333333333333333,0.5333333333333333,0.6,0.2,0.7666666666666667,0.13333333333333333,0.05,0.18333333333333332,0.6833333333333333,0.6833333333333333,1.0,1.0,0.9666666666666667,0.6333333333333333,0.43333333333333335,0.7166666666666667,0.2,0.4166666666666667,1.0,0.15,0.2,0.13333333333333333,0.11666666666666667,0.016666666666666666,0.5,0.15,0.2,0.016666666666666666,0.03333333333333333,0.26666666666666666,0.03333333333333333,0.08333333333333333,0.016666666666666666,0.6666666666666666,0.38333333333333336,0.43333333333333335,0.38333333333333336,0.08333333333333333,0.15,0.03333333333333333,0.26666666666666666,0.7,0.7,0.1,0.8,0.6666666666666666,0.8666666666666667,0.7333333333333333,0.016666666666666666,0.016666666666666666,0.06666666666666667,0.9,0.9666666666666667,0.5,0.8,0
2015-09-01,63297.0,100.7547,76.926,-63547.0,1.4,15973.484,95.61,97.196,388551.0,5488.0,269500.0,8.322820037105751,21.09,3.89,1144.0,0.9090909090909091,1915.348,12173.9,0.14,237.498,189.1,2.8,1.92835583,0.02,0.18,0.37,0.71,1.49,2.17,5.868181818181818,1.46,2.15,110.85129993161993,1.0282776349614395,0.008323095925345159,1.5338,1.1229,0.7538067239559777,149.5,138.3,1124.5318181818182,45.48,340.6,2.638181818181818,1920.030029296875,4620.16015625,16284.7001953125,17388.150390625,4455.2900390625,421.1400146484375,3344.5,13307.0,20846.30078125,6061.60009765625,9660.4404296875,93.82229,87.2,0.3310465,0.311269,-0.0609418153714164,0.274825,-0.401,98.7674560546875,115.88518524169922,79.34535217285156,87.062,104.99440168614763,19.6096402314235,24.377142857142857,0.016666666666666666,0.016666666666666666,0.9166666666666666,0.35,1.0,0.7166666666666667,0.8166666666666667,0.16666666666666666,0.03333333333333333,0.45,0.7,0.26666666666666666,0.55,0.5,0.25,0.8166666666666667,0.5666666666666667,0.23333333333333334,0.7833333333333333,0.08333333333333333,0.016666666666666666,0.18333333333333332,0.8166666666666667,0.23333333333333334,0.9666666666666667,0.9833333333333333,0.9666666666666667,0.5333333333333333,0.45,0.75,0.18333333333333332,0.45,0.9666666666666667,0.3,0.4,0.15,0.2,0.016666666666666666,0.5833333333333334,0.05,0.2833333333333333,0.05,0.05,0.23333333333333334,0.016666666666666666,0.06666666666666667,0.016666666666666666,0.48333333333333334,0.31666666666666665,0.23333333333333334,0.3,0.11666666666666667,0.2,0.03333333333333333,0.21666666666666667,0.4666666666666667,0.4666666666666667,0.3,0.6833333333333333,0.7666666666666667,0.9,0.8166666666666667,0.08333333333333333,0.2,0.06666666666666667,0.9166666666666666,0.9666666666666667,0.7666666666666667,0.9166666666666666,2
2015-10-01,63423.0,100.2675,76.827,-62385.0,1.41,16012.028,95.676,97.228,387066.0,5773.0,267000.0,8.268164794007491,21.19,3.7960000000000003,1160.0,0.8491379310344828,1930.1677,12225.2,0.12,237.733,187.5,2.7,1.3119821,0.02,0.11,0.26,0.64,1.39,2.07,6.197391304347826,1.43,2.05,109.90359995760306,1.0323113451016828,0.008329994393913772,1.5343,1.1228,0.7649938800489596,147.2,143.3,1159.2454545454545,46.22,334.1,2.384545454545455,2079.360107421875,5053.75,17663.5390625,19083.099609375,4897.66015625,462.1199951171875,3600.199951171875,13529.2001953125,22640.0390625,6361.10009765625,10850.1396484375,96.83493,90.0,0.3497382,0.279727,-0.228760049076229,0.1927,-0.442,91.931884765625,79.726318359375,108.51441955566406,65.7516129032258,63.585852674148676,68.60896335299901,16.789545454545454,0.21666666666666667,0.016666666666666666,0.8666666666666667,0.38333333333333336,1.0,0.65,0.6833333333333333,0.06666666666666667,0.016666666666666666,0.5833333333333334,0.7833333333333333,0.2,0.9,0.5166666666666667,0.23333333333333334,0.6166666666666667,0.6166666666666667,0.11666666666666667,0.6166666666666667,0.11666666666666667,0.05,0.06666666666666667,0.18333333333333332,0.25,0.65,0.8833333333333333,0.8833333333333333,0.48333333333333334,0.4,0.8333333333333334,0.15,0.4,0.9,0.4,0.4166666666666667,0.18333333333333332,0.21666666666666667,0.06666666666666667,0.7,0.15,0.4666666666666667,0.13333333333333333,0.03333333333333333,0.18333333333333332,0.15,0.25,0.08333333333333333,0.6,0.7833333333333333,0.6333333333333333,0.55,0.18333333333333332,0.25,0.18333333333333332,0.4666666666666667,0.48333333333333334,0.48333333333333334,0.38333333333333336,0.43333333333333335,0.6833333333333333,0.85,0.7666666666666667,0.7,0.36666666666666664,0.8166666666666667,0.6333333333333333,0.8333333333333334,0.9333333333333333,0.5833333333333334,2
2015-11-01,62071.0,99.5298,76.6246,-62045.0,1.41,16009.52,95.835,97.332,388530.0,5708.0,268500.0,8.225325884543762,21.21,3.9425,1244.0,0.8038585209003215,1946.3666,12317.0,0.12,238.017,185.7,2.7,1.3066673,0.12,0.32,0.48,0.88,1.67,2.26,6.136190476190476,1.38,2.13,111.69159996896236,0.9902951079421667,0.008153733757762354,1.5194,1.0727,0.7530687551773476,141.0,135.1,1085.702380952381,42.44,323.0,2.275714285714286,2080.409912109375,5108.669921875,17719.919921875,19747.470703125,4957.60009765625,469.5199890136719,3760.889892578125,13469.7998046875,21996.419921875,6356.10009765625,11382.23046875,98.23366,91.3,0.34100400000000003,0.24547075000000002,-0.33998772995697,0.05295,-0.45875,150.71588134765625,113.04398345947266,213.99351501464844,55.510666666666665,35.15372560149704,20.503121626281946,16.21,0.26666666666666666,0.016666666666666666,0.7666666666666667,0.45,1.0,0.6,0.6666666666666666,0.08333333333333333,0.03333333333333333,0.6666666666666666,0.75,0.13333333333333333,0.6333333333333333,0.75,0.6333333333333333,0.45,0.5666666666666667,0.26666666666666666,0.6333333333333333,0.18333333333333332,0.06666666666666667,0.08333333333333333,0.18333333333333332,0.95,1.0,1.0,1.0,0.8166666666666667,0.5166666666666667,0.8166666666666667,0.1,0.4666666666666667,0.8833333333333333,0.25,0.5166666666666667,0.3,0.15,0.06666666666666667,0.48333333333333334,0.05,0.36666666666666664,0.15,0.016666666666666666,0.05,0.1,0.2,0.06666666666666667,0.5333333333333333,0.65,0.5333333333333333,0.5833333333333334,0.16666666666666666,0.21666666666666667,0.13333333333333333,0.38333333333333336,0.43333333333333335,0.43333333333333335,0.35,0.16666666666666666,0.6,0.7666666666666667,0.7333333333333333,0.9666666666666667,0.8333333333333334,1.0,0.6,0.6333333333333333,0.48333333333333334,0.5166666666666667,2
2015-12-01,60201.0,99.0417,76.4118,-62757.0,1.43,16077.429,96.138,97.396,389551.0,5845.0,271000.0,8.131918819188192,21.23,3.964,1211.0,0.8447563996696945,1952.8521,12387.9,0.24,237.761,183.5,2.6,1.46795515,0.23,0.49,0.65,0.98,1.7,2.24,6.8786956521739135,1.26,2.01,112.78569998197592,1.0049241282283188,0.008221317877255723,1.4981,1.0889,0.729235032450959,148.4,138.1,1068.2526315789473,37.19,309.5,2.042173913043478,2043.93994140625,5007.41015625,17425.029296875,19033.7109375,4677.14013671875,446.19000244140625,3734.02001953125,13010.0,21914.400390625,6242.2998046875,10743.009765625,99.63239,92.6,0.2666368,0.2911416,-0.008288984894202,0.37934999999999997,-0.392,148.23687744140625,115.224365234375,204.6312713623047,71.08064516129032,60.35844993918739,20.47554582135494,18.025454545454547,0.03333333333333333,0.016666666666666666,0.7166666666666667,0.21666666666666667,1.0,0.5166666666666667,0.7,0.06666666666666667,0.2,0.5333333333333333,0.9166666666666666,0.06666666666666667,0.9833333333333333,0.8,0.55,0.6333333333333333,0.4166666666666667,0.21666666666666667,1.0,0.2,0.15,0.05,0.36666666666666664,1.0,1.0,1.0,1.0,0.9,0.5166666666666667,0.9166666666666666,0.016666666666666666,0.4,0.85,0.38333333333333336,0.65,0.23333333333333334,0.23333333333333334,0.06666666666666667,0.48333333333333334,0.03333333333333333,0.25,0.21666666666666667,0.016666666666666666,0.13333333333333333,0.08333333333333333,0.15,0.05,0.45,0.48333333333333334,0.3,0.5,0.1,0.23333333333333334,0.15,0.3,0.2833333333333333,0.2833333333333333,0.03333333333333333,0.55,0.8333333333333334,0.9,0.8333333333333334,0.95,0.8833333333333333,0.9666666666666667,0.7166666666666667,0.8666666666666667,0.6333333333333333,0.7333333333333333,2
2016-01-01,61840.0,99.5607,76.6964,-61523.0,1.43,16098.568,96.299,97.567,387483.0,6012.0,279600.0,7.895565092989986,21.31,3.8725,1171.0,0.9017933390264731,1963.8478,12518.5,0.34,237.652,182.6,2.5,1.47498776,0.26,0.43,0.54,0.9,1.52,2.09,7.594545454545455,1.19,1.83,115.2343999885332,0.9918666931164452,0.008458390638929912,1.4392,1.0855,0.7038288288288288,140.3,136.2,1097.375,31.68,302.9,2.232380952380952,1940.239990234375,4613.9501953125,16466.30078125,17518.30078125,4417.02001953125,431.2799987792969,3486.219970703125,12822.099609375,19683.109375,6083.7998046875,9798.1103515625,98.98682,92.0,0.22836800000000002,0.43114125000000003,0.280673485465748,0.6857800000000001,-0.31779999999999997,118.21114349365234,124.23914337158203,109.52909851074219,80.38064516129033,55.45720481406289,42.781122645061046,23.717894736842105,0.23333333333333334,0.05,0.8166666666666667,0.3333333333333333,1.0,0.31666666666666665,0.65,0.35,0.21666666666666667,0.5,0.9666666666666667,0.03333333333333333,0.9666666666666667,0.8,0.5166666666666667,0.8166666666666667,0.4,0.31666666666666665,1.0,0.3333333333333333,0.21666666666666667,0.03333333333333333,0.4,1.0,0.9833333333333333,0.9833333333333333,0.9833333333333333,0.5833333333333334,0.4166666666666667,0.95,0.016666666666666666,0.16666666666666666,0.8166666666666667,0.15,0.7166666666666667,0.16666666666666666,0.35,0.1,0.4666666666666667,0.15,0.23333333333333334,0.23333333333333334,0.03333333333333333,0.38333333333333336,0.016666666666666666,0.03333333333333333,0.03333333333333333,0.23333333333333334,0.21666666666666667,0.2,0.23333333333333334,0.05,0.08333333333333333,0.03333333333333333,0.13333333333333333,0.13333333333333333,0.13333333333333333,0.016666666666666666,0.9833333333333333,0.9,0.9166666666666666,0.8666666666666667,0.5666666666666667,0.9166666666666666,0.16666666666666666,0.65,0.5833333333333334,0.6833333333333333,0.9,2
2016-02-01,60985.0,99.0445,76.4063,-64300.0,1.43,16107.427,96.941,97.736,390029.0,5770.0,266750.0,8.24929709465792,21.33,3.66,1172.0,0.8848122866894198,1987.1478,12603.9,0.38,237.336,181.3,2.5,1.11589387,0.31,0.44,0.53,0.73,1.22,1.78,8.225714285714286,1.05,1.47,114.28169999338897,1.0080645161290323,0.008724823431385807,1.429,1.1092,0.7247952453431906,141.5,128.4,1199.911904761905,30.32,306.7,1.93047619047619,1932.22998046875,4557.9501953125,16516.5,16026.759765625,4353.5498046875,427.2699890136719,3371.820068359375,12860.400390625,19111.9296875,6097.10009765625,9495.400390625,98.66404,91.7,0.26385225,0.38158225,0.547711232883498,0.7772749999999999,-0.30225,103.74964904785156,91.322021484375,117.58201599121094,78.93103448275862,65.95661833432227,26.272141839100378,22.517,0.25,0.06666666666666667,0.6833333333333333,0.8,1.0,0.2833333333333333,0.75,0.4166666666666667,0.36666666666666664,0.23333333333333334,0.23333333333333334,0.18333333333333332,0.8666666666666667,0.7333333333333333,0.11666666666666667,0.7833333333333333,0.4,0.18333333333333332,1.0,0.23333333333333334,0.21666666666666667,0.05,0.13333333333333333,1.0,0.9833333333333333,0.9666666666666667,0.95,0.4,0.15,1.0,0.016666666666666666,0.03333333333333333,0.7833333333333333,0.2,0.8,0.13333333333333333,0.48333333333333334,0.23333333333333334,0.4666666666666667,0.11666666666666667,0.5833333333333334,0.2,0.13333333333333333,0.31666666666666665,0.016666666666666666,0.016666666666666666,0.016666666666666666,0.05,0.18333333333333332,0.11666666666666667,0.18333333333333332,0.03333333333333333,0.016666666666666666,0.016666666666666666,0.016666666666666666,0.2,0.2,0.03333333333333333,0.85,0.9333333333333333,0.9666666666666667,0.8833333333333333,0.36666666666666664,0.11666666666666667,0.5833333333333334,0.7833333333333333,0.95,0.8333333333333334,0.8833333333333333,0
2016-03-01,60742.0,98.3096,76.3208,-58418.0,1.43,16106.421,96.58,97.876,388998.0,6129.0,263250.0,8.2326685660019,21.39,3.694,1118.0,0.8971377459749553,2017.6235,12661.8,0.36,238.08,182.1,2.7,0.78224551,0.29,0.46,0.66,0.88,1.38,1.89,6.980869565217391,1.01,1.59,111.89339999644086,1.0192640913260627,0.008854909648929397,1.4249,1.1134,0.7560864962951762,143.9,135.0,1246.338095238095,37.55,318.9,1.812608695652174,2059.739990234375,4869.85009765625,17685.08984375,16758.669921875,4385.06005859375,440.1099853515625,3373.0400390625,13494.400390625,20776.69921875,6174.89990234375,9965.509765625,97.91087,91.0,0.3205868,0.2599126,-0.0216427265864561,0.2104,-0.352,109.72029113769531,98.02693176269531,127.76814270019531,63.63,50.41493833284612,49.187943138521874,15.84909090909091,0.1,0.05,0.65,0.016666666666666666,1.0,0.3,0.5833333333333334,0.38333333333333336,0.06666666666666667,0.7,0.7666666666666667,0.18333333333333332,0.75,0.7,0.11666666666666667,0.8333333333333334,0.4,0.4166666666666667,0.9833333333333333,0.26666666666666666,0.23333333333333334,0.15,0.03333333333333333,0.9833333333333333,0.9833333333333333,1.0,0.9666666666666667,0.48333333333333334,0.2,0.8833333333333333,0.016666666666666666,0.1,0.65,0.5166666666666667,0.85,0.2,0.6833333333333333,0.55,0.5,0.23333333333333334,0.7833333333333333,0.26666666666666666,0.21666666666666667,0.26666666666666666,0.13333333333333333,0.05,0.13333333333333333,0.08333333333333333,0.16666666666666666,0.15,0.18333333333333332,0.21666666666666667,0.11666666666666667,0.06666666666666667,0.016666666666666666,0.26666666666666666,0.26666666666666666,0.3333333333333333,0.25,0.7833333333333333,0.8,0.8166666666666667,0.5666666666666667,0.21666666666666667,0.8833333333333333,0.65,0.8,0.85,0.48333333333333334,2
2016-04-01,61003.0,98.6421,76.2043,-59727.0,1.43,16081.685,96.836,98.117,391112.0,5803.0,266000.0,8.078947368421053,21.46,3.605,1160.0,0.8146551724137931,2033.446,12743.2,0.37,238.992,183.2,2.8,1.68966418,0.23,0.37,0.56,0.77,1.26,1.81,6.619545454545454,1.04,1.58,110.01709999812499,1.0379904504878554,0.009128093625030692,1.4319,1.1346,0.7801529099703541,141.9,127.9,1242.2619047619048,40.75,317.0,2.014285714285714,2065.300048828125,4775.35986328125,17773.640625,16666.05078125,4428.9599609375,439.67999267578125,3409.3701171875,13951.5,21067.05078125,6241.89990234375,10038.9697265625,95.75899,89.0,0.3020285,0.24719724999999998,-0.0617749165481741,0.17374,-0.382,85.22145080566406,80.82244110107422,93.12298583984375,52.43566666666666,37.04986348718591,42.92338836801066,14.300476190476191,0.23333333333333334,0.11666666666666667,0.6166666666666667,0.2,1.0,0.25,0.6,0.48333333333333334,0.18333333333333332,0.1,0.8,0.06666666666666667,0.9833333333333333,0.7,0.016666666666666666,0.48333333333333334,0.38333333333333336,0.5666666666666667,0.9833333333333333,0.3333333333333333,0.26666666666666666,0.2833333333333333,0.6833333333333333,0.95,0.9333333333333333,0.9666666666666667,0.9333333333333333,0.4166666666666667,0.18333333333333332,0.8166666666666667,0.03333333333333333,0.1,0.6,0.5166666666666667,0.9166666666666666,0.26666666666666666,0.7833333333333333,0.5833333333333334,0.5166666666666667,0.21666666666666667,0.7333333333333333,0.26666666666666666,0.16666666666666666,0.43333333333333335,0.1,0.03333333333333333,0.15,0.06666666666666667,0.2,0.16666666666666666,0.23333333333333334,0.25,0.016666666666666666,0.05,0.1,0.11666666666666667,0.11666666666666667,0.2,0.16666666666666666,0.7166666666666667,0.7666666666666667,0.8,0.11666666666666667,0.06666666666666667,0.4666666666666667,0.38333333333333336,0.5666666666666667,0.5833333333333334,0.3333333333333333,0
2016-05-01,59411.0,98.4184,76.1095,-61970.0,1.43,16074.046,96.995,98.284,392299.0,5777.0,274500.0,7.904371584699454,21.48,3.6,1205.0,0.8298755186721992,2048.1212,12802.0,0.37,239.557,185.3,2.4,1.66012215,0.27,0.41,0.59,0.82,1.3,1.81,6.260909090909092,0.99,1.53,111.1404999989414,1.0228086325048584,0.009187114887627804,1.4524,1.1312,0.772499034376207,145.9,128.8,1259.3975,46.71,316.6,2.087272727272727,2096.949951171875,4948.0498046875,17787.19921875,17234.98046875,4505.6201171875,447.8699951171875,3514.06005859375,14065.7998046875,20815.08984375,6230.7998046875,10262.740234375,101.8919,94.7,0.1995705,0.312794,-0.23766590275008,0.1329,-0.37875000000000003,88.3324203491211,84.46136474609375,93.63965606689453,55.18161290322581,39.74792311463502,76.84801711465681,14.852857142857141,0.18333333333333332,0.13333333333333333,0.6,0.5166666666666667,1.0,0.23333333333333334,0.5166666666666667,0.6166666666666667,0.06666666666666667,0.13333333333333333,0.9833333333333333,0.05,0.8833333333333333,0.48333333333333334,0.016666666666666666,0.5666666666666667,0.35,0.6333333333333333,0.9833333333333333,0.2833333333333333,0.26666666666666666,0.016666666666666666,0.65,0.9666666666666667,0.9333333333333333,0.9666666666666667,0.9333333333333333,0.43333333333333335,0.2,0.7666666666666667,0.016666666666666666,0.06666666666666667,0.6666666666666666,0.25,0.9833333333333333,0.16666666666666666,0.6333333333333333,0.4166666666666667,0.5666666666666667,0.35,0.8,0.3,0.08333333333333333,0.38333333333333336,0.15,0.05,0.11666666666666667,0.03333333333333333,0.25,0.2,0.26666666666666666,0.31666666666666665,0.03333333333333333,0.05,0.13333333333333333,0.5333333333333333,0.5333333333333333,0.016666666666666666,0.6833333333333333,0.6166666666666667,0.7166666666666667,0.8,0.7833333333333333,0.6,0.7166666666666667,0.5166666666666667,0.7333333333333333,0.45,0.43333333333333335,0
2016-06-01,59363.0,98.8833,76.2442,-65305.0,1.41,16090.905,97.426,98.386,397113.0,5742.0,265250.0,8.131008482563619,21.52,3.568,1208.0,0.918046357615894,2050.7824,12852.5,0.38,240.222,187.6,2.6,1.28116185,0.27,0.4,0.55,0.73,1.17,1.64,6.104090909090909,0.91,1.37,111.5595999993387,1.0314595152140278,0.009492087870155833,1.4197,1.1232,0.7755545214828602,168.2,132.7,1276.4045454545455,48.76,309.6,2.623636363636364,2098.860107421875,4842.669921875,17929.990234375,15575.919921875,4237.47998046875,435.8800048828125,3345.6298828125,14064.5,20794.369140625,6504.2998046875,9680.08984375,100.6007,93.5,0.2684574,0.3260622,-0.0396126250553947,0.2787,-0.3565,90.16812896728516,80.51286315917969,100.85737609863281,133.648,170.21874361285165,271.0724617762237,17.774545454545457,0.08333333333333333,0.21666666666666667,0.6166666666666667,0.45,0.9,0.25,0.7,0.5666666666666667,0.2833333333333333,0.4,0.9166666666666666,0.11666666666666667,0.95,0.35,0.016666666666666666,0.95,0.26666666666666666,0.6333333333333333,1.0,0.3,0.3,0.11666666666666667,0.2,0.9666666666666667,0.9166666666666666,0.9333333333333333,0.9,0.38333333333333336,0.05,0.6833333333333333,0.016666666666666666,0.016666666666666666,0.6333333333333333,0.36666666666666664,1.0,0.05,0.6166666666666667,0.6,0.8833333333333333,0.13333333333333333,0.8333333333333334,0.3333333333333333,0.15,0.5333333333333333,0.21666666666666667,0.05,0.21666666666666667,0.016666666666666666,0.23333333333333334,0.25,0.25,0.4,0.11666666666666667,0.43333333333333335,0.13333333333333333,0.25,0.25,0.1,0.7166666666666667,0.75,0.85,0.8,0.55,0.5333333333333333,0.6333333333333333,1.0,1.0,0.9,0.7,2
2016-07-01,59725.0,98.9992,76.2506,-63656.0,1.42,16159.383,97.604,98.529,396545.0,5962.0,259400.0,8.2289899768697,21.58,3.44,1198.0,0.8948247078464107,2057.7702,12911.9,0.39,240.101,187.7,2.7,1.64813436,0.3,0.39,0.51,0.67,1.07,1.5,5.649090909090909,0.83,1.2,112.47729999948054,1.017293997965412,0.00959775796373967,1.3134,1.1055,0.7661661048115231,135.0,119.7,1337.3261904761905,44.65,319.1,2.772857142857143,2173.60009765625,5162.1298828125,18432.240234375,16569.26953125,4439.81005859375,449.8299865722656,3464.840087890625,14582.7001953125,21891.369140625,6724.39990234375,10337.5,96.83493,90.0,0.336497,0.26551425,-0.203655067473836,0.20622,-0.3498,114.6104507446289,97.0980453491211,145.14874267578125,94.67,116.08236685229927,116.30263661925956,13.1585,0.15,0.16666666666666666,0.6333333333333333,0.5666666666666667,0.9,0.31666666666666665,0.5833333333333334,0.6833333333333333,0.1,0.016666666666666666,0.7833333333333333,0.23333333333333334,1.0,0.25,0.18333333333333332,0.85,0.23333333333333334,0.6666666666666666,1.0,0.25,0.31666666666666665,0.2,0.65,0.9833333333333333,0.9,0.8833333333333333,0.8166666666666667,0.38333333333333336,0.016666666666666666,0.5833333333333334,0.016666666666666666,0.016666666666666666,0.6,0.43333333333333335,1.0,0.016666666666666666,0.6333333333333333,0.7666666666666667,0.31666666666666665,0.03333333333333333,0.8833333333333333,0.4166666666666667,0.35,0.55,0.31666666666666665,0.15,0.26666666666666666,0.03333333333333333,0.18333333333333332,0.21666666666666667,0.21666666666666667,0.45,0.2833333333333333,0.45,0.21666666666666667,0.2,0.2,0.4166666666666667,0.3333333333333333,0.6666666666666666,0.7666666666666667,0.8166666666666667,0.65,0.16666666666666666,0.9166666666666666,0.8333333333333334,0.95,0.8666666666666667,0.1,0
2016-08-01,61548.0,98.85,75.904,-62638.0,1.42,16177.334,97.709,98.703,396293.0,5677.0,263500.0,8.140417457305503,21.6,3.435,1201.0,0.8776019983347211,2051.3597,12989.7,0.4,240.545,186.6,2.5,1.5900866,0.3,0.44,0.57,0.74,1.13,1.56,5.3,0.82,1.26,111.43839999968598,1.0297600659046442,0.009877684631211706,1.3101,1.1207,0.7693491306354824,124.7,116.0,1341.0886363636364,44.72,320.1,2.722173913043478,2170.949951171875,5213.22021484375,18400.880859375,16887.400390625,4438.22021484375,454.3800048828125,3553.3701171875,14598.0,22976.880859375,6781.5,10592.6904296875,96.61974,89.8,0.31517225,0.27381925,-0.301786875889005,0.26075000000000004,-0.35775,98.73848724365234,82.44046783447266,121.45369720458984,71.41258064516128,65.26916128771535,155.27431498838783,12.399565217391304,0.43333333333333335,0.18333333333333332,0.5166666666666667,0.16666666666666666,0.9,0.2833333333333333,0.5166666666666667,0.7833333333333333,0.11666666666666667,0.15,0.8666666666666667,0.15,0.7166666666666667,0.35,0.11666666666666667,0.8166666666666667,0.13333333333333333,0.7166666666666667,1.0,0.3,0.3333333333333333,0.08333333333333333,0.5666666666666667,0.9833333333333333,0.9666666666666667,0.95,0.9,0.38333333333333336,0.05,0.5333333333333333,0.016666666666666666,0.03333333333333333,0.35,0.5833333333333334,1.0,0.016666666666666666,0.65,0.9,0.38333333333333336,0.2833333333333333,0.9166666666666666,0.6666666666666666,0.7,0.55,0.45,0.4166666666666667,0.6833333333333333,0.2,0.3,0.3333333333333333,0.31666666666666665,0.65,0.6,0.8,0.36666666666666664,0.25,0.25,0.31666666666666665,0.43333333333333335,0.6,0.8333333333333334,0.7833333333333333,0.8166666666666667,0.43333333333333335,0.9,0.5666666666666667,0.4666666666666667,1.0,0.05,0
2016-09-01,59556.0,98.7457,76.0291,-60586.0,1.41,16215.456,97.97,98.834,398797.0,5868.0,251500.0,8.387673956262425,21.62,3.46,1303.0,0.7943207981580968,2070.3166,13054.9,0.4,241.176,186.9,2.4,2.06443724,0.29,0.46,0.59,0.77,1.18,1.63,5.1454545454545455,0.86,1.34,112.31689999980581,1.0275380189066996,0.009824697915100855,1.314,1.1218,0.7628928898382668,122.1,107.7,1326.0295454545453,45.18,313.8,2.898636363636364,2168.27001953125,5312.0,18308.150390625,16449.83984375,4448.259765625,452.3299865722656,3555.919921875,14725.900390625,23297.150390625,6899.2998046875,10511.01953125,98.12607,91.2,0.2702214,0.3426308,-0.338886081690635,0.34716,-0.33840000000000003,104.54522705078125,95.48959350585938,121.15049743652344,50.28933333333334,39.37248550286007,93.0794442353595,14.21952380952381,0.16666666666666666,0.21666666666666667,0.55,0.23333333333333334,0.8666666666666667,0.2833333333333333,0.6,0.75,0.35,0.35,0.75,0.48333333333333334,0.95,0.38333333333333336,0.55,0.4166666666666667,0.15,0.7166666666666667,1.0,0.55,0.4,0.03333333333333333,0.9333333333333333,0.95,0.9833333333333333,0.9666666666666667,0.9166666666666666,0.4,0.08333333333333333,0.5166666666666667,0.05,0.05,0.3333333333333333,0.6166666666666667,0.9666666666666667,0.05,0.6,0.9166666666666666,0.3333333333333333,0.15,0.8833333333333333,0.6,0.45,0.6666666666666666,0.5666666666666667,0.55,0.7333333333333333,0.25,0.35,0.4166666666666667,0.35,0.8666666666666667,0.8166666666666667,0.9333333333333333,0.4,0.5333333333333333,0.5333333333333333,0.13333333333333333,0.8,0.5666666666666667,0.8833333333333333,0.85,0.6,0.2,0.8333333333333334,0.18333333333333332,0.05,0.9166666666666666,0.35,0
2016-10-01,59386.0,98.7611,76.0921,-61397.0,1.41,16243.304,97.925,98.961,399637.0,5591.0,255800.0,8.102423768569194,21.71,3.47,1254.0,0.8532695374800638,2086.261,13122.8,0.4,241.741,186.7,2.4,1.74399736,0.33,0.47,0.66,0.84,1.27,1.76,4.736666666666666,0.92,1.43,113.47469999986201,1.012555690562981,0.00962394437360152,1.233,1.1014,0.7546600256584409,125.5,108.4,1266.5690476190478,49.78,321.2,3.072380952380952,2126.14990234375,5189.14013671875,18142.419921875,17425.01953125,4509.259765625,452.5899963378906,3540.56005859375,14787.2998046875,22934.5390625,6954.2001953125,10665.009765625,93.82229,87.2,0.25690175,0.33377975,-0.41401949093394,0.15325,-0.3605,85.74778747558594,79.64808654785156,100.30767822265625,69.44645161290323,54.639368853939345,83.53837133955707,14.585238095238097,0.13333333333333333,0.2833333333333333,0.55,0.36666666666666664,0.8666666666666667,0.2833333333333333,0.55,0.8333333333333334,0.48333333333333334,0.016666666666666666,0.8666666666666667,0.11666666666666667,0.9,0.45,0.43333333333333335,0.7,0.13333333333333333,0.7666666666666667,1.0,0.6666666666666666,0.45,0.05,0.7666666666666667,1.0,0.9833333333333333,1.0,0.9333333333333333,0.45,0.21666666666666667,0.36666666666666664,0.08333333333333333,0.1,0.5166666666666667,0.48333333333333334,0.9333333333333333,0.016666666666666666,0.5166666666666667,0.7833333333333333,0.4166666666666667,0.11666666666666667,0.85,0.7166666666666667,0.8333333333333334,0.8833333333333333,0.23333333333333334,0.16666666666666666,0.21666666666666667,0.21666666666666667,0.26666666666666666,0.26666666666666666,0.26666666666666666,0.7666666666666667,0.5166666666666667,0.7833333333333333,0.26666666666666666,0.16666666666666666,0.16666666666666666,0.05,0.7833333333333333,0.4666666666666667,0.7,0.7833333333333333,0.38333333333333336,0.5666666666666667,0.43333333333333335,0.7166666666666667,0.45,0.65,0.43333333333333335,0
2016-11-01,59397.0,98.3491,76.0292,-66800.0,1.42,16286.542,98.09,99.005,398680.0,5971.0,245750.0,8.320447609359105,21.71,3.77,1230.0,1.0113821138211383,2089.4401,13208.7,0.41,242.026,186.3,2.4,1.90220184,0.45,0.57,0.74,0.98,1.6,2.14,4.88909090909091,1.16,1.69,116.10749999992055,1.003713740841112,0.009221434301891316,1.2432,1.0792,0.7443799315170463,128.8,111.6,1235.9795454545454,45.66,338.6,2.879090909090909,2198.81005859375,5323.68017578125,19123.580078125,18308.48046875,4578.33984375,457.2099914550781,3478.6298828125,15082.900390625,22789.76953125,6783.7998046875,10640.2998046875,100.9235,93.8,0.3976805,0.2807605,-0.216669464369036,0.085475,-0.41000000000000003,82.91875457763672,81.22564697265625,83.97505950927734,125.67233333333334,111.16061079404392,540.4187012881939,15.236190476190476,0.38333333333333336,0.31666666666666665,0.5333333333333333,0.8,0.9,0.38333333333333336,0.55,0.8166666666666667,0.35,0.23333333333333334,0.55,0.4666666666666667,0.7666666666666667,0.6333333333333333,0.05,1.0,0.08333333333333333,0.7333333333333333,1.0,0.6666666666666666,0.6166666666666667,0.06666666666666667,0.8666666666666667,1.0,1.0,1.0,1.0,0.7833333333333333,0.55,0.45,0.16666666666666666,0.2833333333333333,0.5666666666666667,0.6833333333333333,0.9166666666666666,0.03333333333333333,0.65,0.8166666666666667,0.5166666666666667,0.38333333333333336,0.8833333333333333,0.7166666666666667,1.0,0.8333333333333334,0.35,0.2,0.48333333333333334,0.25,0.26666666666666666,0.25,0.18333333333333332,0.8833333333333333,0.5666666666666667,0.7,0.21666666666666667,0.4,0.4,0.7166666666666667,0.5,0.7166666666666667,0.6666666666666666,0.6833333333333333,0.016666666666666666,0.05,0.016666666666666666,1.0,0.9833333333333333,1.0,0.5166666666666667,0
2016-12-01,59545.0,99.0214,76.0673,-63483.0,1.39,16334.247,98.78,99.12,405114.0,5964.0,252200.0,8.122125297383029,21.76,4.198,1248.0,0.8822115384615384,2083.6422,13234.9,0.54,242.637,188.2,2.2,2.2917332,0.51,0.63,0.87,1.2,1.96,2.49,4.277391304347826,1.29,1.98,117.90479999995287,0.9809691975671964,0.008620830858436474,1.2483,1.0545,0.7496813854112002,134.9,113.1,1151.4027777777778,51.97,354.6,3.585454545454545,2238.830078125,5383.1201171875,19762.599609375,19114.369140625,4862.31005859375,483.1700134277344,3606.360107421875,15287.599609375,22000.560546875,7142.7998046875,11481.0595703125,105.6577,98.2,0.44345939999999995,0.27762159999999997,-0.620948794893263,-0.1117,-0.45280000000000004,102.18046569824219,93.9366226196289,113.97946166992188,123.92709677419356,86.7404401258283,275.1201726115303,12.472380952380954,0.6,0.35,0.5333333333333333,0.6166666666666667,0.7333333333333333,0.35,0.7166666666666667,0.8333333333333334,0.6333333333333333,0.06666666666666667,0.7,0.13333333333333333,0.9166666666666666,0.8,0.13333333333333333,0.8166666666666667,0.016666666666666666,0.6166666666666667,1.0,0.8833333333333333,0.9666666666666667,0.016666666666666666,1.0,1.0,1.0,1.0,1.0,1.0,0.7666666666666667,0.18333333333333332,0.23333333333333334,0.5166666666666667,0.6166666666666667,0.4666666666666667,0.8166666666666667,0.05,0.4666666666666667,0.9666666666666667,0.5166666666666667,0.3333333333333333,0.8333333333333334,1.0,1.0,0.9833333333333333,0.4,0.36666666666666664,0.85,0.3333333333333333,0.38333333333333336,0.4666666666666667,0.25,0.9333333333333333,0.45,0.9333333333333333,0.36666666666666664,0.55,0.55,0.9,0.45,0.26666666666666666,0.5666666666666667,0.6166666666666667,0.06666666666666667,0.21666666666666667,0.05,0.9666666666666667,0.75,0.9833333333333333,0.06666666666666667,1
2017-01-01,60620.0,98.7611,76.2213,-66402.0,1.39,16383.236,98.839,99.385,408269.0,5617.0,244000.0,8.528688524590164,21.82,4.15,1303.0,0.829623944742901,2082.1871,13315.7,0.65,243.618,190.7,2.6,2.1027318,0.51,0.61,0.83,1.21,1.92,2.43,4.0209090909090905,1.22,1.91,117.78579999997004,0.9925558312655086,0.008705334019313653,1.2367,1.0635,0.758552681483729,136.5,120.8,1192.6166666666668,52.5,352.9,3.315909090909091,2278.8701171875,5614.7900390625,19864.08984375,19041.33984375,4748.89990234375,476.7099914550781,3542.27001953125,15386.0,23360.779296875,7099.2001953125,11535.3095703125,105.9805,98.5,0.3960595,0.29591925,-0.534674733747698,-0.12115,-0.47875,105.20123291015625,108.2770004272461,103.17117309570312,144.13548387096773,86.0506771573363,474.8027069808032,11.6085,0.55,0.3333333333333333,0.5833333333333334,0.8166666666666667,0.7333333333333333,0.4,0.6833333333333333,0.9333333333333333,0.9333333333333333,0.016666666666666666,0.1,0.6333333333333333,0.8,0.8,0.5333333333333333,0.55,0.016666666666666666,0.45,1.0,0.9666666666666667,1.0,0.21666666666666667,0.9166666666666666,1.0,0.9833333333333333,0.9833333333333333,1.0,0.9833333333333333,0.75,0.13333333333333333,0.2,0.45,0.4166666666666667,0.6666666666666666,0.8,0.11666666666666667,0.5,1.0,0.6333333333333333,0.5833333333333334,0.8666666666666667,1.0,1.0,0.9,0.7666666666666667,0.7833333333333333,0.9333333333333333,0.43333333333333335,0.4666666666666667,0.55,0.2833333333333333,0.95,0.9166666666666666,0.9666666666666667,0.6333333333333333,0.5833333333333334,0.5833333333333334,0.7,0.6,0.35,0.5666666666666667,0.6,0.3,0.3333333333333333,0.43333333333333335,0.9666666666666667,0.8,0.9666666666666667,0.03333333333333333,1
2017-02-01,60640.0,98.3646,76.1845,-63592.0,1.39,16431.536,98.892,99.561,408155.0,5923.0,230250.0,8.9457111834962,21.85,4.1675,1234.0,0.9303079416531604,2082.5725,13394.8,0.66,244.006,191.6,2.7,1.94277371,0.52,0.64,0.82,1.2,1.9,2.42,3.853,1.22,1.89,116.12039999998223,0.9990009990009991,0.00885648595892716,1.2495,1.065,0.7628346937218705,142.4,126.8,1234.3575,53.47,365.9,2.9015,2363.639892578125,5825.43994140625,20812.240234375,19118.990234375,4858.580078125,495.3500061035156,3584.1298828125,15399.2001953125,23740.73046875,7263.39990234375,11834.41015625,103.6134,96.3,0.35038274999999997,0.31624975,-0.679614512375175,-0.20645,-0.48775,114.20635986328125,125.66468048095703,97.15160369873047,119.42750000000001,99.2918754406169,250.13309315641874,11.530526315789475,0.6333333333333333,0.35,0.55,0.4166666666666667,0.7333333333333333,0.43333333333333335,0.36666666666666664,0.95,0.8166666666666667,0.13333333333333333,0.08333333333333333,0.9666666666666667,0.8333333333333334,0.8166666666666667,0.25,0.9833333333333333,0.016666666666666666,0.4166666666666667,1.0,1.0,1.0,0.31666666666666665,0.8833333333333333,1.0,1.0,0.9666666666666667,0.9833333333333333,0.9666666666666667,0.7333333333333333,0.1,0.21666666666666667,0.43333333333333335,0.2833333333333333,0.6,0.7666666666666667,0.13333333333333333,0.43333333333333335,0.9833333333333333,0.6833333333333333,0.75,0.7333333333333333,1.0,1.0,0.9,0.8833333333333333,0.8666666666666667,0.9833333333333333,0.6333333333333333,0.5833333333333334,0.7833333333333333,0.3333333333333333,0.9333333333333333,0.9833333333333333,0.9833333333333333,0.8833333333333333,0.5,0.5,0.5333333333333333,0.7166666666666667,0.23333333333333334,0.5166666666666667,0.6,0.7333333333333333,0.85,0.3333333333333333,0.9,0.7833333333333333,0.95,0.016666666666666666,1
2017-03-01,61260.0,99.0137,75.9999,-65053.0,1.39,16491.77,99.331,99.519,407630.0,5811.0,233750.0,8.631016042780749,21.88,4.196,1272.0,0.9017295597484277,2064.8393,13463.6,0.79,243.892,191.5,2.5,1.50314821,0.74,0.87,1.01,1.31,2.01,2.48,3.8982608695652172,1.17,1.73,115.65579999998893,0.9985022466300548,0.008856101632622336,1.2347,1.0691,0.7469933517591694,140.0,125.2,1231.0934782608697,49.33,361.0,2.991739130434783,2362.719970703125,5911.740234375,20663.220703125,18909.259765625,5122.509765625,516.5399780273438,3817.02001953125,15547.7998046875,24111.58984375,7322.89990234375,12312.8701171875,104.2589,96.9,0.3291478,0.3774188,-0.650792267129571,-0.36310000000000003,-0.48040000000000005,96.63587951660156,95.83842468261719,95.67454528808594,112.85290322580646,50.935573163108785,151.9431208361034,11.89782608695652,0.7166666666666667,0.4166666666666667,0.45,0.9,0.7333333333333333,0.5166666666666667,0.7166666666666667,0.75,0.85,0.03333333333333333,0.25,0.65,0.5666666666666667,0.8,0.6166666666666667,0.8666666666666667,0.016666666666666666,0.45,1.0,0.9666666666666667,0.9833333333333333,0.16666666666666666,0.4,1.0,1.0,1.0,1.0,1.0,0.75,0.11666666666666667,0.18333333333333332,0.3333333333333333,0.48333333333333334,0.48333333333333334,0.7,0.13333333333333333,0.43333333333333335,0.7666666666666667,0.6333333333333333,0.6833333333333333,0.6333333333333333,0.95,0.95,0.9333333333333333,0.65,0.75,0.8666666666666667,0.5,0.8,0.85,0.4666666666666667,0.85,0.85,0.9666666666666667,0.8333333333333334,0.55,0.55,0.4166666666666667,0.8666666666666667,0.25,0.38333333333333336,0.6166666666666667,0.26666666666666666,0.5333333333333333,0.21666666666666667,0.95,0.5,0.8166666666666667,0.06666666666666667,1
2017-04-01,61185.0,100.0224,76.9785,-68405.0,1.39,16521.43,99.364,99.723,409134.0,6091.0,227800.0,8.583845478489904,21.94,4.045,1251.0,0.8545163868904876,2067.5158,13521.7,0.9,244.193,193.0,2.5,1.71866969,0.8,0.93,1.04,1.24,1.82,2.3,3.9166666666666665,1.06,1.49,114.76979999999365,0.9991008092716556,0.009083394646247196,1.2639,1.0714,0.744213738185607,139.9,123.0,1265.6277777777777,51.06,359.5,3.1915,2384.199951171875,6047.60986328125,20940.509765625,19196.740234375,5267.330078125,521.1300048828125,3875.530029296875,15586.099609375,24615.130859375,7203.89990234375,12438.009765625,104.3665,97.0,0.30257225,0.36853425,-0.578333722670564,-0.36765,-0.49324999999999997,119.45992279052734,127.44654846191406,108.06884002685547,101.35633333333334,36.36981845795532,153.35011477760236,13.136315789473684,0.7,0.4666666666666667,0.9166666666666666,0.9666666666666667,0.7333333333333333,0.5666666666666667,0.65,0.75,0.8166666666666667,0.31666666666666665,0.08333333333333333,0.65,0.5333333333333333,0.7833333333333333,0.45,0.6666666666666666,0.016666666666666666,0.31666666666666665,1.0,0.95,0.9833333333333333,0.18333333333333332,0.6666666666666666,1.0,1.0,1.0,0.9833333333333333,0.9333333333333333,0.6333333333333333,0.13333333333333333,0.16666666666666666,0.13333333333333333,0.6,0.38333333333333336,0.7,0.16666666666666666,0.36666666666666664,0.5666666666666667,0.6666666666666666,0.7333333333333333,0.7166666666666667,0.9333333333333333,0.95,0.9166666666666666,0.6833333333333333,0.8333333333333334,0.8666666666666667,0.55,0.8833333333333333,0.8833333333333333,0.5,0.8,0.8666666666666667,0.9,0.8333333333333334,0.6166666666666667,0.6166666666666667,0.26666666666666666,0.85,0.36666666666666664,0.36666666666666664,0.6,0.8666666666666667,0.9333333333333333,0.65,0.9666666666666667,0.48333333333333334,0.8166666666666667,0.18333333333333332,1
2017-05-01,61230.0,100.1408,76.962,-67183.0,1.4,16626.085,99.427,99.803,406609.0,5826.0,239000.0,7.934100418410042,21.97,4.01,1208.0,0.9685430463576159,2071.7385,13568.9,0.91,244.004,192.8,2.6,1.56480634,0.89,1.02,1.12,1.3,1.84,2.3,3.743478260869565,1.0,1.4,114.25909999999648,1.0134792743488394,0.008909193931769829,1.2929,1.105,0.7349698662354843,140.8,123.9,1245.0047619047618,48.48,353.8,3.235652173913043,2411.800048828125,6198.52001953125,21008.650390625,19650.5703125,5283.6298828125,524.0700073242188,3888.320068359375,15349.900390625,25660.650390625,7520.0,12615.0595703125,104.4741,97.1,0.318788,0.31103949999999997,-0.727012730815736,-0.5609,-0.53125,102.57996368408203,102.35460662841797,99.70480346679688,92.18935483870968,42.427305774433485,87.2675111575058,10.862272727272726,0.8833333333333333,0.55,0.9,0.8333333333333334,0.7666666666666667,0.7,0.55,0.55,0.6,0.1,0.11666666666666667,0.06666666666666667,0.55,0.7666666666666667,0.08333333333333333,0.9833333333333333,0.016666666666666666,0.25,1.0,0.7833333333333333,0.9333333333333333,0.26666666666666666,0.45,1.0,1.0,1.0,0.9833333333333333,0.9333333333333333,0.6333333333333333,0.06666666666666667,0.11666666666666667,0.08333333333333333,0.43333333333333335,0.6,0.6,0.18333333333333332,0.4666666666666667,0.5,0.6,0.7333333333333333,0.65,0.6333333333333333,0.9166666666666666,0.8833333333333333,0.65,0.8166666666666667,0.8666666666666667,0.5,0.8,0.7833333333333333,0.35,0.65,0.9666666666666667,0.9833333333333333,0.7833333333333333,0.35,0.35,0.36666666666666664,0.6666666666666666,0.2,0.23333333333333334,0.5333333333333333,0.7666666666666667,0.75,0.5333333333333333,0.9,0.55,0.5166666666666667,0.016666666666666666,1
2017-06-01,60153.0,100.3471,77.119,-65992.0,1.4,16642.946,99.745,99.937,409067.0,6305.0,248000.0,7.72883064516129,22.02,3.904,1353.0,0.9135254988913526,2072.9162,13580.5,1.04,244.163,193.6,2.6,0.95868776,0.98,1.09,1.2,1.34,1.77,2.19,3.7509090909090905,0.85,1.19,112.7602999999979,1.0329511414110113,0.009015986245211384,1.281,1.1233,0.7521624670928921,143.2,135.6,1260.2568181818183,45.18,353.6,2.993636363636364,2423.409912109375,6140.419921875,21349.630859375,20033.4296875,5120.68017578125,507.1499938964844,3793.6201171875,15182.2001953125,25764.580078125,7312.7001953125,12325.1201171875,102.2147,95.0,0.313989,0.2926338,-0.621974150990278,-0.6176600000000001,-0.561,126.78901672363281,113.16846466064453,146.67166137695312,95.05999999999999,47.22938022014487,86.85827933221465,10.513636363636364,0.7666666666666667,0.5,0.95,0.5833333333333334,0.7666666666666667,0.6833333333333333,0.4666666666666667,0.6833333333333333,0.4166666666666667,0.6,0.7666666666666667,0.016666666666666666,0.6166666666666667,0.7333333333333333,0.6166666666666667,0.9333333333333333,0.016666666666666666,0.13333333333333333,1.0,0.6166666666666667,0.9166666666666666,0.2833333333333333,0.08333333333333333,1.0,1.0,1.0,1.0,0.9,0.5,0.1,0.05,0.016666666666666666,0.18333333333333332,0.7,0.5333333333333333,0.23333333333333334,0.6,0.65,0.4,0.7833333333333333,0.6333333333333333,0.5,0.95,0.6,0.6833333333333333,0.8333333333333334,0.8833333333333333,0.75,0.9333333333333333,0.75,0.45,0.6166666666666667,0.9666666666666667,0.7833333333333333,0.95,0.31666666666666665,0.31666666666666665,0.3,0.5666666666666667,0.31666666666666665,0.11666666666666667,0.43333333333333335,0.8666666666666667,0.85,0.7833333333333333,0.2833333333333333,0.03333333333333333,0.13333333333333333,0.016666666666666666,2
2017-07-01,61167.0,100.1068,76.9178,-65483.0,1.4,16698.803,99.996,100.01,409113.0,6238.0,250800.0,7.684210526315789,22.07,3.9675000000000002,1256.0,0.9339171974522293,2076.081,13643.1,1.15,244.243,193.5,2.6,1.71215951,1.07,1.11,1.22,1.37,1.87,2.32,3.691904761904762,0.95,1.23,111.06059999999904,1.0412328196584757,0.008895451755517404,1.2996,1.153,0.7880220646178093,149.9,168.6,1236.2214285714285,46.63,364.5,2.954285714285714,2470.300048828125,6348.1201171875,21891.119140625,19925.1796875,5093.77001953125,525.4400024414062,3942.4599609375,15143.900390625,27323.990234375,7372.0,12118.25,100.4931,93.4,0.319404,0.274049,-0.724281017766386,-0.6428499999999999,-0.5752499999999999,102.81346130371094,125.59920501708984,71.9550552368164,100.40903225806451,38.02158186792361,92.14345483723397,10.2645,0.8333333333333334,0.43333333333333335,0.8333333333333334,0.6666666666666666,0.7666666666666667,0.6666666666666666,0.5,0.4666666666666667,0.48333333333333334,0.31666666666666665,0.9,0.016666666666666666,0.5166666666666667,0.8166666666666667,0.25,0.9666666666666667,0.016666666666666666,0.13333333333333333,1.0,0.7333333333333333,0.9,0.3,0.65,1.0,1.0,1.0,1.0,0.9333333333333333,0.65,0.05,0.11666666666666667,0.05,0.03333333333333333,0.8,0.5,0.6833333333333333,0.8333333333333334,0.9333333333333333,0.8333333333333334,1.0,0.43333333333333335,0.65,0.95,0.4666666666666667,0.5166666666666667,0.75,0.8666666666666667,0.6333333333333333,0.6833333333333333,0.7666666666666667,0.5,0.4,0.9833333333333333,0.6666666666666666,0.5166666666666667,0.4666666666666667,0.4666666666666667,0.36666666666666664,0.4,0.21666666666666667,0.08333333333333333,0.43333333333333335,0.3333333333333333,0.8,0.03333333333333333,0.6666666666666666,0.05,0.3,0.016666666666666666,1
2017-08-01,61493.0,99.6925,76.8894,-64313.0,1.4,16729.216,100.008,100.118,409606.0,6276.0,247750.0,7.763874873864783,22.1,3.88,1319.0,0.8392721758908264,2084.0958,13697.7,1.16,245.183,193.8,2.6,1.65217832,1.01,1.11,1.23,1.34,1.78,2.21,3.8339130434782613,0.87,1.18,109.90589999999935,1.035947373873407,0.009105229133091135,1.2952,1.1813,0.7931472081218275,132.1,134.2,1282.3159090909091,48.04,380.4,2.903913043478261,2471.64990234375,6428.66015625,21948.099609375,19646.240234375,5085.58984375,516.0399780273438,3887.550048828125,15211.900390625,27970.30078125,7430.60009765625,12055.83984375,104.1514,96.8,0.3141026,0.3508318,-0.734936824292411,-0.497275,-0.56575,138.5316162109375,160.02310180664062,108.43595123291016,73.28774193548388,23.324618410601573,91.35106687410507,11.975652173913044,0.6333333333333333,0.43333333333333335,0.8166666666666667,0.65,0.7666666666666667,0.6666666666666666,0.4166666666666667,0.31666666666666665,0.5833333333333334,0.6166666666666667,0.7666666666666667,0.05,0.5833333333333334,0.7666666666666667,0.5833333333333334,0.5166666666666667,0.06666666666666667,0.03333333333333333,1.0,0.8,0.9166666666666666,0.31666666666666665,0.55,0.9833333333333333,1.0,1.0,0.9833333333333333,0.8833333333333333,0.5166666666666667,0.15,0.08333333333333333,0.016666666666666666,0.03333333333333333,0.6833333333333333,0.4666666666666667,0.6666666666666666,0.9166666666666666,0.9333333333333333,0.7666666666666667,0.9166666666666666,0.5666666666666667,0.6833333333333333,0.9833333333333333,0.4666666666666667,0.5333333333333333,0.75,0.9,0.55,0.65,0.5833333333333334,0.3,0.45,0.8833333333333333,0.65,0.4,0.6333333333333333,0.6333333333333333,0.3,0.8833333333333333,0.2,0.35,0.45,0.85,0.9666666666666667,0.3333333333333333,0.6,0.08333333333333333,0.2,0.13333333333333333,2
2017-09-01,63747.0,99.7954,77.0102,-64980.0,1.38,16774.796,100.555,100.24,419021.0,6320.0,272400.0,6.948604992657856,22.18,3.8049999999999997,1273.0,0.8743126472898665,2102.9052,13745.1,1.15,246.435,194.8,2.7,2.05780237,1.03,1.15,1.28,1.38,1.8,2.2,3.719090909090909,0.82,1.15,108.85419999999964,1.0389610389610389,0.009027226113959702,1.334,1.1913,0.8143985666585227,127.7,130.6,1314.9785714285713,49.82,398.2,3.009047619047619,2519.360107421875,6495.9599609375,22405.08984375,20356.279296875,5329.81005859375,537.0599975585938,4017.75,15634.900390625,27554.30078125,7372.7998046875,12828.8603515625,102.3222,95.1,0.36008724999999997,0.284144,-0.723173832322526,-0.59756,-0.5608000000000001,115.5344467163086,142.1448974609375,84.09626770019531,84.18766666666667,35.04265407750282,76.29107825292681,10.437999999999999,1.0,0.45,0.9166666666666666,0.75,0.5666666666666667,0.7,0.6833333333333333,0.31666666666666665,0.9333333333333333,0.5166666666666667,1.0,0.016666666666666666,0.9666666666666667,0.7,0.05,0.7,0.06666666666666667,0.016666666666666666,0.9833333333333333,0.95,0.9333333333333333,0.43333333333333335,0.8833333333333333,0.9833333333333333,1.0,1.0,1.0,0.8833333333333333,0.48333333333333334,0.08333333333333333,0.03333333333333333,0.016666666666666666,0.016666666666666666,0.6833333333333333,0.4666666666666667,0.8,0.95,0.9833333333333333,0.7666666666666667,0.9666666666666667,0.7,0.7833333333333333,1.0,0.4,0.7166666666666667,0.7166666666666667,0.95,0.6833333333333333,0.8833333333333333,0.8833333333333333,0.4,0.5166666666666667,0.8166666666666667,0.5666666666666667,0.7333333333333333,0.48333333333333334,0.48333333333333334,0.6,0.5333333333333333,0.25,0.21666666666666667,0.48333333333333334,0.6666666666666666,0.9,0.13333333333333333,0.9,0.48333333333333334,0.31666666666666665,0.03333333333333333,2
2017-10-01,63923.0,101.0247,77.9179,-66665.0,1.37,16841.324,100.65,100.486,418999.0,6408.0,242250.0,7.854489164086687,22.18,3.895,1356.0,0.8820058997050148,2112.9422,13800.1,1.15,246.626,194.9,2.4,1.95269933,1.07,1.23,1.4,1.55,1.98,2.36,3.492272727272727,0.81,1.27,110.88919999999973,1.0182262498727217,0.008856234966541145,1.3202,1.1755,0.7932101213611487,126.7,130.7,1279.5136363636364,51.58,398.6,2.911818181818182,2575.260009765625,6727.669921875,23377.240234375,22011.609375,5503.2900390625,553.3800048828125,4096.3798828125,16025.599609375,28245.5390625,7493.10009765625,13229.5703125,108.3475,100.7,0.38234175,0.3016615,-0.805264251244423,-0.716025,-0.58575,91.4615707397461,109.23060607910156,69.15699768066406,70.21064516129033,47.6315503918878,96.8729713755187,10.125454545454545,1.0,0.75,1.0,0.8333333333333334,0.45,0.7166666666666667,0.7,0.6,0.9,0.7333333333333333,0.75,0.1,0.3333333333333333,0.75,0.5666666666666667,0.7333333333333333,0.06666666666666667,0.016666666666666666,0.9833333333333333,0.8666666666666667,0.9333333333333333,0.1,0.8666666666666667,1.0,1.0,1.0,1.0,0.9833333333333333,0.6833333333333333,0.03333333333333333,0.016666666666666666,0.11666666666666667,0.03333333333333333,0.65,0.48333333333333334,0.9,0.9666666666666667,0.95,0.7333333333333333,0.95,0.75,0.6,0.9833333333333333,0.3333333333333333,0.85,0.9166666666666666,1.0,0.6833333333333333,0.95,0.9666666666666667,0.6333333333333333,0.6333333333333333,0.9166666666666666,0.5833333333333334,0.8333333333333334,0.8666666666666667,0.8666666666666667,0.6333333333333333,0.65,0.13333333333333333,0.05,0.4166666666666667,0.55,0.7833333333333333,0.11666666666666667,0.5666666666666667,0.4666666666666667,0.5333333333333333,0.016666666666666666,1
2017-11-01,63929.0,101.2664,78.0466,-69836.0,1.36,16883.564,101.202,100.535,423224.0,6271.0,247750.0,7.925327951564077,22.22,3.9219999999999997,1299.0,0.9099307159353349,2106.2299,13843.5,1.16,247.284,195.9,2.5,2.06917502,1.23,1.36,1.56,1.7,2.05,2.35,3.6818181818181817,0.65,1.1,111.16349999999981,1.0085728693898133,0.008863755218535885,1.3217,1.1743,0.7829014327096218,125.2,132.6,1282.284090909091,56.64,402.3,3.053636363636364,2647.580078125,6873.97021484375,24272.349609375,22724.9609375,5372.7900390625,540.1099853515625,3984.10009765625,16067.5,29177.349609375,7326.7001953125,13023.98046875,105.9805,98.5,0.381893,0.2950028,-0.742976582907874,-0.72175,-0.60125,92.59601593017578,103.94397735595703,80.11587524414062,91.195,21.467146465889684,49.481161423335884,10.54047619047619,0.9833333333333333,0.8833333333333333,1.0,0.6833333333333333,0.43333333333333335,0.7166666666666667,0.7666666666666667,0.6166666666666667,1.0,0.31666666666666665,0.9833333333333333,0.15,0.6666666666666666,0.6,0.31666666666666665,0.9,0.016666666666666666,0.016666666666666666,1.0,0.9166666666666666,0.95,0.21666666666666667,0.9,1.0,1.0,1.0,1.0,1.0,0.65,0.06666666666666667,0.016666666666666666,0.016666666666666666,0.016666666666666666,0.6333333333333333,0.6666666666666666,0.8666666666666667,1.0,0.95,0.6166666666666667,0.9333333333333333,0.8333333333333334,0.9166666666666666,0.9333333333333333,0.45,0.8333333333333334,0.8833333333333333,0.9833333333333333,0.6666666666666666,0.75,0.8166666666666667,0.6,0.5,1.0,0.5833333333333334,0.7333333333333333,0.55,0.55,0.6166666666666667,0.6166666666666667,0.21666666666666667,0.03333333333333333,0.4166666666666667,0.6666666666666666,0.7333333333333333,0.4166666666666667,0.2833333333333333,0.016666666666666666,0.03333333333333333,0.08333333333333333,1
2017-12-01,63848.0,101.4644,77.9264,-71439.0,1.35,16919.258,101.992,100.683,425545.0,6336.0,242600.0,8.124484748557295,22.29,3.95,1311.0,0.9153318077803204,2105.3574,13881.7,1.3,247.805,196.3,2.7,2.82407476,1.32,1.47,1.7,1.84,2.18,2.4,3.6,0.56,1.06,110.87579999999988,1.0131712259371835,0.00885421969975341,1.3404,1.1836,0.783146683373796,128.8,127.4,1261.2558823529412,57.88,400.2,2.76952380952381,2673.610107421875,6903.39013671875,24719.220703125,22764.939453125,5312.56005859375,544.5800170898438,3977.8798828125,16209.099609375,29919.150390625,7687.7998046875,12917.6396484375,103.183,95.9,0.46255025,0.27150275,-0.781012882839144,-0.6538,-0.6092,82.71825408935547,95.908447265625,62.65747833251953,90.5725806451613,26.801664784107903,182.2997218191179,10.2645,0.9666666666666667,0.7666666666666667,0.9833333333333333,0.9166666666666666,0.4166666666666667,0.7,0.8166666666666667,0.7833333333333333,0.8833333333333333,0.43333333333333335,0.85,0.26666666666666666,0.8,0.38333333333333336,0.2833333333333333,0.9166666666666666,0.05,0.03333333333333333,1.0,0.8833333333333333,0.9,0.48333333333333334,1.0,1.0,1.0,1.0,1.0,1.0,0.6833333333333333,0.05,0.016666666666666666,0.016666666666666666,0.016666666666666666,0.8666666666666667,0.8,0.9,1.0,0.9166666666666666,0.6,0.8833333333333333,0.9333333333333333,0.8166666666666667,0.8166666666666667,0.2833333333333333,0.8166666666666667,0.85,0.9333333333333333,0.55,0.4,0.5166666666666667,0.31666666666666665,0.4666666666666667,1.0,0.55,0.36666666666666664,0.18333333333333332,0.18333333333333332,0.9666666666666667,0.38333333333333336,0.18333333333333332,0.1,0.4,0.1,0.5166666666666667,0.05,0.31666666666666665,0.06666666666666667,0.2,0.05,1
2018-01-01,64214.0,101.4625,77.7567,-73585.0,1.37,16938.615,101.886,101.007,423202.0,6621.0,235250.0,8.414452709883102,22.36,4.032500000000001,1317.0,0.9172361427486713,2109.5759,13900.3,1.41,248.859,197.9,2.7,1.9048938,1.41,1.59,1.8,2.03,2.38,2.58,3.361739130434782,0.55,1.15,108.35679999999994,1.0412328196584757,0.009019491120310993,1.3824,1.2197,0.8045699573577924,132.7,135.9,1331.665909090909,63.7,410.6,3.151739130434783,2823.81005859375,7411.47998046875,26149.390625,23098.2890625,5481.93017578125,560.52001953125,4111.64990234375,15951.7001953125,32887.26953125,7533.60009765625,13189.48046875,102.9678,95.7,0.51998375,0.21511175,-0.825103034833199,-0.66255,-0.61475,92.42678833007812,107.64431762695312,75.66629028320312,114.80000000000001,31.985083987862538,247.78681839219828,11.062380952380952,0.9333333333333333,0.8166666666666667,0.95,0.8333333333333334,0.45,0.6166666666666667,0.7333333333333333,0.85,0.6333333333333333,0.8166666666666667,0.8666666666666667,0.7,0.8666666666666667,0.4666666666666667,0.13333333333333333,0.9166666666666666,0.11666666666666667,0.016666666666666666,1.0,0.8833333333333333,0.8333333333333334,0.5,0.7833333333333333,1.0,1.0,1.0,1.0,1.0,0.8333333333333334,0.016666666666666666,0.016666666666666666,0.06666666666666667,0.016666666666666666,0.9333333333333333,0.8166666666666667,0.9833333333333333,1.0,0.9666666666666667,0.65,0.8833333333333333,0.9333333333333333,0.9,0.9,0.36666666666666664,0.9333333333333333,0.95,1.0,0.6166666666666667,0.65,0.7833333333333333,0.6666666666666666,0.31666666666666665,1.0,0.48333333333333334,0.45,0.16666666666666666,0.16666666666666666,0.9833333333333333,0.05,0.1,0.1,0.38333333333333336,0.21666666666666667,0.48333333333333334,0.23333333333333334,0.38333333333333336,0.13333333333333333,0.13333333333333333,0.13333333333333333,1
2018-02-01,65778.0,101.7085,78.4742,-74571.0,1.37,16963.881,101.931,101.198,425507.0,6552.0,221000.0,8.933257918552036,22.41,4.33,1321.0,0.9750189250567751,2112.0245,13949.3,1.42,249.529,199.3,2.7,2.13804094,1.57,1.75,1.96,2.18,2.6,2.86,3.5420000000000003,0.68,1.27,107.65010000000001,1.0689470871191875,0.009261831990367694,1.3961,1.234,0.7944073721004131,141.1,143.3,1331.525,62.23,412.0,2.658,2713.830078125,7273.009765625,25029.19921875,22068.240234375,5320.490234375,535.5800170898438,3994.449951171875,15442.7001953125,30844.720703125,7231.89990234375,12435.849609375,107.2716,99.7,0.43742375,0.2699345,-0.513094825974279,-0.2538,-0.5680000000000001,64.49137115478516,74.68311309814453,52.002201080322266,84.03857142857143,43.190992159822834,69.09474188013061,22.464736842105264,1.0,0.9833333333333333,1.0,0.9833333333333333,0.45,0.5833333333333334,0.7166666666666667,0.8666666666666667,0.7166666666666667,0.6,0.8333333333333334,0.9666666666666667,0.9333333333333333,0.5833333333333334,0.48333333333333334,0.9833333333333333,0.13333333333333333,0.016666666666666666,1.0,0.95,0.85,0.5166666666666667,0.9333333333333333,1.0,1.0,1.0,1.0,1.0,0.9833333333333333,0.06666666666666667,0.06666666666666667,0.18333333333333332,0.03333333333333333,0.9666666666666667,0.8333333333333334,0.9666666666666667,1.0,0.8833333333333333,0.7333333333333333,0.9,0.85,0.8666666666666667,0.7833333333333333,0.3333333333333333,0.55,0.7333333333333333,0.8333333333333334,0.48333333333333334,0.4166666666666667,0.31666666666666665,0.35,0.23333333333333334,0.9666666666666667,0.25,0.23333333333333334,0.45,0.45,0.85,0.36666666666666664,0.5833333333333334,0.5666666666666667,0.4666666666666667,0.03333333333333333,0.03333333333333333,0.05,0.25,0.21666666666666667,0.11666666666666667,0.95,1
2018-03-01,64732.0,102.2067,78.4626,-69809.0,1.36,17008.963,102.226,101.419,425087.0,6818.0,225800.0,8.615589016829052,22.49,4.444,1385.0,0.8527075812274368,2123.2264,14012.7,1.51,249.577,199.3,2.8,1.68874433,1.7,1.87,2.06,2.28,2.63,2.84,3.645217391304348,0.56,1.11,107.94720000000002,1.0548523206751055,0.009429798918967851,1.3976,1.2334,0.7732158045310447,148.2,151.8,1324.6571428571428,62.73,407.9,2.700909090909091,2640.8701171875,7063.4501953125,24103.109375,21454.30078125,5167.2998046875,529.52001953125,3857.10009765625,15367.2998046875,30093.380859375,7056.60009765625,12096.73046875,109.1007,101.4,0.3313968,0.27387740000000005,-0.583713878494444,0.07792,-0.5098,111.96229553222656,146.9270782470703,64.55758666992188,76.3758064516129,27.382045863887946,524.6518636577001,19.023809523809526,0.9,0.9166666666666666,0.9833333333333333,0.6833333333333333,0.4,0.55,0.6666666666666666,1.0,0.7166666666666667,0.75,0.8833333333333333,0.8,1.0,0.6333333333333333,0.6833333333333333,0.5,0.21666666666666667,0.016666666666666666,1.0,0.95,0.8666666666666667,0.6666666666666666,0.5333333333333333,1.0,1.0,1.0,1.0,1.0,0.95,0.1,0.05,0.05,0.05,0.9333333333333333,0.85,1.0,0.9833333333333333,0.8666666666666667,0.8666666666666667,0.9666666666666667,0.8166666666666667,0.9333333333333333,0.8,0.3333333333333333,0.38333333333333336,0.5,0.6833333333333333,0.4,0.23333333333333334,0.2,0.18333333333333332,0.23333333333333334,0.9,0.16666666666666666,0.15,0.5333333333333333,0.5333333333333333,0.45,0.45,0.5,0.75,0.65,0.7166666666666667,0.9,0.15,0.23333333333333334,0.3,0.8,0.9,1
2018-04-01,65742.0,103.3329,79.0447,-71059.0,1.36,17028.008,102.318,101.602,425899.0,6877.0,221500.0,8.476297968397292,22.55,4.4675,1378.0,0.888243831640058,2167.1125,14035.9,1.69,250.227,200.3,2.7,1.84679022,1.76,1.93,2.15,2.38,2.7,2.87,3.473333333333333,0.49,1.08,107.9434,1.0323113451016828,0.009288828697278931,1.4079,1.227,0.7854225573358466,148.4,155.0,1334.74,66.25,406.9,2.723809523809524,2648.050048828125,7066.27001953125,24163.150390625,22467.869140625,5520.5,555.72998046875,3910.300048828125,15607.900390625,30808.44921875,7509.2998046875,12612.1103515625,106.3032,98.8,0.33168875,0.33540675,-0.36542724051641,0.091975,-0.519,123.26347351074219,146.39566040039062,94.30585479736328,88.596,30.688175770540337,463.180653392348,18.267619047619046,0.95,0.9333333333333333,1.0,0.6,0.4,0.5166666666666667,0.7,0.9833333333333333,0.6833333333333333,0.6333333333333333,0.9333333333333333,0.7333333333333333,0.9833333333333333,0.6833333333333333,0.7166666666666667,0.7,0.25,0.016666666666666666,1.0,0.9666666666666667,0.8,0.5333333333333333,0.7166666666666667,1.0,1.0,1.0,1.0,1.0,0.9833333333333333,0.05,0.016666666666666666,0.03333333333333333,0.08333333333333333,0.8333333333333334,0.7333333333333333,0.9333333333333333,0.95,0.95,0.8833333333333333,0.9833333333333333,0.7833333333333333,0.9333333333333333,0.8,0.3333333333333333,0.36666666666666664,0.4,0.6166666666666667,0.55,0.3,0.26666666666666666,0.18333333333333332,0.25,0.9166666666666666,0.5,0.18333333333333332,0.35,0.35,0.45,0.8666666666666667,0.7,0.7666666666666667,0.6166666666666667,0.43333333333333335,0.5833333333333334,0.4,0.5166666666666667,0.5,0.7666666666666667,0.8833333333333333,1
2018-05-01,67289.0,102.4024,78.4247,-66567.0,1.34,17072.967,102.633,101.78,432340.0,7016.0,221250.0,7.9344632768361585,22.6,4.586,1338.0,0.9431988041853513,2173.6766,14092.4,1.7,250.792,203.2,2.8,1.96778394,1.86,2.02,2.27,2.51,2.82,2.98,3.468695652173913,0.47,1.08,111.047,1.0031096398836392,0.009116750935834484,1.347,1.1823,0.77724234416291,154.2,151.5,1303.0261904761905,69.98,406.5,2.833913043478261,2705.27001953125,7442.1201171875,24415.83984375,22201.8203125,5398.39990234375,552.8499755859375,3764.219970703125,16061.5,30468.560546875,7678.2001953125,12604.8896484375,105.4425,98.0,0.3443228,0.255753,-0.59263713615661,-0.19317499999999999,-0.56025,125.66661834716797,172.21670532226562,63.21790313720703,87.8674193548387,29.949786982217667,283.0838211175792,14.124545454545455,1.0,0.6333333333333333,0.95,0.31666666666666665,0.31666666666666665,0.4,0.7833333333333333,1.0,1.0,0.8833333333333333,0.5333333333333333,0.18333333333333332,1.0,0.8,0.7333333333333333,0.95,0.26666666666666666,0.03333333333333333,1.0,0.9833333333333333,0.9833333333333333,0.7,0.8333333333333334,1.0,1.0,1.0,1.0,1.0,1.0,0.03333333333333333,0.016666666666666666,0.05,0.13333333333333333,0.43333333333333335,0.7333333333333333,0.7666666666666667,0.8833333333333333,0.95,0.9,0.9666666666666667,0.75,0.9666666666666667,0.8833333333333333,0.35,0.43333333333333335,0.5333333333333333,0.6833333333333333,0.38333333333333336,0.26666666666666666,0.25,0.15,0.43333333333333335,0.7666666666666667,0.38333333333333336,0.18333333333333332,0.31666666666666665,0.31666666666666665,0.55,0.23333333333333334,0.5,0.5833333333333334,0.48333333333333334,0.7833333333333333,0.9333333333333333,0.11666666666666667,0.5666666666666667,0.38333333333333336,0.7833333333333333,0.45,1
2018-06-01,68216.0,103.198,78.9473,-69309.0,1.35,17140.662,102.732,101.872,430008.0,7230.0,222600.0,7.544474393530997,22.66,4.57,1345.0,0.9011152416356877,2191.1233,14137.2,1.82,251.018,204.2,3.0,1.59099529,1.9,2.06,2.33,2.53,2.78,2.91,3.4518181818181817,0.38,0.97,112.8444,1.0101010101010102,0.009085639420045465,1.3294,1.1679,0.7619047619047619,144.9,163.3,1281.5666666666668,67.87,416.4,2.941428571428571,2718.3701171875,7510.2998046875,24271.41015625,22304.509765625,5323.52978515625,551.6799926757812,3719.860107421875,16277.7001953125,28955.109375,7636.89990234375,12306.0,105.6577,98.2,0.37719625,0.28852325,-0.575493306145867,-0.20390000000000003,-0.5482,103.96858978271484,137.0244598388672,56.64043426513672,103.78933333333333,29.21049918454364,688.3996379957546,13.678095238095239,1.0,0.7666666666666667,0.9833333333333333,0.6166666666666667,0.35,0.48333333333333334,0.6833333333333333,0.9833333333333333,0.9166666666666666,0.6833333333333333,0.31666666666666665,0.03333333333333333,1.0,0.8166666666666667,0.08333333333333333,0.7333333333333333,0.2833333333333333,0.06666666666666667,1.0,0.9833333333333333,0.9833333333333333,0.8333333333333334,0.38333333333333336,1.0,1.0,1.0,1.0,0.9833333333333333,0.9833333333333333,0.03333333333333333,0.016666666666666666,0.016666666666666666,0.21666666666666667,0.35,0.6833333333333333,0.75,0.6666666666666666,0.7666666666666667,0.8166666666666667,0.9,0.65,0.9666666666666667,0.9166666666666666,0.45,0.45,0.6333333333333333,0.6166666666666667,0.3333333333333333,0.31666666666666665,0.38333333333333336,0.16666666666666666,0.5666666666666667,0.6166666666666667,0.5333333333333333,0.18333333333333332,0.45,0.45,0.6333333333333333,0.6166666666666667,0.55,0.5833333333333334,0.48333333333333334,0.13333333333333333,0.6166666666666667,0.016666666666666666,0.7833333333333333,0.3333333333333333,0.9333333333333333,0.43333333333333335,1
2018-07-01,68880.0,103.3646,79.0213,-74637.0,1.35,17219.586,102.95,102.006,432070.0,7190.0,209500.0,7.894988066825776,22.7,4.5275,1334.0,0.8620689655172413,2204.0928,14174.6,1.91,251.214,204.3,2.9,2.12308939,1.96,2.11,2.39,2.61,2.78,2.89,3.5900000000000003,0.28,0.9,113.0595,1.0052271813429834,0.008966921028326504,1.3162,1.1685,0.7614406457016676,132.2,148.5,1238.5249999999999,70.98,397.4,2.793181818181818,2816.2900390625,7671.7900390625,25415.189453125,22553.720703125,5511.2998046875,574.25,3899.0400390625,16434.0,28583.009765625,7748.7998046875,12805.5,105.3349,97.9,0.3427275,0.30067049999999995,-0.436968671478389,-0.404575,-0.55,110.02842712402344,129.1023406982422,84.4084701538086,99.52677419354839,62.88610321710545,904.7191410423941,13.147619047619049,0.9833333333333333,0.9166666666666666,0.9833333333333333,0.9333333333333333,0.35,0.5333333333333333,0.6166666666666667,1.0,0.9666666666666667,0.7,0.08333333333333333,0.13333333333333333,0.9666666666666667,0.7833333333333333,0.43333333333333335,0.5166666666666667,0.31666666666666665,0.05,1.0,1.0,0.9833333333333333,0.75,0.9166666666666666,1.0,1.0,1.0,1.0,0.9833333333333333,0.95,0.13333333333333333,0.016666666666666666,0.016666666666666666,0.36666666666666664,0.31666666666666665,0.6833333333333333,0.6666666666666666,0.5666666666666667,0.6166666666666667,0.48333333333333334,0.5,0.6,0.9666666666666667,0.6833333333333333,0.4,0.5333333333333333,0.5666666666666667,0.6666666666666666,0.43333333333333335,0.4166666666666667,0.4166666666666667,0.21666666666666667,0.65,0.45,0.55,0.31666666666666665,0.5833333333333334,0.5833333333333334,0.5166666666666667,0.7,0.6666666666666666,0.36666666666666664,0.4666666666666667,0.5333333333333333,0.4666666666666667,0.6833333333333333,0.5833333333333334,0.8666666666666667,0.95,0.3333333333333333,1
2018-08-01,68087.0,104.0327,79.2129,-75127.0,1.35,17282.357,103.167,102.016,432031.0,7208.0,208500.0,7.741007194244604,22.78,4.55,1273.0,0.9913589945011784,2209.5556,14223.2,1.91,251.663,203.4,3.0,2.12845808,2.03,2.19,2.45,2.64,2.77,2.89,3.4526086956521738,0.25,0.82,113.8316,1.0121457489878543,0.009009293085818021,1.2878,1.1547,0.7667535654040791,137.6,158.3,1201.2454545454545,68.06,382.3,2.908260869565217,2901.52001953125,8109.5400390625,25964.8203125,22865.150390625,5406.85009765625,558.4199829101562,3740.7099609375,16262.900390625,27888.55078125,7432.39990234375,12364.0595703125,103.5058,96.2,0.3672034,0.28728739999999997,-0.731089442148479,-0.5522199999999999,-0.5856,112.74168395996094,145.11407470703125,68.57559204101562,85.71451612903226,41.6766629214894,469.2929476685781,12.54695652173913,0.9666666666666667,1.0,1.0,0.9666666666666667,0.35,0.5833333333333334,0.7166666666666667,0.9333333333333333,0.95,0.6666666666666666,0.1,0.08333333333333333,1.0,0.85,0.05,0.9833333333333333,0.3,0.03333333333333333,1.0,0.9333333333333333,0.8833333333333333,0.85,0.9166666666666666,1.0,1.0,1.0,1.0,0.95,0.95,0.05,0.016666666666666666,0.016666666666666666,0.5833333333333334,0.36666666666666664,0.5833333333333334,0.6,0.4,0.6166666666666667,0.8333333333333334,0.8666666666666667,0.4,0.9166666666666666,0.6333333333333333,0.5166666666666667,0.7333333333333333,0.75,0.7666666666666667,0.6,0.36666666666666664,0.36666666666666664,0.13333333333333333,0.5,0.3,0.3,0.25,0.3,0.3,0.6,0.6,0.2833333333333333,0.3,0.35,0.13333333333333333,0.3,0.13333333333333333,0.8,0.9,0.8333333333333334,0.3,1
2018-09-01,68025.0,104.1004,79.2511,-75656.0,1.36,17275.742,102.983,102.205,431438.0,7411.0,205200.0,7.558479532163743,22.86,4.6274999999999995,1314.0,0.9033485540334856,2225.8849,14245.5,1.95,252.182,203.6,2.7,2.41001454,2.13,2.29,2.56,2.77,2.89,3.0,3.3414285714285716,0.23,0.83,114.0787,1.0327377878756583,0.008920813506825316,1.3066,1.1667,0.7672241829062453,133.6,147.3,1198.4725,70.23,369.6,2.8975,2913.97998046875,8046.35009765625,26458.310546875,24120.0390625,5493.490234375,549.6199951171875,3706.739990234375,16073.099609375,27788.51953125,7510.2001953125,12246.73046875,107.702,100.1,0.3564365,0.305692,-0.734097727124478,-0.722275,-0.597,75.05390930175781,88.62364196777344,51.163917541503906,67.36266666666667,20.14998196639397,323.3911902516983,12.910526315789474,0.8333333333333334,0.9833333333333333,1.0,0.95,0.4,0.43333333333333335,0.2833333333333333,0.9666666666666667,0.38333333333333336,0.7166666666666667,0.016666666666666666,0.05,0.9833333333333333,0.8833333333333333,0.25,0.75,0.3,0.016666666666666666,1.0,0.8666666666666667,0.8666666666666667,0.55,0.9833333333333333,1.0,1.0,1.0,1.0,1.0,1.0,0.016666666666666666,0.016666666666666666,0.03333333333333333,0.6833333333333333,0.5333333333333333,0.5666666666666667,0.5333333333333333,0.4166666666666667,0.43333333333333335,0.85,0.8166666666666667,0.25,0.9,0.38333333333333336,0.4666666666666667,0.6833333333333333,0.7,0.7333333333333333,0.6333333333333333,0.3,0.2,0.06666666666666667,0.3,0.36666666666666664,0.36666666666666664,0.15,0.65,0.65,0.5833333333333334,0.75,0.2833333333333333,0.03333333333333333,0.31666666666666665,0.06666666666666667,0.05,0.13333333333333333,0.35,0.3,0.7666666666666667,0.31666666666666665,1
2018-10-01,68616.0,103.9856,78.9436,-76525.0,1.36,17300.819,103.284,102.366,435894.0,7304.0,213000.0,7.477699530516432,22.89,4.83,1272.0,0.8820754716981132,2250.5491,14256.6,2.19,252.772,204.6,2.9,2.21216657,2.25,2.4,2.65,2.86,3.0,3.15,3.5191304347826087,0.29,0.86,114.8313,1.0060362173038229,0.008871398434020749,1.3012,1.1488,0.7689941556444171,133.8,149.9,1215.3934782608696,70.75,376.3,3.207391304347826,2711.739990234375,7305.89990234375,25115.759765625,21920.4609375,5093.43994140625,518.7100219726562,3447.070068359375,15027.2998046875,24979.689453125,7128.10009765625,11447.509765625,106.0881,98.6,0.34543125,0.34145749999999997,-0.297963221907412,-0.48860000000000003,-0.5695,92.0164794921875,115.21215057373047,61.150474548339844,90.25129032258064,34.80853866696187,443.2303028107881,19.35217391304348,0.8666666666666667,0.7666666666666667,0.9166666666666666,0.9333333333333333,0.4,0.35,0.45,0.8833333333333333,0.6166666666666667,0.5666666666666667,0.23333333333333334,0.03333333333333333,1.0,0.9333333333333333,0.03333333333333333,0.5833333333333334,0.36666666666666664,0.016666666666666666,1.0,0.9,0.8833333333333333,0.7833333333333333,0.95,1.0,1.0,1.0,1.0,1.0,1.0,0.15,0.06666666666666667,0.05,0.55,0.48333333333333334,0.65,0.5666666666666667,0.4,0.6333333333333333,0.85,0.8333333333333334,0.43333333333333335,0.8666666666666667,0.48333333333333334,0.6833333333333333,0.25,0.25,0.2833333333333333,0.2,0.15,0.11666666666666667,0.016666666666666666,0.18333333333333332,0.13333333333333333,0.16666666666666666,0.05,0.23333333333333334,0.23333333333333334,0.55,0.8833333333333333,0.7833333333333333,0.38333333333333336,0.36666666666666664,0.45,0.5,0.4666666666666667,0.8166666666666667,0.38333333333333336,0.7833333333333333,0.9166666666666666,1
2018-11-01,66704.0,104.0681,78.747,-73107.0,1.37,17339.645,103.835,102.556,438612.0,7594.0,225250.0,7.480577136514984,23.0,4.866,1340.0,0.8440298507462687,2274.048,14282.8,2.2,252.594,202.3,2.8,2.16701625,2.33,2.46,2.7,2.86,2.95,3.12,4.017272727272727,0.26,0.75,116.16900000000001,0.9989012086704624,0.008823166104925092,1.29,1.1364,0.7572889057175313,139.5,147.5,1220.9454545454546,56.96,375.4,4.108181818181818,2760.169921875,7330.5400390625,25538.4609375,22351.060546875,5003.919921875,519.3699951171875,3487.89990234375,15197.7998046875,26506.75,6980.2001953125,11257.240234375,104.9045,97.5,0.3468744,0.3765042,-0.339563798349746,-0.16319999999999998,-0.5004000000000001,80.40758514404297,105.16685485839844,47.40216827392578,79.472,42.64734421821597,403.07749319330475,19.38904761904762,0.75,0.7,0.9,0.55,0.45,0.31666666666666665,0.4166666666666667,1.0,0.55,0.8833333333333333,0.4,0.05,1.0,0.95,0.26666666666666666,0.3333333333333333,0.4666666666666667,0.016666666666666666,1.0,0.7166666666666667,0.6666666666666666,0.7333333333333333,0.9166666666666666,1.0,1.0,1.0,1.0,0.9833333333333333,0.9833333333333333,0.48333333333333334,0.05,0.016666666666666666,0.65,0.5166666666666667,0.6,0.5333333333333333,0.35,0.6,0.95,0.75,0.43333333333333335,0.48333333333333334,0.43333333333333335,0.8666666666666667,0.23333333333333334,0.23333333333333334,0.25,0.18333333333333332,0.16666666666666666,0.15,0.03333333333333333,0.21666666666666667,0.16666666666666666,0.18333333333333332,0.05,0.26666666666666666,0.26666666666666666,0.5666666666666667,0.95,0.7166666666666667,0.6333333333333333,0.65,0.23333333333333334,0.4666666666666667,0.11666666666666667,0.4166666666666667,0.9166666666666666,0.9166666666666666,0.9166666666666666,1
2018-12-01,66641.0,104.0936,79.0103,-78795.0,1.4,17538.653,102.947,102.735,428932.0,7489.0,224600.0,7.7898486197684775,23.11,4.6375,1317.0,0.7995444191343963,2303.6527,14386.8,2.27,252.767,201.0,2.7,1.98107002,2.37,2.48,2.66,2.68,2.68,2.83,4.791428571428572,0.15,0.42,116.2118,1.0081661457808246,0.008912703632996255,1.2664,1.138,0.7442691277165824,145.6,151.0,1247.9235294117648,49.52,375.8,3.904285714285714,2506.85009765625,6635.27978515625,23327.4609375,20014.76953125,4730.68994140625,487.8800048828125,3243.6298828125,14322.900390625,25845.69921875,6728.10009765625,10558.9599609375,105.7653,98.3,0.2881495,0.44240375,-0.0394975383124786,0.41969999999999996,-0.43,90.607666015625,106.06269836425781,66.24092864990234,127.53290322580645,151.20985886852682,681.8718892071191,24.953157894736844,0.75,0.6333333333333333,0.9333333333333333,0.7166666666666667,0.7666666666666667,0.7166666666666667,0.016666666666666666,1.0,0.016666666666666666,0.7833333333333333,0.5833333333333334,0.18333333333333332,1.0,0.8666666666666667,0.16666666666666666,0.15,0.5666666666666667,0.05,1.0,0.6166666666666667,0.6,0.5666666666666667,0.7666666666666667,1.0,1.0,0.9833333333333333,0.95,0.8666666666666667,0.8166666666666667,0.7,0.016666666666666666,0.016666666666666666,0.6833333333333333,0.5833333333333334,0.65,0.4166666666666667,0.3333333333333333,0.43333333333333335,0.9833333333333333,0.8666666666666667,0.5666666666666667,0.36666666666666664,0.4666666666666667,0.8833333333333333,0.03333333333333333,0.03333333333333333,0.03333333333333333,0.11666666666666667,0.1,0.03333333333333333,0.016666666666666666,0.05,0.11666666666666667,0.016666666666666666,0.016666666666666666,0.38333333333333336,0.38333333333333336,0.2,1.0,0.9333333333333333,0.9666666666666667,0.7833333333333333,0.6,0.55,0.6,0.8166666666666667,1.0,0.7166666666666667,1.0,1
2019-01-01,68021.0,103.4021,78.3218,-71997.0,1.41,17612.196,103.243,102.87,430246.0,7502.0,222750.0,7.988776655443322,23.13,4.464,1254.0,0.9944178628389154,2325.3631,14459.7,2.4,252.561,199.1,2.7,1.8039584,2.37,2.45,2.58,2.54,2.54,2.71,4.605217391304348,0.17,0.29,114.4425,1.0104071940992219,0.009177637767814942,1.2901,1.1418,0.7518796992481203,140.9,148.8,1291.7454545454545,51.38,371.1,3.108695652173913,2704.10009765625,7281.740234375,24999.669921875,20773.490234375,4992.72021484375,520.6300048828125,3491.6201171875,15540.599609375,27942.470703125,6968.89990234375,11173.099609375,98.12607,91.2,0.3488618,0.344928,-0.0312061933861975,-0.034675,-0.47150000000000003,87.42410278320312,112.98045349121094,55.7335090637207,146.58741935483872,144.4401631912337,715.6202325086874,19.57238095238095,0.7833333333333333,0.55,0.8166666666666667,0.13333333333333333,0.85,0.8,0.03333333333333333,0.8,0.16666666666666666,0.5,0.7333333333333333,0.3333333333333333,0.9666666666666667,0.6833333333333333,0.06666666666666667,0.9833333333333333,0.7166666666666667,0.15,1.0,0.4,0.45,0.5833333333333334,0.6,1.0,0.9666666666666667,0.95,0.9,0.8166666666666667,0.8,0.6,0.03333333333333333,0.016666666666666666,0.7333333333333333,0.3333333333333333,0.7,0.38333333333333336,0.2833333333333333,0.35,0.8666666666666667,0.7166666666666667,0.4666666666666667,0.31666666666666665,0.2833333333333333,0.5,0.05,0.1,0.06666666666666667,0.15,0.13333333333333333,0.13333333333333333,0.05,0.2833333333333333,0.11666666666666667,0.15,0.06666666666666667,0.05,0.05,0.6,0.8666666666666667,0.9333333333333333,0.6666666666666666,0.7,0.38333333333333336,0.5,0.35,0.7833333333333333,0.9666666666666667,0.6166666666666667,0.9166666666666666,1
2019-02-01,68101.0,102.8371,77.8923,-71109.0,1.41,17652.296,103.294,102.963,431194.0,7066.0,222500.0,8.096629213483146,23.19,4.37,1286.0,1.0139968895800933,2332.0383,14506.3,2.4,253.319,199.2,2.6,1.78943106,2.39,2.44,2.55,2.5,2.49,2.68,4.128,0.18,0.24,114.413,0.9986019572598361,0.009054690329590729,1.3016,1.1349,0.7570595805889924,146.2,151.8,1320.065,54.95,379.9,2.6795,2784.489990234375,7532.52978515625,25916.0,21385.16015625,5240.52978515625,541.0499877929688,3604.47998046875,15999.0,28633.1796875,7074.7001953125,11515.6396484375,100.9235,93.8,0.3898205,0.23311375,-0.475568912756538,-0.32895,-0.55725,96.80016326904297,127.857421875,57.51169967651367,82.65035714285715,68.14417163406954,307.09272136420043,15.234736842105262,0.6666666666666666,0.4666666666666667,0.75,0.11666666666666667,0.85,0.8,0.05,0.75,0.1,0.36666666666666664,0.9666666666666667,0.38333333333333336,0.9666666666666667,0.5,0.1,1.0,0.7166666666666667,0.15,1.0,0.4,0.4166666666666667,0.36666666666666664,0.5666666666666667,1.0,0.95,0.9166666666666666,0.85,0.8,0.7666666666666667,0.5166666666666667,0.05,0.016666666666666666,0.75,0.06666666666666667,0.45,0.36666666666666664,0.23333333333333334,0.48333333333333334,0.7166666666666667,0.7,0.5666666666666667,0.43333333333333335,0.3333333333333333,0.5666666666666667,0.23333333333333334,0.2,0.25,0.21666666666666667,0.26666666666666666,0.25,0.08333333333333333,0.4,0.25,0.31666666666666665,0.2,0.05,0.05,0.7666666666666667,0.08333333333333333,0.5333333333333333,0.4,0.4,0.9166666666666666,0.9333333333333333,0.65,0.5166666666666667,0.7833333333333333,0.7666666666666667,0.65,1
2019-03-01,68651.0,102.8757,77.7067,-71989.0,1.4,17683.871,104.019,103.058,438196.0,7317.0,211800.0,8.405099150141643,23.29,4.265,1295.0,1.013899613899614,2337.5318,14557.5,2.41,254.277,200.8,2.5,1.37532429,2.4,2.44,2.49,2.41,2.37,2.57,4.010454545454546,0.16,0.12,114.7835,0.9995002498750625,0.008997312502755426,1.3167,1.1296,0.747887218607434,140.3,139.0,1300.897619047619,58.15,386.7,2.803333333333333,2834.39990234375,7729.31982421875,25928.6796875,21205.810546875,5350.52978515625,548.97998046875,3658.719970703125,16102.099609375,29051.359375,7279.2001953125,11526.0400390625,105.8729,98.4,0.350777,0.271046,-0.397462647653804,-0.50432,-0.5986,82.32829284667969,90.78959655761719,66.64120483398438,94.65645161290323,55.81151055631474,287.6653462663542,14.485238095238095,0.8,0.4166666666666667,0.7166666666666667,0.4666666666666667,0.7333333333333333,0.7666666666666667,0.06666666666666667,0.6,0.45,0.3333333333333333,0.6833333333333333,0.8333333333333334,0.9833333333333333,0.38333333333333336,0.03333333333333333,0.9833333333333333,0.6333333333333333,0.13333333333333333,1.0,0.5666666666666667,0.48333333333333334,0.23333333333333334,0.18333333333333332,1.0,0.95,0.9,0.8333333333333334,0.7666666666666667,0.7333333333333333,0.45,0.03333333333333333,0.016666666666666666,0.75,0.18333333333333332,0.4,0.45,0.23333333333333334,0.5833333333333334,0.45,0.5,0.48333333333333334,0.48333333333333334,0.5,0.5833333333333334,0.35,0.36666666666666664,0.38333333333333336,0.25,0.4,0.31666666666666665,0.23333333333333334,0.5166666666666667,0.3,0.5666666666666667,0.23333333333333334,0.16666666666666666,0.16666666666666666,0.65,0.3333333333333333,0.6166666666666667,0.2833333333333333,0.21666666666666667,0.1,0.05,0.5666666666666667,0.75,0.8833333333333333,0.15,0.5833333333333334,1
2019-04-01,67929.0,102.274,77.2434,-74433.0,1.41,17673.034,104.028,103.265,437735.0,7272.0,209750.0,7.945172824791419,23.33,4.1425,1322.0,0.989409984871407,2329.449,14594.7,2.42,255.233,202.1,2.5,2.0373803,2.38,2.39,2.42,2.34,2.33,2.53,3.780909090909091,0.19,0.1,114.9037,0.9916699722332408,0.008957250625663956,1.3029,1.1234,0.7474958887726117,141.0,135.6,1286.4450000000002,63.86,394.6,2.597272727272727,2945.830078125,8095.39013671875,26592.91015625,22258.73046875,5586.41015625,571.5999755859375,3743.669921875,16580.69921875,29699.109375,7418.2001953125,12344.080078125,104.5817,97.2,0.36598775,0.226629,-0.475159128854329,-0.684025,-0.613,79.25344848632812,95.45539855957031,57.51552963256836,78.739,34.84830528211031,335.67498973660054,12.949047619047619,0.65,0.3333333333333333,0.6666666666666666,0.5666666666666667,0.85,0.7,0.06666666666666667,0.6333333333333333,0.4,0.3,0.7333333333333333,0.31666666666666665,0.9333333333333333,0.23333333333333334,0.1,0.9166666666666666,0.4166666666666667,0.16666666666666666,1.0,0.6166666666666667,0.5,0.25,0.7666666666666667,0.9666666666666667,0.9,0.8666666666666667,0.8,0.75,0.7,0.35,0.08333333333333333,0.016666666666666666,0.75,0.2833333333333333,0.4166666666666667,0.3333333333333333,0.23333333333333334,0.4166666666666667,0.4666666666666667,0.36666666666666664,0.4166666666666667,0.5,0.6,0.4666666666666667,0.48333333333333334,0.43333333333333335,0.48333333333333334,0.26666666666666666,0.35,0.31666666666666665,0.25,0.5833333333333334,0.3,0.3333333333333333,0.26666666666666666,0.3,0.3,0.6833333333333333,0.06666666666666667,0.5166666666666667,0.11666666666666667,0.15,0.06666666666666667,0.08333333333333333,0.15,0.4,0.6166666666666667,0.23333333333333334,0.3333333333333333,1
2019-05-01,67781.0,102.392,77.2603,-76567.0,1.41,17679.59,104.413,103.371,442514.0,7275.0,218500.0,7.450800915331808,23.4,4.072,1347.0,0.9064587973273942,2334.1018,14704.4,2.39,255.296,201.7,2.9,2.18513987,2.35,2.35,2.34,2.21,2.19,2.4,4.06391304347826,0.19,0.0,115.9574,0.9894132779261898,0.009093273341978006,1.2855,1.1187,0.7429420505200593,144.1,131.4,1283.9476190476191,60.83,384.2,2.591739130434783,2752.06005859375,7453.14990234375,24815.0390625,20601.189453125,5207.6298828125,540.489990234375,3427.179931640625,16037.5,26901.08984375,7161.7001953125,11726.83984375,107.5944,100.0,0.3229284,0.3199782,-0.408399996372682,-0.41406,-0.596,106.4719009399414,134.97251892089844,64.66343688964844,94.45225806451613,52.624133144215016,786.542093038192,16.721818181818183,0.5333333333333333,0.4166666666666667,0.6666666666666666,0.9333333333333333,0.85,0.6,0.08333333333333333,0.48333333333333334,0.31666666666666665,0.16666666666666666,0.9333333333333333,0.03333333333333333,0.9666666666666667,0.13333333333333333,0.26666666666666666,0.7,0.4166666666666667,0.26666666666666666,0.9333333333333333,0.55,0.38333333333333336,0.8833333333333333,0.9166666666666666,0.9166666666666666,0.8833333333333333,0.8333333333333334,0.7666666666666667,0.7333333333333333,0.6,0.5,0.1,0.016666666666666666,0.55,0.55,0.5666666666666667,0.5333333333333333,0.36666666666666664,0.5,0.38333333333333336,0.35,0.48333333333333334,0.4,0.48333333333333334,0.38333333333333336,0.2,0.15,0.21666666666666667,0.2,0.25,0.21666666666666667,0.13333333333333333,0.31666666666666665,0.16666666666666666,0.16666666666666666,0.21666666666666667,0.4166666666666667,0.4166666666666667,0.36666666666666664,0.7666666666666667,0.6,0.31666666666666665,0.23333333333333334,0.23333333333333334,0.18333333333333332,0.55,0.6833333333333333,0.8,0.6166666666666667,0.7333333333333333,1
2019-06-01,67234.0,102.4375,77.6047,-74294.0,1.42,17707.372,104.766,103.56,442116.0,7194.0,225200.0,7.2424511545293075,23.48,3.8024999999999998,1299.0,0.9068514241724404,2338.7658,14802.8,2.38,255.213,200.3,2.7,1.60914045,2.17,2.11,2.0,1.81,1.83,2.07,4.214285714285714,0.26,-0.15,115.4271,1.0121457489878543,0.009253390210838496,1.2675,1.1295,0.7525020693806909,170.4,146.6,1359.0425,54.66,371.0,2.33,2941.760009765625,8006.240234375,26599.9609375,21275.919921875,5538.97021484375,561.760009765625,3547.4599609375,16382.2001953125,28542.619140625,7425.60009765625,12398.7998046875,105.6577,98.2,0.27116125,0.35241849999999997,-0.400209777041601,-0.329475,-0.574,106.58845520019531,142.6534881591797,53.42063903808594,137.37066666666666,146.16013491265022,1374.2800979276155,15.836000000000002,0.45,0.36666666666666664,0.7,0.6166666666666667,0.9,0.4666666666666667,0.11666666666666667,0.6666666666666666,0.43333333333333335,0.08333333333333333,0.9833333333333333,0.03333333333333333,0.9833333333333333,0.03333333333333333,0.13333333333333333,0.7,0.4,0.3,0.9166666666666666,0.4666666666666667,0.36666666666666664,0.65,0.3333333333333333,0.8666666666666667,0.8333333333333334,0.75,0.7,0.5666666666666667,0.25,0.5166666666666667,0.16666666666666666,0.016666666666666666,0.35,0.7833333333333333,0.7,0.5333333333333333,0.45,0.6833333333333333,1.0,0.48333333333333334,0.8,0.31666666666666665,0.26666666666666666,0.31666666666666665,0.38333333333333336,0.2833333333333333,0.5,0.23333333333333334,0.48333333333333334,0.2833333333333333,0.26666666666666666,0.36666666666666664,0.35,0.3,0.36666666666666664,0.3333333333333333,0.3333333333333333,0.18333333333333332,0.9,0.6,0.38333333333333336,0.2833333333333333,0.45,0.5333333333333333,0.48333333333333334,0.8,0.9666666666666667,0.5666666666666667,0.65,0
2019-07-01,66831.0,101.9408,77.0847,-73382.0,1.42,17701.297,105.261,103.678,445304.0,7042.0,208500.0,7.822541966426859,23.53,3.765,1379.0,0.8810732414793329,2345.4666,14886.8,2.4,255.802,200.7,2.6,1.74765616,2.1,2.03,1.96,1.84,1.83,2.06,3.997391304347826,0.22,-0.08,115.0776,1.0121457489878543,0.009234770017287489,1.2461,1.1211,0.7630675314765357,176.6,137.5,1412.9782608695652,57.35,373.7,2.302173913043478,2980.3798828125,8175.419921875,26864.26953125,21521.529296875,5518.89990234375,572.0900268554688,3701.429931640625,16406.599609375,27777.75,7586.7998046875,12189.0400390625,105.8729,98.4,0.3360935,0.3012965,-0.580985358671315,-0.4581,-0.5792499999999999,93.52125549316406,126.93077850341797,47.41885757446289,94.79645161290323,100.78423049750997,600.7882290999281,13.305909090909092,0.38333333333333336,0.31666666666666665,0.5666666666666667,0.18333333333333332,0.9,0.3333333333333333,0.16666666666666666,0.6333333333333333,0.5,0.06666666666666667,0.9166666666666666,0.23333333333333334,0.9833333333333333,0.03333333333333333,0.4,0.45,0.36666666666666664,0.35,0.9666666666666667,0.5833333333333334,0.38333333333333336,0.4166666666666667,0.5166666666666667,0.8333333333333334,0.7833333333333333,0.7333333333333333,0.7166666666666667,0.5666666666666667,0.23333333333333334,0.4,0.11666666666666667,0.03333333333333333,0.3,0.85,0.7666666666666667,0.5,0.38333333333333336,0.7166666666666667,1.0,0.5666666666666667,0.95,0.36666666666666664,0.4666666666666667,0.35,0.36666666666666664,0.2833333333333333,0.3333333333333333,0.25,0.3333333333333333,0.25,0.26666666666666666,0.31666666666666665,0.35,0.36666666666666664,0.25,0.35,0.35,0.4666666666666667,0.6166666666666667,0.36666666666666664,0.2833333333333333,0.25,0.25,0.43333333333333335,0.11666666666666667,0.4,0.7333333333333333,0.18333333333333332,0.35,0
2019-08-01,67236.0,102.639,77.6077,-73823.0,1.42,17779.85,105.665,103.797,448519.0,7178.0,211000.0,7.675829383886256,23.61,3.6159999999999997,1482.0,0.8859649122807017,2363.8488,14974.4,2.13,256.036,199.2,2.7,1.71433646,1.95,1.88,1.77,1.57,1.49,1.63,4.293913043478261,0.06,-0.36,117.1004,1.021763563911311,0.009417206743473405,1.216,1.1129,0.7534091765237702,149.9,124.2,1498.797619047619,54.81,363.9,2.173636363636364,2926.4599609375,7962.8798828125,26403.279296875,20704.369140625,5480.47998046875,558.3499755859375,3570.81005859375,16442.099609375,25724.73046875,7207.2001953125,11939.2802734375,96.61974,89.8,0.27207159999999997,0.3980766,-0.230550928972228,0.00674,-0.5476,103.4044189453125,124.72541809082031,70.09744262695312,155.2332258064516,276.77617092126246,1946.6829997926486,18.97909090909091,0.48333333333333334,0.3333333333333333,0.7,0.16666666666666666,0.9,0.35,0.3333333333333333,0.75,0.6666666666666666,0.11666666666666667,0.9833333333333333,0.13333333333333333,0.9666666666666667,0.016666666666666666,0.95,0.5166666666666667,0.43333333333333335,0.38333333333333336,0.8333333333333334,0.55,0.36666666666666664,0.6833333333333333,0.4666666666666667,0.7833333333333333,0.7333333333333333,0.6833333333333333,0.65,0.25,0.06666666666666667,0.5333333333333333,0.016666666666666666,0.016666666666666666,0.38333333333333336,0.8666666666666667,0.8,0.48333333333333334,0.45,0.6166666666666667,0.8333333333333334,0.16666666666666666,1.0,0.31666666666666665,0.55,0.26666666666666666,0.2,0.1,0.23333333333333334,0.16666666666666666,0.4,0.26666666666666666,0.3,0.4166666666666667,0.26666666666666666,0.2833333333333333,0.3,0.03333333333333333,0.03333333333333333,0.2,0.9666666666666667,0.7666666666666667,0.6666666666666666,0.43333333333333335,0.4,0.31666666666666665,0.5833333333333334,0.95,1.0,0.7333333333333333,0.8166666666666667,0
2019-09-01,66378.0,102.2917,77.028,-69458.0,1.43,17812.342,105.836,103.873,444555.0,7124.0,209500.0,7.5465393794749405,23.68,3.605,1469.0,0.7855684138869979,2370.4403,15047.0,2.04,256.43,198.4,2.8,1.64492794,1.89,1.84,1.8,1.65,1.57,1.7,3.9438095238095237,0.05,-0.23,117.3239,1.0094891984655763,0.009298865538404314,1.2369,1.1011,0.7552299675251114,145.1,125.3,1511.3142857142857,56.95,365.8,2.507142857142857,2976.739990234375,7999.33984375,26916.830078125,21755.83984375,5677.7900390625,580.22998046875,3714.419921875,16658.599609375,26092.26953125,7408.2001953125,12428.080078125,100.278,93.2,0.3161975,0.3295925,-0.348806459935963,-0.12415000000000001,-0.51425,90.36798858642578,110.8709487915039,67.81023406982422,118.307,128.29300461390065,919.1153470327997,15.559000000000001,0.43333333333333335,0.23333333333333334,0.5333333333333333,0.03333333333333333,1.0,0.43333333333333335,0.5833333333333334,0.55,0.5,0.05,0.9833333333333333,0.11666666666666667,0.9333333333333333,0.016666666666666666,0.8666666666666667,0.06666666666666667,0.38333333333333336,0.5166666666666667,0.8166666666666667,0.5,0.35,0.8833333333333333,0.35,0.75,0.7,0.7,0.65,0.35,0.1,0.38333333333333336,0.016666666666666666,0.03333333333333333,0.36666666666666664,0.45,0.7833333333333333,0.5166666666666667,0.35,0.6166666666666667,0.8166666666666667,0.36666666666666664,1.0,0.4,0.6333333333333333,0.4,0.25,0.15,0.25,0.16666666666666666,0.4666666666666667,0.4666666666666667,0.45,0.48333333333333334,0.31666666666666665,0.4,0.43333333333333335,0.03333333333333333,0.03333333333333333,0.3333333333333333,0.75,0.6333333333333333,0.5833333333333334,0.5833333333333334,0.8333333333333334,0.7333333333333333,0.7833333333333333,0.9,0.9833333333333333,0.6,0.6166666666666667,0
2019-10-01,66137.0,101.4281,76.426,-67187.0,1.44,17847.211,105.843,104.028,445627.0,7289.0,212250.0,7.625441696113074,23.75,3.6879999999999997,1523.0,0.8463558765594222,2370.4462,15184.1,1.83,257.155,198.6,2.5,1.72460183,1.65,1.62,1.61,1.55,1.53,1.71,4.098260869565218,0.16,0.03,116.7463,1.0070493454179255,0.009247545701370857,1.2657,1.1058,0.7582075972401243,157.7,136.0,1494.8,53.96,363.1,2.340869565217391,3037.56005859375,8292.3603515625,27046.23046875,22927.0390625,5729.85986328125,576.6300048828125,3763.25,16483.19921875,26906.720703125,7248.39990234375,12866.7900390625,102.7526,95.5,0.28975739999999994,0.3423184,-0.3424521560325,0.058574999999999995,-0.531,97.83673095703125,121.31104278564453,69.96658325195312,98.00290322580646,91.94444098765804,842.4131920259667,15.466521739130435,0.36666666666666664,0.13333333333333333,0.2833333333333333,0.03333333333333333,1.0,0.48333333333333334,0.38333333333333336,0.5333333333333333,0.2833333333333333,0.15,0.8833333333333333,0.15,1.0,0.016666666666666666,0.9666666666666667,0.2833333333333333,0.2833333333333333,0.85,0.75,0.5333333333333333,0.3333333333333333,0.26666666666666666,0.5,0.6833333333333333,0.6666666666666666,0.6333333333333333,0.6166666666666667,0.3,0.11666666666666667,0.48333333333333334,0.08333333333333333,0.1,0.2833333333333333,0.75,0.7833333333333333,0.7,0.45,0.6333333333333333,0.9833333333333333,0.5333333333333333,0.9666666666666667,0.2833333333333333,0.6,0.25,0.6333333333333333,0.5166666666666667,0.4666666666666667,0.4166666666666667,0.7666666666666667,0.6666666666666666,0.6,0.8666666666666667,0.5833333333333334,0.5166666666666667,0.65,0.15,0.15,0.25,0.8,0.65,0.7,0.5,0.5833333333333334,0.6,0.7166666666666667,0.6333333333333333,0.8833333333333333,0.5166666666666667,0.6166666666666667,0
2019-11-01,65331.0,101.9372,77.0781,-64492.0,1.43,17908.82,106.412,104.092,449040.0,6888.0,224400.0,7.509803921568627,23.83,3.6950000000000003,1535.0,0.8247557003257329,2368.866,15296.0,1.55,257.879,199.0,2.5,1.69729979,1.54,1.55,1.57,1.61,1.64,1.81,4.047272727272727,0.2,0.24,116.5595,1.0071507704703393,0.00918628781190892,1.2884,1.1051,0.7554581853894387,153.3,142.3,1470.0166666666669,57.03,367.7,2.625238095238095,3140.97998046875,8665.4697265625,28051.41015625,23293.91015625,5905.169921875,597.2899780273438,3906.679931640625,17040.19921875,26346.490234375,7346.5,13236.3798828125,104.1514,96.8,0.37226875000000004,0.27014075000000004,-0.60991786872875,-0.10495999999999998,-0.5708,73.07838439941406,84.5873031616211,53.03253173828125,81.042,65.23653796262712,597.6178517029816,12.5235,0.4666666666666667,0.23333333333333334,0.55,0.05,0.9833333333333333,0.5333333333333333,0.4,0.31666666666666665,0.36666666666666664,0.016666666666666666,0.8666666666666667,0.1,0.9166666666666666,0.016666666666666666,0.9166666666666666,0.16666666666666666,0.23333333333333334,0.9333333333333333,0.6833333333333333,0.7,0.45,0.2833333333333333,0.4166666666666667,0.65,0.6333333333333333,0.6166666666666667,0.6333333333333333,0.4166666666666667,0.2,0.4666666666666667,0.16666666666666666,0.16666666666666666,0.21666666666666667,0.85,0.75,0.8166666666666667,0.5166666666666667,0.7,0.85,0.65,0.95,0.5666666666666667,0.6166666666666667,0.15,0.7333333333333333,0.6333333333333333,0.5666666666666667,0.4166666666666667,0.9166666666666666,0.7333333333333333,0.6833333333333333,0.9333333333333333,0.4166666666666667,0.7,0.7833333333333333,0.35,0.35,0.7833333333333333,0.26666666666666666,0.26666666666666666,0.6166666666666667,0.23333333333333334,0.38333333333333336,0.21666666666666667,0.6833333333333333,0.48333333333333334,0.6166666666666667,0.43333333333333335,0.25,0
2019-12-01,64197.0,101.7003,77.2042,-68530.0,1.43,17826.208,106.584,104.322,449643.0,6699.0,236000.0,7.497881355932203,23.85,3.72,1443.0,0.9064449064449065,2357.6035,15347.5,1.55,258.63,199.0,2.3,1.70378442,1.54,1.54,1.55,1.61,1.68,1.86,3.713181818181818,0.25,0.29,115.9096,1.0177081213108081,0.009165818828425038,1.3109,1.1114,0.7593591009188245,151.0,141.1,1476.0444444444445,59.88,372.0,2.282727272727273,3230.780029296875,8972.599609375,28538.439453125,23656.619140625,5978.06005859375,604.5800170898438,3955.830078125,17063.400390625,28189.75,7542.39990234375,13249.009765625,106.8412,99.3,0.388323,0.24296275,-0.592704985697739,-0.2309,-0.55425,74.27989196777344,80.11077117919922,63.33135223388672,121.3074193548387,91.52631523198718,851.9762628830999,13.756666666666666,0.3333333333333333,0.16666666666666666,0.6166666666666667,0.03333333333333333,0.9833333333333333,0.15,0.9,0.36666666666666664,0.85,0.016666666666666666,0.9833333333333333,0.1,0.7833333333333333,0.08333333333333333,0.7166666666666667,0.6666666666666666,0.21666666666666667,0.85,0.6833333333333333,0.8166666666666667,0.4666666666666667,0.03333333333333333,0.45,0.65,0.6166666666666667,0.5833333333333334,0.6333333333333333,0.45,0.21666666666666667,0.25,0.23333333333333334,0.2,0.2,0.85,0.6666666666666666,0.85,0.5166666666666667,0.7666666666666667,0.6166666666666667,0.6,0.9,0.75,0.6333333333333333,0.06666666666666667,1.0,1.0,0.9,0.7166666666666667,1.0,1.0,0.9833333333333333,0.9666666666666667,0.6,0.8666666666666667,0.9833333333333333,0.43333333333333335,0.43333333333333335,0.85,0.08333333333333333,0.3,0.4166666666666667,0.35,0.2,0.15,0.5333333333333333,0.31666666666666665,0.18333333333333332,0.38333333333333336,0.43333333333333335,0
2020-01-01,63508.0,101.0338,77.0311,-67273.0,1.43,17999.946,107.073,104.507,447774.0,7124.0,215500.0,8.353828306264502,23.91,3.624,1490.0,0.8778523489932886,2353.8701,15427.1,1.55,259.127,199.3,2.5,1.79710932,1.52,1.52,1.53,1.52,1.56,1.76,3.601304347826087,0.24,0.21,115.2794,1.031140441328109,0.009151919111678123,1.3076,1.1098,0.7640003056001222,158.1,155.9,1560.6727272727273,57.52,376.7,2.033913043478261,3225.52001953125,9150.9404296875,28256.029296875,23205.1796875,5806.33984375,589.5,3907.610107421875,17318.5,26312.630859375,7286.0,12981.9697265625,107.3792,99.8,0.3793974,0.28180259999999996,-0.552438192206097,-0.33094,-0.601,138.4209442138672,190.8443603515625,81.65093994140625,110.07451612903226,86.03760438520453,646.8181515433533,13.94095238095238,0.1,0.18333333333333332,0.5333333333333333,0.11666666666666667,0.9833333333333333,0.26666666666666666,0.9666666666666667,0.48333333333333334,0.7333333333333333,0.08333333333333333,0.75,0.8333333333333334,0.7833333333333333,0.1,0.95,0.45,0.1,0.85,0.6833333333333333,0.9166666666666666,0.5166666666666667,0.3,0.6,0.6166666666666667,0.6,0.5666666666666667,0.55,0.3333333333333333,0.15,0.2,0.21666666666666667,0.15,0.25,0.9,0.43333333333333335,0.8166666666666667,0.48333333333333334,0.75,0.9,0.6833333333333333,0.95,0.7166666666666667,0.65,0.18333333333333332,0.9,0.85,0.6166666666666667,0.5166666666666667,0.8333333333333334,0.6833333333333333,0.6833333333333333,0.8666666666666667,0.3333333333333333,0.65,0.7166666666666667,0.8666666666666667,0.8666666666666667,0.8166666666666667,0.4,0.4,0.3333333333333333,0.08333333333333333,0.95,0.9666666666666667,0.8666666666666667,0.11666666666666667,0.18333333333333332,0.25,0.45,0
2020-02-01,62719.0,101.3735,77.2279,-62520.0,1.43,18077.882,106.702,104.711,447972.0,6966.0,210200.0,8.42150333016175,24.03,3.4650000000000003,1461.0,0.8466803559206023,2350.6023,15493.4,1.58,259.25,196.7,2.4,1.64596366,1.52,1.47,1.41,1.33,1.32,1.5,3.921904761904762,0.17,-0.04,116.7105,1.024380249948781,0.009088471728036573,1.2953,1.0911,0.7526719855486979,155.3,149.8,1597.1025,50.54,360.1,1.845,2954.219970703125,8567.3701171875,25409.359375,21142.9609375,5309.89990234375,539.3800048828125,3488.60009765625,16263.099609375,26129.9296875,6580.60009765625,11890.349609375,108.6703,101.0,0.36549625,0.323542,-0.377166543821236,-0.20625000000000002,-0.4655,75.95555877685547,87.1624526977539,56.68605041503906,113.26,97.58691540369185,462.9823234217247,19.628947368421052,0.06666666666666667,0.4,0.6166666666666667,0.06666666666666667,0.9833333333333333,0.3,0.8833333333333333,0.7,0.6833333333333333,0.16666666666666666,0.55,0.8833333333333333,0.9333333333333333,0.06666666666666667,0.85,0.2833333333333333,0.016666666666666666,0.85,0.6833333333333333,0.8333333333333334,0.4166666666666667,0.13333333333333333,0.3,0.6166666666666667,0.5833333333333334,0.55,0.4666666666666667,0.15,0.03333333333333333,0.4166666666666667,0.11666666666666667,0.08333333333333333,0.38333333333333336,0.9166666666666666,0.5,0.7666666666666667,0.36666666666666664,0.65,0.75,0.6333333333333333,0.95,0.45,0.48333333333333334,0.21666666666666667,0.4166666666666667,0.5,0.13333333333333333,0.35,0.36666666666666664,0.26666666666666666,0.36666666666666664,0.43333333333333335,0.25,0.16666666666666666,0.5,0.8333333333333334,0.8333333333333334,0.75,0.7,0.6166666666666667,0.48333333333333334,0.7,0.16666666666666666,0.1,0.5833333333333334,0.7666666666666667,0.55,0.43333333333333335,0.9166666666666666,0
2020-03-01,62287.0,97.4078,73.7382,-65509.0,1.51,17829.921,99.687,104.632,420954.0,5894.0,2335250.0,1.588587945616101,24.12,3.45,1351.0,0.9156180606957809,2564.3082,16033.0,0.65,258.076,193.1,2.2,0.98707392,0.29,0.29,0.33,0.45,0.59,0.87,7.854090909090909,0.42,0.57,121.0227,1.0424267695194411,0.009287871062058767,1.2369,1.1046,0.7163323782234957,154.4,142.7,1591.9272727272728,29.21,350.3,1.733181818181818,2584.590087890625,7700.10009765625,21917.16015625,18917.009765625,4396.1201171875,483.44000244140625,2901.580078125,13378.7998046875,23603.48046875,5672.0,9935.83984375,95.86658,89.1,0.339325,0.48541075,2.35284549317708,3.9711250000000002,0.08349999999999999,81.54003143310547,97.09007263183594,62.90298843383789,380.3896774193548,304.0692764054448,194.82834730038613,57.73681818181819,0.016666666666666666,0.016666666666666666,0.016666666666666666,0.1,1.0,0.016666666666666666,0.016666666666666666,0.3,0.016666666666666666,0.016666666666666666,1.0,0.016666666666666666,0.8666666666666667,0.11666666666666667,0.4166666666666667,0.7833333333333333,0.7333333333333333,1.0,0.38333333333333336,0.31666666666666665,0.25,0.03333333333333333,0.05,0.26666666666666666,0.13333333333333333,0.1,0.016666666666666666,0.016666666666666666,0.016666666666666666,0.9833333333333333,0.36666666666666664,0.26666666666666666,0.7333333333333333,0.95,0.7,0.38333333333333336,0.5833333333333334,0.36666666666666664,0.8333333333333334,0.6666666666666666,0.95,0.06666666666666667,0.26666666666666666,0.1,0.016666666666666666,0.18333333333333332,0.016666666666666666,0.13333333333333333,0.016666666666666666,0.016666666666666666,0.016666666666666666,0.016666666666666666,0.1,0.016666666666666666,0.08333333333333333,0.016666666666666666,0.016666666666666666,0.55,1.0,1.0,1.0,1.0,0.5,0.65,0.5166666666666667,1.0,0.95,0.15,1.0,0
2020-04-01,56510.0,84.5619,62.5589,-74901.0,1.74,19985.052,88.774,104.293,370296.0,4606.0,4663250.0,3.6523883557604675,25.14,3.306,1079.0,1.0945319740500463,2920.8995,17065.3,0.05,256.032,185.5,2.1,-0.05035367,0.14,0.17,0.18,0.22,0.39,0.66,8.129999999999999,0.44,0.52,123.2803,1.0308215647871355,0.009281724470152759,1.242,1.0871,0.7118451025056948,126.0,150.2,1682.9299999999998,16.55,338.1,1.763636363636364,2912.429931640625,8889.5498046875,24345.720703125,20193.689453125,4572.18017578125,512.9199829101562,3099.1201171875,14780.7001953125,24643.58984375,5901.2001953125,10861.6396484375,77.25275,71.8,0.322318,0.4623498,1.73566523745864,2.520875,0.2465,69.33940124511719,81.76082611083984,47.59123229980469,555.3246666666666,204.48613474432162,239.9328319488637,41.453809523809525,0.016666666666666666,0.016666666666666666,0.016666666666666666,0.4166666666666667,1.0,1.0,0.016666666666666666,0.016666666666666666,0.016666666666666666,0.016666666666666666,1.0,0.03333333333333333,1.0,0.1,0.016666666666666666,1.0,1.0,1.0,0.016666666666666666,0.11666666666666667,0.03333333333333333,0.016666666666666666,0.016666666666666666,0.13333333333333333,0.08333333333333333,0.016666666666666666,0.016666666666666666,0.016666666666666666,0.016666666666666666,0.9833333333333333,0.38333333333333336,0.26666666666666666,0.8333333333333334,0.9333333333333333,0.7333333333333333,0.5333333333333333,0.4166666666666667,0.2833333333333333,0.15,0.7166666666666667,1.0,0.016666666666666666,0.2,0.2,0.13333333333333333,0.48333333333333334,0.05,0.21666666666666667,0.016666666666666666,0.06666666666666667,0.05,0.13333333333333333,0.11666666666666667,0.03333333333333333,0.15,0.016666666666666666,0.016666666666666666,0.4166666666666667,0.9833333333333333,0.9833333333333333,0.9833333333333333,1.0,0.3333333333333333,0.35,0.4,1.0,0.9666666666666667,0.16666666666666666,0.9833333333333333,0
2020-05-01,57570.0,85.9604,65.3028,-76702.0,1.56,19138.808,96.162,104.402,437957.0,5612.0,2173400.0,9.352351154872549,24.98,3.2325,1251.0,0.938449240607514,3035.7977,17932.9,0.05,255.802,188.6,3.2,-0.21879037,0.13,0.15,0.16,0.17,0.34,0.67,7.287272727272727,0.5,0.54,122.615,1.031778786628147,0.009328358208955223,1.2302,1.0907,0.71571714858288,123.1,145.3,1716.3815789473683,28.56,344.2,1.809047619047619,3044.31005859375,9489.8701171875,25383.109375,21877.890625,4695.43994140625,532.5700073242188,3202.949951171875,15192.7998046875,22961.470703125,6076.60009765625,11586.849609375,77.79073,72.3,0.27264175,0.47605949999999997,0.998926992619039,0.75202,-0.11680000000000001,68.50721740722656,83.35546112060547,42.29555892944336,484.18225806451613,181.88707538947023,161.47694159781125,30.897000000000002,0.03333333333333333,0.03333333333333333,0.03333333333333333,0.4,0.9833333333333333,0.9833333333333333,0.03333333333333333,0.03333333333333333,0.05,0.03333333333333333,0.9666666666666667,1.0,0.9833333333333333,0.08333333333333333,0.05,0.8333333333333334,1.0,1.0,0.03333333333333333,0.06666666666666667,0.13333333333333333,1.0,0.016666666666666666,0.11666666666666667,0.06666666666666667,0.016666666666666666,0.016666666666666666,0.016666666666666666,0.03333333333333333,0.9333333333333333,0.43333333333333335,0.2833333333333333,0.7833333333333333,0.9333333333333333,0.6,0.6,0.48333333333333334,0.4,0.11666666666666667,0.7,1.0,0.05,0.25,0.23333333333333334,0.55,0.9,0.3333333333333333,0.5,0.16666666666666666,0.2833333333333333,0.25,0.2833333333333333,0.16666666666666666,0.05,0.4,0.016666666666666666,0.016666666666666666,0.2,0.9833333333333333,0.9666666666666667,0.95,0.9666666666666667,0.08333333333333333,0.05,0.21666666666666667,0.9833333333333333,0.8666666666666667,0.03333333333333333,0.9666666666666667,0
2020-06-01,59891.0,91.5934,70.4285,-71730.0,1.42,19132.418,101.401,104.565,465800.0,6129.0,1490250.0,11.86277470223117,24.78,3.1625,1333.0,0.921980495123781,2925.2981,18184.3,0.08,257.042,191.2,3.0,0.51275711,0.16,0.18,0.18,0.19,0.34,0.73,6.066363636363636,0.55,0.57,119.6766,1.0511931041732365,0.009295563599316591,1.2523,1.1259,0.7378984651711925,128.1,141.5,1732.2181818181818,38.31,359.8,1.699545454545455,3100.2900390625,10058.76953125,25812.880859375,22288.140625,4935.990234375,559.72998046875,3328.010009765625,15515.2001953125,24427.189453125,6169.7001953125,12310.9296875,84.0312,78.1,0.293333,0.43402075,0.529813383097653,0.2963,-0.354,71.22785949707031,85.86660766601562,49.760887145996094,313.916,165.41869748855248,57.086247228716886,31.119545454545456,0.05,0.05,0.05,0.23333333333333334,0.75,0.9666666666666667,0.06666666666666667,0.016666666666666666,0.9166666666666666,0.06666666666666667,0.95,1.0,0.9666666666666667,0.2,0.3333333333333333,0.7833333333333333,0.9666666666666667,1.0,0.05,0.15,0.2,0.9833333333333333,0.05,0.13333333333333333,0.1,0.05,0.03333333333333333,0.03333333333333333,0.05,0.8,0.4666666666666667,0.31666666666666665,0.5666666666666667,0.9,0.45,0.7,0.6333333333333333,0.5,0.016666666666666666,0.5666666666666667,0.9666666666666667,0.2,0.5666666666666667,0.26666666666666666,0.4,0.8166666666666667,0.15,0.5,0.15,0.31666666666666665,0.2833333333333333,0.2833333333333333,0.18333333333333332,0.05,0.4166666666666667,0.05,0.05,0.25,0.9333333333333333,0.9333333333333333,0.8666666666666667,0.8666666666666667,0.11666666666666667,0.05,0.5,0.95,0.45,0.016666666666666666,0.9666666666666667,0
2020-07-01,61194.0,95.0256,73.0801,-80570.0,1.37,19315.344,102.956,104.937,471873.0,6530.0,1383500.0,11.971810625225876,24.69,3.016,1539.0,0.8505523066926576,2856.1301,18335.4,0.09,258.352,193.0,3.0,1.57200144,0.13,0.14,0.15,0.15,0.28,0.62,5.699565217391305,0.47,0.49,118.69,1.0721561059290232,0.009373670110553066,1.2701,1.1488,0.7409053863821591,127.2,139.9,1843.3130434782609,40.71,383.5,1.764782608695652,3271.1201171875,10745.26953125,26428.3203125,21710.0,4783.68994140625,545.2899780273438,3273.3701171875,16169.2001953125,24595.349609375,5897.7998046875,12313.3603515625,78.00592,72.5,0.2528588,0.45847439999999995,0.347606637511835,0.06644000000000001,-0.44000000000000006,66.47328186035156,88.73797607421875,36.25208282470703,359.45258064516133,116.50112764198053,89.80996065840009,26.840454545454545,0.11666666666666667,0.06666666666666667,0.06666666666666667,0.7833333333333333,0.25,0.9833333333333333,0.08333333333333333,0.11666666666666667,0.9666666666666667,0.11666666666666667,0.95,1.0,0.95,0.13333333333333333,0.8,0.26666666666666666,0.95,1.0,0.06666666666666667,0.2,0.23333333333333334,0.9833333333333333,0.26666666666666666,0.1,0.03333333333333333,0.016666666666666666,0.016666666666666666,0.016666666666666666,0.016666666666666666,0.7666666666666667,0.4166666666666667,0.26666666666666666,0.48333333333333334,0.9833333333333333,0.5,0.8333333333333334,0.7666666666666667,0.48333333333333334,0.016666666666666666,0.6,0.9666666666666667,0.2,0.65,0.3333333333333333,0.5166666666666667,0.9666666666666667,0.2,0.4666666666666667,0.05,0.2,0.11666666666666667,0.3333333333333333,0.26666666666666666,0.016666666666666666,0.48333333333333334,0.03333333333333333,0.03333333333333333,0.05,0.95,0.9166666666666666,0.6333333333333333,0.7,0.15,0.15,0.38333333333333336,0.95,0.48333333333333334,0.05,0.9333333333333333,0
2020-08-01,62016.0,95.9549,74.3046,-83184.0,1.36,18687.291,103.78,105.243,473696.0,6429.0,922400.0,15.192324371205551,24.8,2.935,1534.0,0.8233376792698827,2815.0439,18411.2,0.1,259.316,194.3,3.1,1.67677177,0.1,0.12,0.13,0.14,0.27,0.65,5.123809523809523,0.51,0.55,116.9453,1.0990218705352237,0.009432814308447368,1.3143,1.1831,0.7559150351500492,120.2,131.3,1968.565,42.34,394.3,2.34047619047619,3500.31005859375,11775.4599609375,28430.05078125,23139.759765625,4947.22021484375,549.2000122070312,3332.530029296875,16514.400390625,25177.05078125,5963.60009765625,12945.3798828125,79.72742,74.1,0.28947125,0.42938149999999997,0.0202126964621425,-0.194125,-0.501,65.46604919433594,90.00911712646484,28.454627990722656,298.5867741935484,91.36755689504221,150.93140279198812,22.88952380952381,0.15,0.08333333333333333,0.1,0.8833333333333333,0.18333333333333332,0.9333333333333333,0.1,0.15,0.95,0.1,0.9166666666666666,1.0,0.95,0.18333333333333332,0.43333333333333335,0.1,0.9333333333333333,0.9833333333333333,0.08333333333333333,0.2833333333333333,0.3333333333333333,0.9833333333333333,0.4166666666666667,0.05,0.03333333333333333,0.016666666666666666,0.016666666666666666,0.016666666666666666,0.03333333333333333,0.7,0.4666666666666667,0.31666666666666665,0.21666666666666667,1.0,0.38333333333333336,0.9333333333333333,0.8666666666666667,0.6833333333333333,0.05,0.65,0.9833333333333333,0.23333333333333334,0.6666666666666666,0.7833333333333333,0.9166666666666666,1.0,0.48333333333333334,0.6333333333333333,0.21666666666666667,0.3,0.26666666666666666,0.4166666666666667,0.5,0.06666666666666667,0.65,0.08333333333333333,0.08333333333333333,0.21666666666666667,0.8833333333333333,0.8833333333333333,0.4666666666666667,0.5166666666666667,0.05,0.16666666666666666,0.05,0.8666666666666667,0.08333333333333333,0.03333333333333333,0.8666666666666667,0
2020-09-01,63564.0,95.9669,74.4348,-78363.0,1.36,18807.121,105.071,105.41,482702.0,6511.0,851750.0,13.882301144702083,24.82,2.89,1650.0,0.8709090909090909,2759.992,18602.5,0.09,259.997,195.5,2.6,1.5827644,0.11,0.12,0.13,0.13,0.27,0.68,5.26,0.55,0.57,116.3431,1.0930156301235108,0.009470683499228139,1.2947,1.1785,0.7558578987150416,140.5,141.6,1922.2136363636362,39.63,401.6,2.285,3363.0,11167.509765625,27781.69921875,23185.119140625,4803.43994140625,547.7000122070312,3235.43994140625,16121.400390625,23459.05078125,5866.10009765625,12760.73046875,86.50587,80.4,0.278568,0.44152875,0.125550430901839,0.021449999999999997,-0.49975,80.37738037109375,101.25764465332031,49.51808166503906,247.73666666666668,124.02864247901921,96.58192221480674,27.64761904761905,0.3333333333333333,0.1,0.11666666666666667,0.8833333333333333,0.2,0.9333333333333333,0.11666666666666667,0.23333333333333334,1.0,0.13333333333333333,0.9,0.9833333333333333,0.9166666666666666,0.15,0.85,0.35,0.9166666666666666,1.0,0.08333333333333333,0.2833333333333333,0.4,0.5166666666666667,0.2833333333333333,0.05,0.05,0.03333333333333333,0.016666666666666666,0.03333333333333333,0.08333333333333333,0.7333333333333333,0.5166666666666667,0.36666666666666664,0.2,1.0,0.55,0.8666666666666667,0.9,0.65,0.38333333333333336,0.7833333333333333,0.9166666666666666,0.15,0.6833333333333333,0.45,0.65,0.9833333333333333,0.36666666666666664,0.55,0.05,0.2,0.1,0.2833333333333333,0.2833333333333333,0.05,0.55,0.1,0.1,0.2,0.9166666666666666,0.8833333333333333,0.6166666666666667,0.55,0.38333333333333336,0.4,0.31666666666666665,0.9,0.36666666666666664,0.06666666666666667,0.9333333333333333,0
2020-10-01,64014.0,96.7394,75.295,-82281.0,1.36,18795.411,105.391,105.507,480763.0,6798.0,795400.0,9.896152879054563,24.84,2.834,1612.0,0.8653846153846154,2698.3277,18757.6,0.09,260.319,196.5,2.6,1.39703767,0.1,0.11,0.13,0.15,0.34,0.79,5.052173913043478,0.64,0.69,115.7798,1.0960105217010083,0.009504845094787067,1.298,1.1768,0.7565441065214101,152.0,156.1,1900.275,39.4,396.3,2.829090909090909,3269.9599609375,10911.58984375,26501.599609375,22977.130859375,4594.240234375,533.8800048828125,3043.360107421875,15580.599609375,24107.419921875,5577.2998046875,11556.48046875,88.01219,81.8,0.3336054,0.372222,0.293713707457957,0.00653999999999999,-0.4958,76.08316802978516,97.65258026123047,42.68144226074219,271.4293548387097,108.1021296023301,331.1962544546038,29.438636363636363,0.38333333333333336,0.13333333333333333,0.13333333333333333,1.0,0.21666666666666667,0.9166666666666666,0.13333333333333333,0.15,0.9833333333333333,0.16666666666666666,0.8833333333333333,0.9333333333333333,0.9,0.05,0.5833333333333334,0.3333333333333333,0.9,0.9833333333333333,0.1,0.23333333333333334,0.43333333333333335,0.5333333333333333,0.18333333333333332,0.03333333333333333,0.016666666666666666,0.05,0.06666666666666667,0.1,0.11666666666666667,0.7,0.5666666666666667,0.38333333333333336,0.21666666666666667,1.0,0.6166666666666667,0.8,0.85,0.6333333333333333,0.36666666666666664,0.8166666666666667,0.9,0.18333333333333332,0.6666666666666666,0.8333333333333334,0.43333333333333335,0.9333333333333333,0.15,0.45,0.016666666666666666,0.16666666666666666,0.03333333333333333,0.2,0.2833333333333333,0.016666666666666666,0.18333333333333332,0.1,0.1,0.5166666666666667,0.7833333333333333,0.9,0.6,0.5666666666666667,0.18333333333333332,0.2833333333333333,0.2,0.9333333333333333,0.5333333333333333,0.15,0.9333333333333333,0
2020-11-01,64376.0,97.0816,75.7534,-86159.0,1.36,18640.614,105.114,105.605,478079.0,6820.0,751250.0,7.917803660565724,24.94,2.765,1692.0,0.7452718676122931,2637.2822,18997.0,0.09,260.911,198.3,2.8,1.42002946,0.09,0.1,0.12,0.17,0.39,0.87,4.5252380952380955,0.7,0.78,114.0984,1.097694840834248,0.009577984428112918,1.3198,1.1826,0.7649353629618297,166.6,164.2,1863.492857142857,40.94,415.0,2.87047619047619,3621.6298828125,12198.740234375,29638.640625,26433.619140625,5518.5498046875,606.02001953125,3667.159912109375,17190.30078125,26341.490234375,6266.2001953125,13291.16015625,82.74007,76.9,0.463512,0.27546725,0.31591795705526,-0.271625,-0.5447500000000001,70.06746673583984,79.03644561767578,62.31394577026367,264.6863333333333,146.89753629605283,204.60834443409775,24.9955,0.48333333333333334,0.13333333333333333,0.15,1.0,0.23333333333333334,0.8833333333333333,0.11666666666666667,0.18333333333333332,0.9666666666666667,0.31666666666666665,0.8666666666666667,0.4166666666666667,0.9,0.016666666666666666,0.75,0.016666666666666666,0.8833333333333333,1.0,0.11666666666666667,0.21666666666666667,0.48333333333333334,0.85,0.18333333333333332,0.016666666666666666,0.016666666666666666,0.016666666666666666,0.1,0.13333333333333333,0.15,0.6333333333333333,0.6166666666666667,0.4166666666666667,0.16666666666666666,1.0,0.7833333333333333,0.7833333333333333,0.8833333333333333,0.7166666666666667,0.8,0.8166666666666667,0.8833333333333333,0.16666666666666666,0.7333333333333333,0.7666666666666667,0.7666666666666667,0.9833333333333333,0.4166666666666667,0.7333333333333333,0.35,0.45,0.36666666666666664,0.45,0.55,0.15,0.48333333333333334,0.06666666666666667,0.06666666666666667,0.9833333333333333,0.26666666666666666,0.9,0.38333333333333336,0.43333333333333335,0.5333333333333333,0.43333333333333335,0.85,0.9333333333333333,0.8166666666666667,0.15,0.8833333333333333,0
2020-12-01,65513.0,98.363,76.3888,-83683.0,1.34,18677.122,105.538,105.896,485949.0,6773.0,836750.0,6.435016432626233,25.16,2.684,1755.0,0.7829059829059829,2590.6251,19115.7,0.09,262.045,200.5,2.5,1.64952129,0.09,0.09,0.1,0.14,0.39,0.93,4.044782608695653,0.79,0.84,111.8992,1.125619090499775,0.009634356887409053,1.3434,1.2168,0.7807010695604654,170.7,165.5,1855.9552631578947,47.02,443.7,2.584782608695652,3756.070068359375,12888.2802734375,30606.48046875,27444.169921875,5551.41015625,624.6099853515625,3621.280029296875,17433.400390625,27231.130859375,6460.5,13718.7802734375,86.82866,80.7,0.4604006,0.2492312,-0.372823809857153,-0.40825,-0.5932499999999999,64.06729125976562,86.81527709960938,31.744428634643555,238.67387096774195,80.543581756182,123.58402111558088,22.37409090909091,0.6333333333333333,0.18333333333333332,0.38333333333333336,0.9666666666666667,0.03333333333333333,0.8833333333333333,0.13333333333333333,0.26666666666666666,0.9833333333333333,0.4,0.8666666666666667,0.05,0.95,0.016666666666666666,1.0,0.03333333333333333,0.75,1.0,0.13333333333333333,0.26666666666666666,0.5666666666666667,0.36666666666666664,0.38333333333333336,0.03333333333333333,0.016666666666666666,0.016666666666666666,0.05,0.15,0.16666666666666666,0.5166666666666667,0.6333333333333333,0.4666666666666667,0.11666666666666667,1.0,0.8333333333333334,0.7833333333333333,0.9166666666666666,0.7833333333333333,0.9333333333333333,0.8333333333333334,0.85,0.25,0.95,0.8,0.8333333333333334,0.9833333333333333,0.43333333333333335,0.7833333333333333,0.3333333333333333,0.55,0.23333333333333334,0.48333333333333334,0.45,0.16666666666666666,0.6333333333333333,0.1,0.1,0.95,0.1,0.55,0.2833333333333333,0.15,0.3333333333333333,0.6833333333333333,0.08333333333333333,0.8333333333333334,0.35,0.08333333333333333,0.7833333333333333,2
2021-01-01,67186.0,98.8822,77.1897,-85276.0,1.31,20562.164,106.878,106.281,501604.0,7162.0,827800.0,5.9731819280019325,25.16,2.735,1856.0,0.7349137931034483,2561.387,19379.0,0.09,262.687,204.8,3.0,1.4460926,0.08,0.09,0.1,0.13,0.45,1.08,3.784090909090909,0.95,1.0,111.4873,1.1280315848843767,0.009634997393733205,1.3641,1.2178,0.7858546168958743,209.0,182.9,1866.985,52.0,458.6,2.649047619047619,3714.239990234375,13070.6904296875,29982.619140625,27663.390625,5399.2099609375,637.1099853515625,3623.60009765625,17337.0,28283.7109375,6407.5,13432.8701171875,84.99955,79.0,0.41799633333333336,0.348379,-0.183424700453733,-0.44778,-0.6155999999999999,77.418701171875,98.47562408447266,48.2874870300293,216.06225806451613,71.01076059051908,72.34517325202984,24.91,0.75,0.3333333333333333,0.6,0.9833333333333333,0.016666666666666666,1.0,0.18333333333333332,0.6833333333333333,1.0,0.38333333333333336,0.8833333333333333,0.05,0.9333333333333333,0.05,1.0,0.016666666666666666,0.6666666666666666,1.0,0.15,0.26666666666666666,0.6166666666666667,0.9666666666666667,0.2,0.016666666666666666,0.03333333333333333,0.03333333333333333,0.03333333333333333,0.16666666666666666,0.18333333333333332,0.35,0.8166666666666667,0.5333333333333333,0.13333333333333333,0.9833333333333333,0.8333333333333334,0.85,0.9166666666666666,0.8,0.9833333333333333,0.8333333333333334,0.7166666666666667,0.43333333333333335,0.9666666666666667,0.8666666666666667,0.7333333333333333,0.9666666666666667,0.4166666666666667,0.8833333333333333,0.35,0.6333333333333333,0.3,0.3333333333333333,0.65,0.21666666666666667,0.6166666666666667,0.06666666666666667,0.06666666666666667,0.9,0.7333333333333333,0.75,0.26666666666666666,0.016666666666666666,0.03333333333333333,0.016666666666666666,0.16666666666666666,0.8166666666666667,0.2833333333333333,0.08333333333333333,0.85,0
2021-02-01,67538.0,95.6149,74.1452,-87752.0,1.34,19073.36,105.895,106.501,488805.0,7827.0,755000.0,5.869867549668874,25.25,2.81,1703.0,0.7592483852025836,2586.5954,19641.8,0.08,263.579,210.6,3.3,1.67548668,0.04,0.06,0.07,0.12,0.54,1.26,3.526190476190476,1.14,1.22,112.0171,1.1137097672346585,0.009489700827691707,1.3867,1.2094,0.7876496534341525,224.8,186.9,1808.175,59.04,463.8,2.917,3811.14990234375,13192.349609375,30932.369140625,28966.009765625,5703.22021484375,651.260009765625,3761.989990234375,18060.30078125,28980.2109375,6483.39990234375,13786.2900390625,82.63248,76.8,0.43948624999999997,0.27754075,-0.391369934743637,-0.601875,-0.624,73.95680236816406,94.48355865478516,46.326778411865234,154.39642857142857,46.02775303599001,52.348352128865294,23.140526315789476,0.9166666666666666,0.11666666666666667,0.1,1.0,0.06666666666666667,0.9,0.15,0.7,0.9833333333333333,0.7666666666666667,0.85,0.05,0.9166666666666666,0.26666666666666666,0.9333333333333333,0.05,0.8,1.0,0.06666666666666667,0.36666666666666664,1.0,1.0,0.4166666666666667,0.016666666666666666,0.016666666666666666,0.016666666666666666,0.016666666666666666,0.18333333333333332,0.2,0.15,0.9166666666666666,0.7166666666666667,0.11666666666666667,0.9333333333333333,0.75,0.8833333333333333,0.9166666666666666,0.8666666666666667,1.0,0.9666666666666667,0.6166666666666667,0.7333333333333333,1.0,0.95,1.0,1.0,0.8833333333333333,1.0,0.6833333333333333,0.9666666666666667,0.7333333333333333,0.85,0.6833333333333333,0.43333333333333335,0.7833333333333333,0.06666666666666667,0.06666666666666667,0.9166666666666666,0.3,0.5333333333333333,0.15,0.016666666666666666,0.5666666666666667,0.7,0.43333333333333335,0.6,0.16666666666666666,0.1,0.8333333333333334,2
2021-03-01,68846.0,98.3856,76.4953,-87442.0,1.28,22918.422,110.454,106.933,539607.0,8499.0,669250.0,5.939858050056033,25.33,3.0825,1756.0,0.8246013667425968,2586.7795,19873.2,0.07,264.961,215.0,3.1,1.51383809,0.03,0.05,0.08,0.15,0.82,1.61,3.5473913043478262,1.46,1.58,113.3366,1.0755001075500108,0.009199708185256363,1.3863,1.1902,0.7956082425013924,222.8,188.1,1718.2282608695652,62.33,498.5,2.622173913043478,3972.889892578125,13246.8701171875,32981.55078125,29178.80078125,6067.22998046875,699.8499755859375,3899.47998046875,18700.69921875,28378.349609375,6713.60009765625,15008.33984375,91.34762,84.9,0.4739115,0.232538,-0.338832980638168,-0.5112749999999999,-0.64,78.61876678466797,100.85202026367188,49.41804122924805,176.70193548387098,62.32493230972862,47.6738477493963,21.84304347826087,0.95,0.6333333333333333,0.4166666666666667,0.9666666666666667,0.016666666666666666,1.0,1.0,1.0,1.0,1.0,0.016666666666666666,0.06666666666666667,0.8833333333333333,0.43333333333333335,1.0,0.16666666666666666,0.05,0.9333333333333333,0.05,0.9333333333333333,1.0,0.9666666666666667,0.2,0.016666666666666666,0.016666666666666666,0.03333333333333333,0.13333333333333333,0.21666666666666667,0.26666666666666666,0.18333333333333332,1.0,0.9166666666666666,0.06666666666666667,0.7166666666666667,0.21666666666666667,0.9833333333333333,0.85,1.0,0.9833333333333333,0.9833333333333333,0.5166666666666667,1.0,1.0,0.9166666666666666,1.0,1.0,1.0,1.0,1.0,1.0,1.0,1.0,0.8,0.95,1.0,0.2833333333333333,0.2833333333333333,0.9833333333333333,0.05,0.6666666666666666,0.21666666666666667,0.016666666666666666,0.5666666666666667,0.5833333333333334,0.43333333333333335,0.016666666666666666,0.03333333333333333,0.16666666666666666,0.7666666666666667,2
2021-04-01,70459.0,98.5587,76.6806,-86406.0,1.26,19859.6,111.327,107.558,542199.0,9346.0,589000.0,6.431239388794567,25.52,3.06,1710.0,0.8175438596491228,2556.3543,20175.4,0.07,266.614,217.9,3.4,1.75471736,0.02,0.04,0.06,0.16,0.86,1.64,3.2709090909090905,1.47,1.61,112.6323,1.0848340203948796,0.009170567979127787,1.3845,1.1965,0.800384184408516,239.5,180.6,1761.6775000000002,61.72,504.7,2.683636363636364,4181.169921875,13962.6796875,33874.8515625,28812.630859375,6269.47998046875,707.5599975585938,4014.300048828125,19108.30078125,28724.880859375,6969.7998046875,15135.91015625,95.00583,88.3,0.5036216,0.22874819999999998,-0.731936752145134,-0.75772,-0.67,88.16622161865234,109.58695983886719,67.87379455566406,122.48066666666666,29.809130604054896,72.41908745550211,17.416190476190476,1.0,1.0,0.4166666666666667,0.85,0.016666666666666666,0.016666666666666666,1.0,1.0,1.0,1.0,0.016666666666666666,0.1,0.016666666666666666,0.48333333333333334,1.0,0.13333333333333333,0.016666666666666666,0.8166666666666667,0.06666666666666667,1.0,1.0,1.0,0.6,0.016666666666666666,0.016666666666666666,0.016666666666666666,0.15,0.23333333333333334,0.3333333333333333,0.016666666666666666,1.0,0.9166666666666666,0.016666666666666666,0.8333333333333334,0.18333333333333332,0.9333333333333333,0.9,1.0,1.0,0.85,0.4,1.0,1.0,0.9166666666666666,0.9833333333333333,0.9833333333333333,0.9833333333333333,0.9833333333333333,0.9833333333333333,0.9833333333333333,0.9833333333333333,0.9833333333333333,0.7166666666666667,0.9333333333333333,0.9833333333333333,1.0,1.0,0.9833333333333333,0.05,0.11666666666666667,0.016666666666666666,0.016666666666666666,0.9166666666666666,0.8333333333333334,0.9166666666666666,0.016666666666666666,0.016666666666666666,0.2,0.6166666666666667,2
2021-05-01,68635.0,99.4333,77.5331,-87414.0,1.27,19385.541,111.142,108.099,536589.0,9954.0,469200.0,7.718670076726343,25.68,2.9625,1705.0,0.7741935483870968,2545.6238,20459.0,0.06,268.383,224.9,4.6,1.86820734,0.02,0.04,0.05,0.16,0.82,1.62,3.3338095238095242,1.47,1.6,111.2123,1.1077877478675087,0.009164894787007846,1.4084,1.2146,0.8247422680412372,310.7,216.1,1853.2236842105262,65.17,558.6,2.961428571428571,4204.10986328125,13748.740234375,34529.44921875,28860.080078125,6447.169921875,709.3599853515625,4060.360107421875,19731.0,29151.80078125,7022.60009765625,15421.1298828125,89.19573,82.9,0.385716,0.2569855,-0.819110341412146,-0.763075,-0.69,93.00713348388672,120.7828369140625,52.62611389160156,129.4448387096774,49.033461539689796,42.69327133435175,19.7605,0.9833333333333333,0.9833333333333333,0.6666666666666666,0.7666666666666667,0.03333333333333333,0.05,0.9833333333333333,1.0,0.9666666666666667,0.9833333333333333,0.03333333333333333,0.35,0.4166666666666667,0.48333333333333334,0.9833333333333333,0.06666666666666667,0.016666666666666666,0.7833333333333333,0.05,1.0,1.0,1.0,0.6666666666666666,0.03333333333333333,0.03333333333333333,0.016666666666666666,0.16666666666666666,0.23333333333333334,0.2833333333333333,0.03333333333333333,1.0,0.9,0.016666666666666666,0.8833333333333333,0.18333333333333332,1.0,0.9166666666666666,1.0,1.0,1.0,0.5166666666666667,0.9833333333333333,1.0,0.9666666666666667,0.9666666666666667,0.9333333333333333,0.9666666666666667,0.95,0.9833333333333333,0.9666666666666667,0.9666666666666667,0.9833333333333333,0.9333333333333333,0.9,0.9666666666666667,0.9666666666666667,0.9666666666666667,0.7666666666666667,0.15,0.03333333333333333,0.016666666666666666,0.016666666666666666,0.9166666666666666,0.8833333333333333,0.8833333333333333,0.03333333333333333,0.06666666666666667,0.18333333333333332,0.75,2
2021-06-01,70341.0,99.7987,77.5677,-92228.0,1.26,19316.247,112.053,108.603,540152.0,10319.0,409500.0,8.054945054945055,25.82,2.975,1662.0,0.7785800240673887,2478.0379,20477.1,0.08,270.654,228.9,4.2,2.05518859,0.04,0.05,0.07,0.2,0.84,1.52,3.174545454545455,1.32,1.48,111.5777,1.1015642211940955,0.009082049963989673,1.4025,1.2048,0.8183306055646481,282.8,196.5,1834.565909090909,71.38,542.4,3.272727272727273,4297.5,14503.9501953125,34502.51171875,28791.529296875,6507.830078125,729.52001953125,4125.9501953125,20165.599609375,28827.94921875,7037.5,15531.0400390625,91.99319,85.5,0.41459175,0.22483750000000002,-0.708491527802592,-0.798725,-0.6912499999999999,74.12712097167969,92.54654693603516,46.34864044189453,113.146,64.35310940331831,40.75057280467272,16.956818181818182,0.9666666666666667,0.9666666666666667,0.6666666666666666,0.95,0.03333333333333333,0.05,0.95,1.0,0.95,0.9666666666666667,0.05,0.5833333333333334,0.8,0.5166666666666667,0.95,0.08333333333333333,0.03333333333333333,0.7666666666666667,0.13333333333333333,1.0,1.0,0.9833333333333333,0.7833333333333333,0.08333333333333333,0.06666666666666667,0.06666666666666667,0.23333333333333334,0.25,0.25,0.016666666666666666,0.95,0.85,0.08333333333333333,0.7833333333333333,0.16666666666666666,0.95,0.7666666666666667,0.95,0.9833333333333333,0.9666666666666667,0.43333333333333335,0.95,0.9833333333333333,1.0,0.9666666666666667,0.9166666666666666,0.95,0.9333333333333333,0.95,0.95,0.95,0.9833333333333333,0.7166666666666667,0.85,0.9333333333333333,0.95,0.95,0.8333333333333334,0.03333333333333333,0.21666666666666667,0.016666666666666666,0.016666666666666666,0.65,0.65,0.5666666666666667,0.05,0.2,0.38333333333333336,0.6,2
2021-07-01,70638.0,100.2519,78.295,-87418.0,1.27,19435.463,111.876,109.058,528600.0,10983.0,370000.0,8.126486486486487,25.97,2.868,1666.0,0.8151260504201681,2450.3579,20633.3,0.1,271.903,231.85,4.7,2.07311612,0.05,0.05,0.08,0.22,0.76,1.32,3.17304347826087,1.1,1.27,113.0633,1.090037061260083,0.009073232783767624,1.3808,1.1821,0.7980845969672786,265.511,204.505,1807.0931818181818,72.49,542.177,3.809545454545455,4395.259765625,14672.6796875,34935.46875,27283.58984375,6612.759765625,754.3099975585938,4200.47021484375,20287.80078125,25961.029296875,7032.2998046875,15544.3896484375,87.36663,81.2,0.38364159999999997,0.2564656,-0.687368088295363,-0.73256,-0.6676,58.42076873779297,64.03631591796875,50.7158317565918,130.01032258064518,76.98576387922527,20.807926116076317,17.603333333333335,0.95,0.95,0.8,0.6,0.06666666666666667,0.03333333333333333,0.9333333333333333,1.0,0.9166666666666666,0.95,0.05,0.6666666666666666,0.9166666666666666,0.5333333333333333,0.5833333333333334,0.16666666666666666,0.05,0.75,0.26666666666666666,0.9833333333333333,1.0,1.0,0.8333333333333334,0.1,0.08333333333333333,0.1,0.26666666666666666,0.21666666666666667,0.21666666666666667,0.016666666666666666,0.8333333333333334,0.7833333333333333,0.16666666666666666,0.6,0.15,0.8666666666666667,0.6166666666666667,0.9166666666666666,0.9666666666666667,0.9833333333333333,0.15,0.9333333333333333,0.9333333333333333,1.0,0.9333333333333333,0.8333333333333334,0.9333333333333333,0.8833333333333333,1.0,0.9833333333333333,0.9666666666666667,0.9333333333333333,0.5333333333333333,0.9833333333333333,0.9333333333333333,0.95,0.95,0.7333333333333333,0.16666666666666666,0.23333333333333334,0.06666666666666667,0.06666666666666667,0.4,0.18333333333333332,0.9166666666666666,0.06666666666666667,0.3333333333333333,0.16666666666666666,0.6166666666666667,2
2021-08-01,71394.0,100.0437,77.9251,-90075.0,1.28,19407.737,112.637,109.409,532477.0,10872.0,359750.0,7.73453787352328,26.12,2.8425000000000002,1740.0,0.7637931034482759,2428.3734,20840.7,0.09,272.676,233.415,4.6,2.46241259,0.05,0.06,0.07,0.22,0.77,1.28,3.321363636363636,1.06,1.23,113.4025,1.0932546190007653,0.009103098967981671,1.3797,1.1767,0.7937137868084768,259.263,233.661,1783.9690476190476,67.73,541.486,4.032272727272727,4522.68017578125,15259.240234375,35360.73046875,28089.5390625,6680.18017578125,787.6199951171875,4308.919921875,20582.900390625,25878.990234375,7119.7001953125,15835.08984375,75.63884,70.3,0.36443475000000003,0.32817450000000004,-0.751665318715531,-0.7260249999999999,-0.648,89.4865493774414,103.20159149169922,76.48285675048828,124.14419354838711,52.73314103175526,31.87457746650644,17.472727272727273,0.9333333333333333,0.9,0.75,0.5666666666666667,0.1,0.75,0.9166666666666666,1.0,0.9333333333333333,0.9666666666666667,0.1,0.38333333333333336,0.9333333333333333,0.5666666666666667,0.7666666666666667,0.06666666666666667,0.06666666666666667,0.7666666666666667,0.25,0.9666666666666667,1.0,0.9833333333333333,0.9833333333333333,0.11666666666666667,0.11666666666666667,0.08333333333333333,0.2833333333333333,0.23333333333333334,0.21666666666666667,0.06666666666666667,0.8166666666666667,0.7333333333333333,0.26666666666666666,0.3333333333333333,0.15,0.7666666666666667,0.5,0.7833333333333333,0.9666666666666667,1.0,0.016666666666666666,0.8833333333333333,0.9166666666666666,0.95,0.9166666666666666,0.7333333333333333,0.8333333333333334,0.8333333333333334,0.9333333333333333,0.9833333333333333,0.9666666666666667,0.9166666666666666,0.5,0.9833333333333333,0.7833333333333333,0.26666666666666666,0.26666666666666666,0.5833333333333334,0.6166666666666667,0.08333333333333333,0.08333333333333333,0.08333333333333333,0.9166666666666666,0.7,1.0,0.08333333333333333,0.2833333333333333,0.16666666666666666,0.6,2
2021-09-01,71387.0,98.8579,77.0224,-93608.0,1.29,19234.211,112.79,109.641,536651.0,10834.0,354750.0,7.673713883016209,26.3,2.9,1649.0,0.7537901758641601,2416.6678,20981.0,0.08,273.91,235.678,4.6,2.68413713,0.04,0.05,0.08,0.24,0.86,1.37,3.117272727272727,1.13,1.33,113.4438,1.083658430862592,0.009077622752153666,1.3732,1.1765,0.7892036934732856,219.711,232.051,1777.2522727272728,71.65,541.575,5.096818181818182,4307.5400390625,14448.580078125,33843.921875,29452.66015625,6520.009765625,771.9400024414062,4158.89013671875,20070.30078125,24575.640625,7086.39990234375,15260.6904296875,78.3287,72.8,0.3256256,0.35947019999999996,-0.728845770712347,-0.66925,-0.651,80.69696807861328,92.04731750488281,67.94027709960938,120.22966666666666,79.6231235756659,7.672618433579734,19.824761904761903,0.8833333333333333,0.8166666666666667,0.43333333333333335,0.8833333333333333,0.11666666666666667,0.21666666666666667,0.9,1.0,0.8833333333333333,0.9166666666666666,0.11666666666666667,0.31666666666666665,0.9666666666666667,0.5833333333333334,0.21666666666666667,0.05,0.1,0.75,0.15,1.0,1.0,0.9833333333333333,0.9833333333333333,0.1,0.1,0.13333333333333333,0.3,0.31666666666666665,0.25,0.016666666666666666,0.8333333333333334,0.8,0.3,0.31666666666666665,0.11666666666666667,0.7666666666666667,0.5333333333333333,0.7333333333333333,0.9166666666666666,0.9833333333333333,0.06666666666666667,0.9333333333333333,0.9,1.0,0.8666666666666667,0.7166666666666667,0.7833333333333333,0.9,0.9333333333333333,0.9666666666666667,0.95,0.9,0.55,1.0,0.75,0.2,0.2,0.31666666666666665,0.7833333333333333,0.18333333333333332,0.16666666666666666,0.08333333333333333,0.6166666666666667,0.36666666666666664,0.9166666666666666,0.11666666666666667,0.3333333333333333,0.05,0.75,2
2021-10-01,72200.0,100.1861,78.1049,-85158.0,1.28,19258.34,113.505,110.188,545361.0,11238.0,284400.0,8.29043600562588,26.45,3.0675,1699.0,0.7604473219540906,2420.7405,21160.7,0.08,276.55,240.465,4.8,1.85436755,0.05,0.06,0.11,0.39,1.11,1.58,3.149090909090909,1.19,1.53,114.0635,1.0837758751490192,0.008840052509911909,1.3701,1.16,0.804246421103426,210.071,238.787,1776.8547619047617,81.48,536.589,5.571428571428571,4605.3798828125,15498.3896484375,35819.55859375,28892.689453125,6830.33984375,810.9099731445312,4278.47998046875,21037.099609375,25377.240234375,7237.60009765625,15688.76953125,77.14516,71.7,0.375258,0.31433625,-0.727802256731275,-0.73882,-0.6424000000000001,79.02923583984375,93.80802917480469,61.149112701416016,109.64838709677419,65.49623407320315,40.94271457360206,17.871428571428574,0.9,0.8833333333333333,0.7833333333333333,0.36666666666666664,0.11666666666666667,0.25,0.9,1.0,0.9333333333333333,0.9,0.1,0.7,0.9666666666666667,0.6833333333333333,0.4666666666666667,0.08333333333333333,0.11666666666666667,0.75,0.16666666666666666,1.0,1.0,1.0,0.6,0.15,0.15,0.18333333333333332,0.31666666666666665,0.3333333333333333,0.3,0.03333333333333333,0.8833333333333333,0.8666666666666667,0.35,0.23333333333333334,0.08333333333333333,0.75,0.48333333333333334,0.8833333333333333,0.8666666666666667,0.9666666666666667,0.08333333333333333,0.95,0.9,0.9666666666666667,0.9666666666666667,0.8666666666666667,0.95,0.8666666666666667,1.0,1.0,1.0,0.9833333333333333,0.55,1.0,0.9666666666666667,0.2,0.2,0.65,0.5666666666666667,0.2,0.06666666666666667,0.11666666666666667,0.6666666666666666,0.4166666666666667,0.95,0.08333333333333333,0.31666666666666665,0.13333333333333333,0.6,2
2021-11-01,72662.0,100.8654,78.5506,-100024.0,1.28,19227.878,113.734,110.77,551082.0,11199.0,236500.0,8.119450317124736,26.56,3.0675,1770.0,0.7977401129943503,2434.992,21335.9,0.08,278.919,243.287,4.9,2.4798405,0.05,0.07,0.18,0.51,1.2,1.56,3.2245454545454546,1.05,1.51,114.9898,1.08542277216976,0.008774623788005089,1.3463,1.1416,0.7957348611442667,224.813,254.482,1820.234090909091,79.15,550.696,5.119090909090909,4567.0,15537.6904296875,34483.71875,27821.759765625,6721.16015625,777.3900146484375,4113.39990234375,20660.0,23475.259765625,7059.5,15100.1298828125,72.51861,67.4,0.40537199999999995,0.282366,-0.703615412923412,-0.65805,-0.577,86.56914520263672,121.5009536743164,39.74269104003906,135.15266666666668,53.98210262275066,53.02295865665602,18.50047619047619,0.9,0.8833333333333333,0.8666666666666667,0.8166666666666667,0.13333333333333333,0.45,0.9,1.0,0.9333333333333333,0.8833333333333333,0.1,0.65,0.9666666666666667,0.75,0.4,0.18333333333333332,0.13333333333333333,0.6833333333333333,0.18333333333333332,1.0,1.0,1.0,0.9666666666666667,0.16666666666666666,0.16666666666666666,0.3333333333333333,0.35,0.35,0.3,0.08333333333333333,0.7666666666666667,0.8666666666666667,0.5166666666666667,0.23333333333333334,0.016666666666666666,0.5833333333333334,0.25,0.6833333333333333,0.85,0.9666666666666667,0.2,0.9333333333333333,0.8666666666666667,0.9333333333333333,0.8333333333333334,0.6333333333333333,0.55,0.36666666666666664,0.8333333333333334,0.8666666666666667,0.7166666666666667,0.8666666666666667,0.16666666666666666,0.7666666666666667,0.6,0.2,0.2,0.8166666666666667,0.36666666666666664,0.2833333333333333,0.21666666666666667,0.38333333333333336,0.8666666666666667,0.9166666666666666,0.26666666666666666,0.15,0.16666666666666666,0.25,0.6166666666666667,2
2021-12-01,73257.0,100.5726,78.4351,-100390.0,1.31,19170.498,113.307,111.418,547277.0,11520.0,216250.0,7.936416184971098,26.76,3.098,1886.0,0.7073170731707317,2473.1762,21498.8,0.08,280.845,241.338,4.8,2.62030861,0.06,0.15,0.3,0.68,1.23,1.47,3.2630434782608693,0.78,1.4,115.8045,1.0857763300760044,0.008784806501459595,1.3303,1.1301,0.78125,241.216,262.467,1786.6526315789474,71.71,532.485,3.858260869565217,4766.18017578125,15644.9697265625,36338.30078125,28791.7109375,7153.02978515625,797.9299926757812,4310.14990234375,21222.80078125,23397.669921875,7384.5,15884.8603515625,75.96162,70.6,0.2977102,0.3532768,-0.567274902053818,-0.54158,-0.545,105.34542083740234,155.3102569580078,47.65493392944336,137.1274193548387,153.26201508801608,24.93045739806856,21.354545454545455,0.8333333333333334,0.6166666666666667,0.8166666666666667,0.8833333333333333,0.18333333333333332,0.23333333333333334,0.8666666666666667,1.0,0.9,0.9666666666666667,0.05,0.5833333333333334,0.9333333333333333,0.9,0.5333333333333333,0.016666666666666666,0.15,0.6833333333333333,0.2,1.0,0.95,0.9833333333333333,0.9666666666666667,0.18333333333333332,0.31666666666666665,0.35,0.36666666666666664,0.36666666666666664,0.26666666666666666,0.1,0.6333333333333333,0.8333333333333334,0.75,0.08333333333333333,0.016666666666666666,0.45,0.06666666666666667,0.4666666666666667,0.8666666666666667,0.9666666666666667,0.16666666666666666,0.8166666666666667,0.7833333333333333,0.7666666666666667,0.8333333333333334,0.36666666666666664,0.65,0.35,0.8666666666666667,0.85,0.85,0.8666666666666667,0.1,0.8,0.6333333333333333,0.2,0.2,0.16666666666666666,0.7666666666666667,0.48333333333333334,0.35,0.6333333333333333,1.0,0.9833333333333333,0.9833333333333333,0.16666666666666666,0.8,0.18333333333333332,0.75,2
2022-01-01,75242.0,100.1856,77.7378,-105064.0,1.3,19062.795,113.372,111.976,560257.0,11210.0,239200.0,7.119565217391305,26.91,3.4450000000000003,1923.0,0.6609464378575143,2486.9777,21650.0,0.08,282.543,246.453,4.9,2.24175848,0.15,0.33,0.55,0.98,1.54,1.76,3.2247619047619045,0.78,1.61,115.0373,1.088020890001088,0.008708866932867699,1.3555,1.1317,0.7922674694977024,246.086,253.978,1816.765,83.22,550.261,4.233333333333333,4515.5498046875,14239.8798828125,35131.859375,27001.98046875,6999.2001953125,755.2000122070312,4071.929931640625,21098.30078125,23802.259765625,7464.39990234375,15471.2001953125,72.30341,67.2,0.25440925,0.4282235,-0.262122904371678,-0.4838,-0.5555000000000001,138.67498779296875,199.48751831054688,63.251529693603516,145.67000000000002,156.3303814126659,37.45707675166372,23.181,0.8333333333333334,0.5333333333333333,0.6333333333333333,0.9166666666666666,0.16666666666666666,0.016666666666666666,0.8333333333333334,1.0,0.8333333333333334,0.85,0.11666666666666667,0.15,0.9833333333333333,1.0,0.36666666666666664,0.016666666666666666,0.16666666666666666,0.65,0.21666666666666667,1.0,0.9333333333333333,1.0,0.9,0.35,0.38333333333333336,0.38333333333333336,0.38333333333333336,0.43333333333333335,0.4666666666666667,0.1,0.65,0.9666666666666667,0.7166666666666667,0.08333333333333333,0.016666666666666666,0.45,0.08333333333333333,0.5333333333333333,0.7666666666666667,0.85,0.21666666666666667,0.85,0.7666666666666667,0.8666666666666667,0.7666666666666667,0.2,0.5833333333333334,0.18333333333333332,0.8666666666666667,0.7666666666666667,0.7,0.85,0.05,0.85,0.6333333333333333,0.16666666666666666,0.16666666666666666,0.03333333333333333,0.8666666666666667,0.7833333333333333,0.43333333333333335,0.5666666666666667,1.0,1.0,0.85,0.18333333333333332,0.8333333333333334,0.38333333333333336,0.8333333333333334,2
2022-02-01,75311.0,100.8064,78.1748,-104529.0,1.31,19079.074,113.448,112.468,563777.0,11698.0,219000.0,7.461187214611872,26.97,3.7625,1846.0,0.723726977248104,2499.0141,21724.8,0.08,284.5,252.66,4.9,2.62741883,0.33,0.64,1.0,1.44,1.81,1.93,3.646,0.49,1.62,114.9977,1.083658430862592,0.008674809999973975,1.354,1.1349,0.7867201636377941,260.179,257.358,1856.295,91.64,552.826,4.475,4373.93994140625,13751.400390625,33892.6015625,26526.8203125,6658.830078125,729.719970703125,4014.02001953125,21126.400390625,22713.01953125,7458.2998046875,14461.01953125,67.56927,62.8,0.233737,0.4399725,-0.313842872119735,-0.31479999999999997,-0.482,216.1590118408203,320.6058654785156,105.21830749511719,127.98964285714285,110.05818827122042,113.83121370957335,25.748421052631578,0.8,0.9333333333333333,0.75,0.8333333333333334,0.21666666666666667,0.05,0.8333333333333334,1.0,0.9333333333333333,0.8333333333333334,0.13333333333333333,0.2,0.9666666666666667,1.0,0.6,0.05,0.16666666666666666,0.6333333333333333,0.23333333333333334,1.0,0.8833333333333333,1.0,0.9666666666666667,0.4,0.4,0.4,0.5333333333333333,0.5666666666666667,0.5166666666666667,0.43333333333333335,0.45,0.9833333333333333,0.6333333333333333,0.15,0.05,0.3333333333333333,0.11666666666666667,0.4666666666666667,0.7333333333333333,0.8333333333333334,0.4666666666666667,0.8333333333333334,0.7333333333333333,0.8,0.5166666666666667,0.13333333333333333,0.4,0.11666666666666667,0.6666666666666666,0.5666666666666667,0.5333333333333333,0.8,0.016666666666666666,0.8166666666666667,0.5,0.15,0.15,0.016666666666666666,0.9,0.75,0.6166666666666667,0.85,1.0,1.0,0.9833333333333333,0.3333333333333333,0.85,0.7166666666666667,0.8833333333333333,2
2022-03-01,76146.0,101.3907,78.5575,-119981.0,1.31,18998.629,114.041,112.914,574485.0,12301.0,215000.0,7.17906976744186,27.1,4.172,1899.0,0.7093206951026856,2538.9137,21786.8,0.2,287.674,260.014,5.4,3.05769883,0.44,0.83,1.34,1.91,2.11,2.13,3.7886956521739132,0.22,1.68,116.2908,1.0759629868732516,0.008433310226063313,1.3168,1.1019,0.7898894154818326,298.016,319.999,1947.8282608695654,108.5,571.553,4.971304347826087,4530.41015625,14220.51953125,34678.3515625,27821.4296875,6659.8701171875,724.2000122070312,4158.77978515625,21890.19921875,21996.849609375,7515.7001953125,14414.75,63.91106,59.4,0.283084,0.3999598,-0.0851208220036064,-0.11584999999999998,-0.3895,318.9549255371094,403.713623046875,250.9558563232422,186.61451612903227,189.90669506231285,70.31172101390274,26.968695652173913,0.7666666666666667,0.7666666666666667,0.8666666666666667,0.9833333333333333,0.23333333333333334,0.016666666666666666,0.7333333333333333,0.9833333333333333,0.7,0.8166666666666667,0.16666666666666666,0.16666666666666666,0.9833333333333333,1.0,0.5833333333333334,0.05,0.2,0.6,0.4,1.0,0.9666666666666667,1.0,1.0,0.4166666666666667,0.4166666666666667,0.5166666666666667,0.7166666666666667,0.7,0.5666666666666667,0.5833333333333334,0.21666666666666667,1.0,0.6333333333333333,0.4,0.08333333333333333,0.21666666666666667,0.06666666666666667,0.4,0.8166666666666667,0.9833333333333333,0.6833333333333333,0.8666666666666667,0.6333333333333333,0.9333333333333333,0.5,0.2,0.25,0.15,0.5833333333333334,0.4,0.5333333333333333,0.8,0.016666666666666666,0.7333333333333333,0.21666666666666667,0.016666666666666666,0.016666666666666666,0.13333333333333333,0.8333333333333334,0.8166666666666667,0.7666666666666667,0.9333333333333333,1.0,1.0,1.0,0.5333333333333333,0.8666666666666667,0.65,0.9,2
2022-04-01,75944.0,101.44,78.4892,-103845.0,1.32,19006.44,114.632,113.307,580943.0,11861.0,213000.0,6.724882629107981,27.28,4.9825,1849.0,0.717685235262304,2565.6296,21769.5,0.33,288.561,265.31,5.4,3.39290341,0.76,1.23,1.89,2.54,2.78,2.75,3.6536363636363633,0.21,1.99,117.1688,1.0582010582010584,0.007913001298523513,1.2933,1.0803,0.7918910357934749,315.84,333.807,1933.8999999999999,101.78,580.856,6.744761904761905,4131.93017578125,12334.6396484375,32977.2109375,26847.900390625,6533.77001953125,710.97998046875,4106.3701171875,20762.0,21089.390625,7544.60009765625,14097.8798828125,70.15153,65.2,0.18964,0.4825605,-0.309491684341367,-0.26356,-0.35819999999999996,191.14309692382812,221.91055297851562,184.41781616210938,136.31366666666665,131.09880091023823,44.537893575411786,24.3735,0.7,0.7,0.8333333333333334,0.85,0.25,0.05,0.6,0.95,0.7166666666666667,0.7833333333333333,0.2,0.13333333333333333,0.95,1.0,0.55,0.06666666666666667,0.21666666666666667,0.5833333333333334,0.4166666666666667,0.9833333333333333,0.9666666666666667,1.0,1.0,0.43333333333333335,0.5333333333333333,0.7,0.9,0.9333333333333333,0.8166666666666667,0.45,0.2,1.0,0.8166666666666667,0.15,0.016666666666666666,0.1,0.016666666666666666,0.38333333333333336,0.7666666666666667,1.0,0.6333333333333333,0.85,0.65,1.0,0.06666666666666667,0.016666666666666666,0.1,0.15,0.48333333333333334,0.2833333333333333,0.5333333333333333,0.6833333333333333,0.016666666666666666,0.7,0.16666666666666666,0.06666666666666667,0.06666666666666667,0.016666666666666666,0.9833333333333333,0.7333333333333333,0.6166666666666667,0.9333333333333333,0.9666666666666667,0.95,0.9833333333333333,0.6166666666666667,0.8833333333333333,0.45,0.8,1
2022-05-01,76640.0,101.3335,78.1251,-102177.0,1.34,18963.136,114.473,113.703,579844.0,11535.0,209750.0,6.517282479141835,27.4,5.2299999999999995,1711.0,0.8340151957919345,2610.2452,21719.5,0.77,291.298,273.251,5.3,3.63465785,0.98,1.45,2.06,2.62,2.87,2.9,4.487727272727273,0.28,1.91,119.6962,1.0199918400652794,0.007761046685800233,1.2438,1.0567,0.777665448324131,320.415,337.32,1848.3023809523809,109.55,549.013,8.16,4132.14990234375,12081.3896484375,32990.12109375,27279.80078125,6468.7998046875,712.8800048828125,3894.330078125,20729.30078125,21415.19921875,7607.7001953125,14388.349609375,62.83511,58.4,0.24253575,0.51445725,-0.029960041683673,0.341475,-0.28975,142.25848388671875,166.424560546875,140.13734436035156,133.7783870967742,149.56105068003365,78.17805781444221,29.313636363636363,0.8,0.5333333333333333,0.7,0.7666666666666667,0.31666666666666665,0.06666666666666667,0.6333333333333333,0.9166666666666666,0.7333333333333333,0.6666666666666666,0.25,0.13333333333333333,0.9,1.0,0.21666666666666667,0.38333333333333336,0.45,0.48333333333333334,0.45,0.9833333333333333,0.95,0.9666666666666667,1.0,0.4666666666666667,0.55,0.7666666666666667,0.9166666666666666,0.95,0.9166666666666666,0.8166666666666667,0.36666666666666664,0.9833333333333333,1.0,0.016666666666666666,0.016666666666666666,0.016666666666666666,0.016666666666666666,0.05,0.31666666666666665,0.9166666666666666,0.36666666666666664,0.85,0.3333333333333333,1.0,0.06666666666666667,0.016666666666666666,0.06666666666666667,0.16666666666666666,0.31666666666666665,0.3,0.4,0.5333333333333333,0.03333333333333333,0.7166666666666667,0.18333333333333332,0.03333333333333333,0.03333333333333333,0.05,1.0,0.85,0.9333333333333333,0.95,0.9,0.7666666666666667,0.95,0.5333333333333333,0.85,0.7,0.9166666666666666,1
2022-06-01,77118.0,101.018,77.6834,-99398.0,1.34,18871.331,114.544,114.376,585556.0,11283.0,212500.0,6.424705882352941,27.52,5.522,1726.0,0.7977983777520278,2667.8801,21651.2,1.21,294.957,280.251,5.3,4.22671337,1.49,2.11,2.65,3.0,3.19,3.14,4.87,0.14,1.6,120.0257,1.0307153164296021,0.007464809024058332,1.232,1.0567,0.7810059356451109,324.617,323.512,1833.825,114.84,543.822,7.570909090909091,3785.3798828125,11028.740234375,30775.4296875,26393.0390625,5922.85986328125,659.22998046875,3682.070068359375,18861.400390625,21859.7890625,7169.2998046875,12783.76953125,53.79718,50.0,0.2269338,0.49660960000000004,0.0233860844190886,0.05205,-0.20224999999999999,130.7073211669922,160.72695922851562,114.81468963623047,133.46733333333333,138.59429473573738,97.3423324635886,28.23318181818182,0.7,0.5,0.5333333333333333,0.4666666666666667,0.3333333333333333,0.06666666666666667,0.3333333333333333,0.9333333333333333,0.75,0.48333333333333334,0.26666666666666666,0.1,0.8833333333333333,1.0,0.38333333333333336,0.2833333333333333,0.7166666666666667,0.4666666666666667,0.55,1.0,0.9833333333333333,0.9666666666666667,1.0,0.5833333333333334,0.8333333333333334,0.9666666666666667,1.0,1.0,0.9833333333333333,0.8666666666666667,0.05,0.9,0.9833333333333333,0.05,0.016666666666666666,0.016666666666666666,0.03333333333333333,0.13333333333333333,0.6833333333333333,0.95,0.36666666666666664,0.8166666666666667,0.38333333333333336,0.9666666666666667,0.016666666666666666,0.016666666666666666,0.03333333333333333,0.13333333333333333,0.16666666666666666,0.06666666666666667,0.16666666666666666,0.06666666666666667,0.05,0.5,0.03333333333333333,0.016666666666666666,0.016666666666666666,0.03333333333333333,0.9833333333333333,0.8666666666666667,0.8333333333333334,0.95,0.9333333333333333,0.9,0.9333333333333333,0.65,0.75,0.75,0.9,1
2022-07-01,77167.0,101.223,77.7019,-88655.0,1.37,19050.186,114.646,114.628,579267.0,11576.0,218200.0,6.382218148487626,27.66,5.4125,1707.0,0.8242530755711776,2699.2413,21652.8,1.68,294.913,272.274,5.2,3.3092777,2.23,2.76,3.02,3.04,2.96,2.9,5.300909090909091,-0.14,0.6,122.7512,1.0308215647871355,0.0073148073645480545,1.1987,1.0168,0.7730364873222015,290.18,250.139,1736.3714285714286,101.62,478.44,7.109047619047619,4130.2900390625,12390.6904296875,32845.12890625,27801.640625,6448.5,729.4400024414062,3796.840087890625,19692.900390625,20156.509765625,7423.39990234375,13484.0498046875,55.4111,51.5,0.258955,0.45406375,0.0487570104740202,0.12942,-0.1882,117.17676544189453,141.24293518066406,97.83872985839844,146.90064516129033,161.91759508532616,71.54507408753639,24.995238095238093,0.6833333333333333,0.43333333333333335,0.5333333333333333,0.26666666666666666,0.65,0.1,0.4166666666666667,0.8833333333333333,0.7833333333333333,0.38333333333333336,0.2833333333333333,0.1,0.8666666666666667,1.0,0.2833333333333333,0.36666666666666664,0.8333333333333334,0.35,0.6833333333333333,0.95,0.75,0.9333333333333333,0.95,0.8666666666666667,1.0,1.0,1.0,0.9666666666666667,0.9,0.9166666666666666,0.016666666666666666,0.38333333333333336,1.0,0.06666666666666667,0.016666666666666666,0.016666666666666666,0.016666666666666666,0.26666666666666666,0.55,0.7166666666666667,0.15,0.65,0.03333333333333333,0.8666666666666667,0.06666666666666667,0.03333333333333333,0.06666666666666667,0.4,0.3,0.18333333333333332,0.2,0.18333333333333332,0.08333333333333333,0.6333333333333333,0.11666666666666667,0.03333333333333333,0.03333333333333333,0.11666666666666667,0.8833333333333333,0.8666666666666667,0.9,0.95,0.95,0.9666666666666667,0.9,0.6166666666666667,0.7333333333333333,0.8333333333333334,0.8,1
2022-08-01,78114.0,101.0963,77.654,-87630.0,1.38,19115.806,115.268,115.276,581196.0,10092.0,216500.0,6.546189376443418,27.75,5.2225,1565.0,0.8722044728434505,2724.0968,21638.2,2.33,295.097,269.546,4.8,3.37713165,2.63,3.05,3.28,3.25,3.03,2.9,4.526521739130435,-0.35,0.18,122.3177,1.0444955086693126,0.007391884450062276,1.1983,1.0129,0.7741735697143299,283.299,243.104,1765.6545454545455,93.67,485.194,8.777391304347827,3955.0,11816.2001953125,31510.4296875,28091.529296875,6125.10009765625,680.3099975585938,3585.840087890625,19330.80078125,19954.390625,7284.2001953125,12834.9599609375,62.61992,58.2,0.30935999999999997,0.38769975,-0.15766410651654,-0.363375,-0.23425,132.86322021484375,159.38302612304688,111.15857696533203,119.1632258064516,120.39347673975216,150.49230233568383,22.169565217391302,0.6833333333333333,0.45,0.5,0.16666666666666666,0.6833333333333333,0.11666666666666667,0.36666666666666664,0.9666666666666667,0.7666666666666667,0.16666666666666666,0.3,0.18333333333333332,0.8,0.9666666666666667,0.03333333333333333,0.5666666666666667,0.8833333333333333,0.1,0.8833333333333333,0.9166666666666666,0.7333333333333333,0.8666666666666667,0.95,1.0,1.0,1.0,1.0,0.9833333333333333,0.9,0.8,0.016666666666666666,0.16666666666666666,0.9833333333333333,0.1,0.03333333333333333,0.03333333333333333,0.03333333333333333,0.31666666666666665,0.5333333333333333,0.26666666666666666,0.3,0.6333333333333333,0.08333333333333333,0.9333333333333333,0.016666666666666666,0.03333333333333333,0.03333333333333333,0.36666666666666664,0.2,0.016666666666666666,0.08333333333333333,0.1,0.06666666666666667,0.5333333333333333,0.016666666666666666,0.26666666666666666,0.26666666666666666,0.3,0.7333333333333333,0.75,0.4666666666666667,0.9166666666666666,0.8333333333333334,0.8333333333333334,0.85,0.43333333333333335,0.7833333333333333,0.9333333333333333,0.65,1
2022-09-01,76945.0,101.2918,77.6645,-88770.0,1.39,19158.931,115.348,115.788,579446.0,10800.0,197500.0,7.060759493670886,27.87,6.112,1586.0,0.9186633039092056,2747.7509,21536.5,2.56,296.349,267.898,4.7,4.17914969,3.13,3.63,3.89,3.86,3.7,3.52,4.985454545454545,-0.34,0.3,125.5946,1.0274324463166546,0.006979131698308887,1.132,0.9899,0.7496813854112002,299.918,265.841,1682.9666666666667,84.26,487.261,7.835,3585.6201171875,10575.6201171875,28725.509765625,25937.2109375,5762.33984375,640.6199951171875,3370.2099609375,18444.19921875,17222.830078125,6893.7998046875,12114.3603515625,63.0503,58.6,0.207594,0.5427044,0.0167621768801262,-0.04426000000000001,-0.1542,131.98587036132812,170.31179809570312,108.6280746459961,109.556,149.0037319663473,50.42583302194797,27.34181818181818,0.6333333333333333,0.6,0.5,0.13333333333333333,0.6833333333333333,0.15,0.36666666666666664,1.0,0.6666666666666666,0.31666666666666665,0.2833333333333333,0.21666666666666667,0.7833333333333333,1.0,0.13333333333333333,0.8333333333333334,0.8833333333333333,0.016666666666666666,1.0,0.9,0.7166666666666667,0.8166666666666667,0.9833333333333333,1.0,1.0,1.0,1.0,1.0,1.0,0.85,0.03333333333333333,0.26666666666666666,1.0,0.1,0.016666666666666666,0.016666666666666666,0.016666666666666666,0.06666666666666667,0.8333333333333334,0.48333333333333334,0.1,0.5166666666666667,0.1,0.75,0.016666666666666666,0.016666666666666666,0.03333333333333333,0.03333333333333333,0.1,0.016666666666666666,0.05,0.06666666666666667,0.016666666666666666,0.35,0.016666666666666666,0.21666666666666667,0.21666666666666667,0.03333333333333333,1.0,0.8166666666666667,0.7333333333333333,0.95,0.8833333333333333,0.9166666666666666,0.8833333333333333,0.38333333333333336,0.65,0.95,0.8666666666666667,1
2022-10-01,77151.0,101.2529,77.8544,-96831.0,1.39,19196.543,115.556,116.204,585006.0,10447.0,202600.0,6.966436327739388,27.99,6.9,1583.0,0.8761844598862919,2771.3899,21461.5,3.08,298.007,265.061,5.0,2.88195932,3.72,4.18,4.43,4.38,4.18,3.98,4.998095238095238,-0.4,0.11,127.4806,1.005126143330988,0.006800338656865111,1.1332,0.9853,0.7305135510263715,281.492,275.984,1664.445238095238,87.55,472.724,6.093809523809524,3871.97998046875,10988.150390625,32732.94921875,27587.4609375,6266.77001953125,670.6199951171875,3567.429931640625,19426.099609375,14687.01953125,7094.5,13253.740234375,64.44903,59.9,0.23368125,0.53140375,0.506944647785155,0.005199999999999996,-0.11,143.16241455078125,185.2843017578125,112.6750259399414,139.82999999999998,204.49368915131672,92.84087645140986,30.005714285714287,0.5166666666666667,0.4666666666666667,0.6,0.6166666666666667,0.6833333333333333,0.16666666666666666,0.31666666666666665,0.95,0.6333333333333333,0.18333333333333332,0.3333333333333333,0.21666666666666667,0.75,1.0,0.06666666666666667,0.5833333333333334,0.9,0.016666666666666666,1.0,0.8666666666666667,0.6833333333333333,0.9166666666666666,0.8833333333333333,1.0,1.0,1.0,1.0,1.0,1.0,0.85,0.016666666666666666,0.15,1.0,0.03333333333333333,0.03333333333333333,0.03333333333333333,0.03333333333333333,0.016666666666666666,0.8,0.55,0.08333333333333333,0.43333333333333335,0.03333333333333333,0.5666666666666667,0.03333333333333333,0.016666666666666666,0.08333333333333333,0.26666666666666666,0.23333333333333334,0.016666666666666666,0.11666666666666667,0.08333333333333333,0.016666666666666666,0.4,0.08333333333333333,0.3,0.3,0.06666666666666667,0.9833333333333333,0.9333333333333333,0.75,0.9666666666666667,0.9333333333333333,0.9166666666666666,0.8833333333333333,0.6833333333333333,0.85,0.6833333333333333,0.9333333333333333,1
2022-11-01,76483.0,100.9552,77.2186,-84760.0,1.41,19205.667,115.247,116.539,576356.0,10632.0,210750.0,6.918149466192171,28.11,6.805,1424.0,1.0941011235955056,2789.4296,21406.5,3.78,298.786,263.157,5.0,3.23904839,4.15,4.48,4.73,4.5,4.06,3.89,4.676818181818182,-0.61,-0.43,124.8527,1.0351966873706004,0.007020253431148865,1.1727,1.0192,0.7431076763022962,279.628,266.95,1726.4477272727272,84.37,508.386,6.478181818181818,4080.110107421875,11468.0,34589.76953125,27968.990234375,6738.5498046875,724.0999755859375,3684.97998046875,20453.30078125,18597.23046875,7573.10009765625,14397.0400390625,61.00601,56.7,0.29491725,0.4009385,-0.0005537674099664,-0.28907499999999997,-0.16525,116.7162857055664,143.0465545654297,98.68260955810547,147.65466666666669,195.66112328055692,81.30889157277751,23.29909090909091,0.4166666666666667,0.4,0.36666666666666664,0.016666666666666666,0.7833333333333333,0.18333333333333332,0.23333333333333334,0.85,0.4166666666666667,0.21666666666666667,0.4166666666666667,0.21666666666666667,0.75,0.9833333333333333,0.016666666666666666,0.9833333333333333,0.9,0.016666666666666666,1.0,0.8166666666666667,0.6666666666666666,0.9166666666666666,0.9,1.0,1.0,1.0,1.0,0.9833333333333333,0.9833333333333333,0.7833333333333333,0.016666666666666666,0.016666666666666666,0.9666666666666667,0.13333333333333333,0.05,0.08333333333333333,0.11666666666666667,0.03333333333333333,0.7166666666666667,0.3,0.13333333333333333,0.43333333333333335,0.18333333333333332,0.6166666666666667,0.08333333333333333,0.05,0.26666666666666666,0.43333333333333335,0.4,0.16666666666666666,0.23333333333333334,0.3,0.16666666666666666,0.7166666666666667,0.31666666666666665,0.31666666666666665,0.31666666666666665,0.31666666666666665,0.7333333333333333,0.7833333333333333,0.5,0.9166666666666666,0.75,0.6666666666666666,0.9333333333333333,0.5833333333333334,0.8666666666666667,0.6,0.7,1
2022-12-01,76113.0,99.7664,75.8688,-92925.0,1.43,19259.807,115.146,116.952,569119.0,10902.0,208200.0,7.521613832853026,28.22,6.364,1398.0,0.994277539341917,2798.0126,21291.0,4.1,298.832,257.897,4.3,2.86811918,4.25,4.55,4.68,4.29,3.76,3.62,4.5834782608695654,-0.67,-0.74,122.2343,1.07342206955775,0.007412085256769457,1.218,1.0591,0.736105999263894,275.639,247.614,1796.7416666666666,76.44,505.97,5.746818181818182,3839.5,10466.48046875,33147.25,26094.5,6473.759765625,689.010009765625,3701.169921875,19384.900390625,19781.41015625,7451.7001953125,13923.58984375,64.34143,59.8,0.24058799999999997,0.4535838,-0.0499466060875527,0.0015200000000000018,-0.2008,111.19593811035156,119.1385269165039,109.772216796875,132.44451612903225,163.29474339985205,16.20506893452441,21.784285714285716,0.38333333333333336,0.36666666666666664,0.18333333333333332,0.13333333333333333,0.9333333333333333,0.21666666666666667,0.2833333333333333,0.8,0.3333333333333333,0.21666666666666667,0.5833333333333334,0.4166666666666667,0.6833333333333333,0.95,0.016666666666666666,0.9166666666666666,0.8333333333333334,0.016666666666666666,1.0,0.7833333333333333,0.6333333333333333,0.7,0.85,1.0,1.0,0.9833333333333333,0.9666666666666667,0.9666666666666667,0.9666666666666667,0.75,0.016666666666666666,0.016666666666666666,0.7833333333333333,0.36666666666666664,0.11666666666666667,0.13333333333333333,0.26666666666666666,0.08333333333333333,0.6166666666666667,0.18333333333333332,0.43333333333333335,0.45,0.3333333333333333,0.6666666666666666,0.016666666666666666,0.016666666666666666,0.08333333333333333,0.11666666666666667,0.18333333333333332,0.05,0.16666666666666666,0.06666666666666667,0.23333333333333334,0.5,0.18333333333333332,0.3333333333333333,0.3333333333333333,0.1,0.8333333333333334,0.7166666666666667,0.7333333333333333,0.8833333333333333,0.6,0.21666666666666667,0.9,0.43333333333333335,0.4166666666666667,0.4166666666666667,0.5666666666666667,1
2023-01-01,75395.0,100.505,77.1602,-91071.0,1.4,19295.401,116.635,117.505,591964.0,10318.0,204500.0,7.843520782396088,28.31,6.2725,1418.0,0.9837799717912553,2811.8455,21279.4,4.33,300.42,260.227,3.9,2.6790161,4.54,4.67,4.69,4.21,3.64,3.53,4.365,-0.68,-1.16,119.8101,1.0821339681852613,0.007665919239540812,1.2237,1.0777,0.7450454477723141,275.574,238.789,1898.6285714285714,78.12,541.791,3.471363636363636,4076.60009765625,11584.5498046875,34086.0390625,27327.109375,7082.419921875,745.1900024414062,3860.530029296875,20767.400390625,21842.330078125,7771.7001953125,15128.26953125,69.82874,64.9,0.2596975,0.379159,-0.133109485062339,-0.371025,-0.27949999999999997,104.26704406738281,113.02135467529297,94.62993621826172,186.76645161290324,304.29045124963767,100.53236887153098,20.16904761904762,0.31666666666666665,0.43333333333333335,0.35,0.03333333333333333,0.6833333333333333,0.2833333333333333,0.5833333333333334,0.7833333333333333,0.5333333333333333,0.15,0.4,0.6166666666666667,0.6333333333333333,0.8833333333333333,0.016666666666666666,0.8666666666666667,0.8166666666666667,0.016666666666666666,1.0,0.7666666666666667,0.6166666666666667,0.6666666666666666,0.8166666666666667,1.0,1.0,0.9833333333333333,0.95,0.9333333333333333,0.95,0.6833333333333333,0.016666666666666666,0.016666666666666666,0.6833333333333333,0.48333333333333334,0.16666666666666666,0.13333333333333333,0.3333333333333333,0.06666666666666667,0.55,0.18333333333333332,0.48333333333333334,0.38333333333333336,0.45,0.21666666666666667,0.11666666666666667,0.11666666666666667,0.2,0.48333333333333334,0.4666666666666667,0.3333333333333333,0.43333333333333335,0.2833333333333333,0.4666666666666667,0.6166666666666667,0.4,0.5833333333333334,0.5833333333333334,0.18333333333333332,0.65,0.6833333333333333,0.38333333333333336,0.8333333333333334,0.16666666666666666,0.03333333333333333,0.8,0.7,0.6333333333333333,0.7,0.5333333333333333,1
2023-02-01,74193.0,100.6416,77.1498,-92171.0,1.41,19362.608,116.562,117.929,586165.0,9857.0,214750.0,7.6670547147846335,28.42,6.2575,1605.0,0.9514018691588785,2806.7126,21242.9,4.57,301.45,258.669,4.2,2.61308946,4.65,4.81,4.93,4.53,3.94,3.75,4.2005,-0.78,-1.04,120.3084,1.0801468999783972,0.0075161804574798395,1.2084,1.0702,0.7432733759476736,286.31,252.844,1854.5400000000002,76.83,537.343,2.438,3970.14990234375,11455.5400390625,32656.69921875,27445.560546875,7267.93017578125,752.9299926757812,3902.2099609375,20221.19921875,19785.939453125,7876.2998046875,15365.1396484375,71.98064,66.9,0.3079125,0.317408,-0.337373552849845,-0.46455,-0.2985,120.99437713623047,147.05015563964844,103.02875518798828,120.97035714285714,131.18717321082352,26.532556240330987,20.1205,0.26666666666666666,0.4,0.35,0.1,0.7666666666666667,0.31666666666666665,0.5666666666666667,0.75,0.31666666666666665,0.06666666666666667,0.65,0.5,0.6666666666666666,0.85,0.08333333333333333,0.85,0.8,0.016666666666666666,1.0,0.7333333333333333,0.4166666666666667,0.6833333333333333,0.7666666666666667,1.0,1.0,1.0,1.0,0.9666666666666667,0.9666666666666667,0.6333333333333333,0.016666666666666666,0.03333333333333333,0.7166666666666667,0.5333333333333333,0.16666666666666666,0.13333333333333333,0.3,0.13333333333333333,0.5,0.25,0.4,0.2833333333333333,0.4166666666666667,0.016666666666666666,0.13333333333333333,0.13333333333333333,0.2,0.5166666666666667,0.7166666666666667,0.55,0.6,0.23333333333333334,0.3333333333333333,0.7166666666666667,0.7166666666666667,0.9,0.9,0.38333333333333336,0.4,0.55,0.3,0.8,0.03333333333333333,0.016666666666666666,0.4666666666666667,0.3333333333333333,0.4666666666666667,0.23333333333333334,0.5333333333333333,1
2023-03-01,73852.0,101.0205,76.6104,-81937.0,1.43,19448.229,116.578,118.315,578812.0,9655.0,229000.0,7.350436681222708,28.56,6.544,1472.0,1.0278532608695652,2797.7693,20946.8,4.65,301.821,257.062,3.6,2.07325087,4.69,4.77,4.68,4.3,3.82,3.66,4.691304347826088,-0.64,-1.2,120.745,1.0804970286331712,0.007481429222312914,1.2138,1.0711,0.7308338814587444,262.233,229.384,1912.7304347826089,73.28,532.151,2.409130434782609,4109.31005859375,12221.91015625,33274.1484375,28041.48046875,7322.39013671875,756.1799926757812,3793.18994140625,20099.900390625,20400.109375,7631.7001953125,15628.83984375,66.70851,62.0,0.22176200000000001,0.4588412,0.995003988619932,0.11372,-0.1876,105.37997436523438,125.08584594726562,86.75404357910156,140.28096774193548,212.83521610994592,85.592664827516,21.644347826086957,0.21666666666666667,0.4,0.25,0.016666666666666666,0.9333333333333333,0.38333333333333336,0.4,0.7333333333333333,0.06666666666666667,0.05,0.8,0.31666666666666665,0.6666666666666666,0.8166666666666667,0.05,0.9666666666666667,0.7166666666666667,0.016666666666666666,1.0,0.6333333333333333,0.25,0.6333333333333333,0.6,1.0,0.9833333333333333,0.95,0.95,0.95,0.95,0.7833333333333333,0.06666666666666667,0.016666666666666666,0.6333333333333333,0.6,0.2,0.18333333333333332,0.5333333333333333,0.03333333333333333,0.08333333333333333,0.016666666666666666,0.3,0.06666666666666667,0.21666666666666667,0.016666666666666666,0.13333333333333333,0.16666666666666666,0.2,0.4666666666666667,0.7333333333333333,0.6,0.31666666666666665,0.08333333333333333,0.5166666666666667,0.48333333333333334,0.7166666666666667,0.85,0.85,0.05,0.8666666666666667,0.95,0.8833333333333333,0.9,0.016666666666666666,0.016666666666666666,0.016666666666666666,0.21666666666666667,0.38333333333333336,0.5166666666666667,0.5666666666666667,1
2023-04-01,74424.0,101.253,77.2433,-93950.0,1.42,19474.528,116.938,118.734,583874.0,9966.0,216400.0,7.929759704251387,28.7,6.342499999999999,1482.0,0.9379217273954116,2771.1753,20761.4,4.83,302.845,256.908,4.7,2.65083257,4.92,4.79,4.68,4.02,3.54,3.46,4.578571428571429,-0.56,-1.61,119.2451,1.1129660545353368,0.007492067773245076,1.2446,1.0962,0.7416196974191634,276.677,238.528,2000.4166666666667,79.45,525.987,2.1955,4169.47998046875,12226.580078125,34098.16015625,28856.439453125,7491.5,758.489990234375,3801.81005859375,20636.5,19894.5703125,7870.60009765625,15922.3798828125,68.53761,63.7,0.27683275,0.35783075,0.222873659775135,-0.38115,-0.175,106.80965423583984,118.16682434082031,93.2484130859375,138.75733333333335,161.57409073604097,46.17331264399524,17.817894736842106,0.2833333333333333,0.4166666666666667,0.4666666666666667,0.15,0.8166666666666667,0.4166666666666667,0.38333333333333336,0.7333333333333333,0.06666666666666667,0.08333333333333333,0.75,0.7,0.6,0.7666666666666667,0.06666666666666667,0.7833333333333333,0.5833333333333334,0.016666666666666666,1.0,0.65,0.1,0.7833333333333333,0.8,1.0,0.9833333333333333,0.95,0.9,0.8833333333333333,0.8833333333333333,0.7166666666666667,0.1,0.016666666666666666,0.38333333333333336,0.8333333333333334,0.31666666666666665,0.45,0.75,0.08333333333333333,0.08333333333333333,0.016666666666666666,0.5166666666666667,0.2,0.15,0.016666666666666666,0.3,0.26666666666666666,0.43333333333333335,0.6666666666666666,0.75,0.65,0.36666666666666664,0.36666666666666664,0.5833333333333334,0.6166666666666667,0.75,0.6333333333333333,0.6333333333333333,0.26666666666666666,0.5666666666666667,0.85,0.4,0.9,0.03333333333333333,0.06666666666666667,0.08333333333333333,0.45,0.4666666666666667,0.5166666666666667,0.35,1
2023-05-01,75363.0,100.9286,77.0575,-89397.0,1.42,19532.638,116.888,119.083,586286.0,9368.0,226000.0,7.630530973451328,28.78,6.425,1579.0,0.9537682077264091,2766.538,20829.7,5.06,303.334,253.67,4.2,2.65363857,5.14,5.03,4.91,4.13,3.59,3.57,4.688260869565218,-0.56,-1.74,119.6293,1.1139578923916675,0.007296436712167246,1.2484,1.0867,0.7398091292446549,262.913,230.669,1990.2175,71.58,509.353,2.315217391304348,4179.830078125,12935.2900390625,32908.26953125,30887.880859375,7098.7001953125,748.8599853515625,3536.7900390625,19572.19921875,18234.26953125,7446.10009765625,15664.01953125,63.48068,59.0,0.25937775,0.41385575,0.41079190924101,-0.401675,-0.209,108.46768188476562,122.47150421142578,92.75943756103516,190.45548387096773,263.02980135149863,90.05827837925025,17.63608695652174,0.3,0.4,0.3333333333333333,0.08333333333333333,0.8166666666666667,0.5666666666666667,0.4,0.7,0.11666666666666667,0.08333333333333333,0.8,0.5166666666666667,0.5166666666666667,0.7,0.15,0.8333333333333334,0.38333333333333336,0.03333333333333333,1.0,0.5833333333333334,0.03333333333333333,0.6666666666666666,0.8,1.0,1.0,0.9833333333333333,0.9,0.8833333333333333,0.9166666666666666,0.7666666666666667,0.11666666666666667,0.016666666666666666,0.2833333333333333,0.9666666666666667,0.31666666666666665,0.65,0.7833333333333333,0.21666666666666667,0.06666666666666667,0.016666666666666666,0.6,0.06666666666666667,0.21666666666666667,0.016666666666666666,0.31666666666666665,0.4166666666666667,0.3333333333333333,0.75,0.6833333333333333,0.6166666666666667,0.3,0.18333333333333332,0.26666666666666666,0.36666666666666664,0.7166666666666667,0.7833333333333333,0.7833333333333333,0.2,0.7,0.9,0.4,0.8166666666666667,0.21666666666666667,0.25,0.25,0.7833333333333333,0.5666666666666667,0.5333333333333333,0.3333333333333333,1
2023-06-01,74769.0,100.1196,76.4881,-88851.0,1.42,19553.713,117.256,119.39,588670.0,9180.0,250750.0,7.019940179461615,28.89,6.714,1447.0,1.0207325501036628,2756.0049,20799.3,5.08,304.014,253.86,3.3,1.36626254,5.16,5.19,5.24,4.64,3.95,3.75,4.294090909090909,-0.89,-1.67,119.2969,1.1106175033318526,0.00707423203905542,1.2627,1.084,0.7526719855486979,264.737,221.709,1942.9,70.25,513.803,2.479090909090909,4450.3798828125,13787.919921875,34407.6015625,33189.0390625,7400.06005859375,773.9400024414062,3543.179931640625,20155.30078125,18916.4296875,7531.5,16147.900390625,69.07558,64.2,0.4071384,0.27809300000000003,0.172906204057399,-0.6120599999999999,-0.22080000000000002,110.52894592285156,129.40652465820312,95.2789077758789,122.38633333333334,117.08579797413617,45.437647365036085,14.003181818181817,0.21666666666666667,0.36666666666666664,0.23333333333333334,0.16666666666666666,0.8166666666666667,0.7,0.5,0.6666666666666666,0.08333333333333333,0.1,0.8,0.25,0.48333333333333334,0.6666666666666666,0.11666666666666667,0.95,0.31666666666666665,0.05,1.0,0.5666666666666667,0.016666666666666666,0.5666666666666667,0.08333333333333333,1.0,1.0,1.0,1.0,0.9666666666666667,0.9666666666666667,0.6166666666666667,0.016666666666666666,0.03333333333333333,0.25,0.8833333333333333,0.35,0.7666666666666667,0.7833333333333333,0.35,0.06666666666666667,0.03333333333333333,0.5666666666666667,0.06666666666666667,0.3333333333333333,0.05,0.75,0.6333333333333333,0.7166666666666667,0.9,0.8166666666666667,0.7833333333333333,0.6166666666666667,0.65,0.35,0.65,0.9333333333333333,1.0,1.0,0.8833333333333333,0.23333333333333334,0.8166666666666667,0.18333333333333332,0.8,0.3,0.35,0.35,0.31666666666666665,0.2833333333333333,0.35,0.15,1
2023-07-01,75140.0,100.9067,76.7273,-88294.0,1.41,19596.868,117.816,119.556,589257.0,8657.0,235200.0,7.5561224489795915,29.01,6.84,1530.0,0.8751633986928105,2755.3515,20791.2,5.12,304.609,253.835,3.4,2.47431653,5.25,5.27,5.37,4.83,4.14,3.9,3.9371428571428573,-0.93,-1.59,118.0492,1.14639458901754,0.00709541919736618,1.2893,1.1067,0.7569449701006737,225.998,225.539,1948.8547619047617,76.07,509.161,2.643809523809524,4588.9599609375,14346.01953125,35559.53125,33172.21875,7497.77978515625,792.0,3776.610107421875,20626.599609375,20078.939453125,7699.39990234375,16446.830078125,76.92998,71.5,0.45913525,0.2399155,0.261861519779868,-0.734,-0.25925,107.44878387451172,123.80915069580078,91.76800537109375,101.65290322580644,129.8521739829882,6.467276665375605,13.932380952380951,0.26666666666666666,0.45,0.3,0.38333333333333336,0.7,0.5166666666666667,0.65,0.65,0.18333333333333332,0.03333333333333333,0.7833333333333333,0.48333333333333334,0.45,0.75,0.15,0.55,0.2833333333333333,0.05,1.0,0.5666666666666667,0.06666666666666667,0.5833333333333334,0.7,1.0,1.0,1.0,1.0,0.9833333333333333,0.9833333333333333,0.4,0.016666666666666666,0.06666666666666667,0.11666666666666667,1.0,0.45,0.9,0.9166666666666666,0.48333333333333334,0.05,0.16666666666666666,0.65,0.2,0.65,0.06666666666666667,0.55,0.5666666666666667,0.65,0.8333333333333334,0.7333333333333333,0.7,0.6666666666666666,0.6,0.75,0.6,0.85,1.0,1.0,0.9333333333333333,0.1,0.8333333333333334,0.08333333333333333,0.7666666666666667,0.45,0.4,0.4166666666666667,0.2,0.26666666666666666,0.06666666666666667,0.11666666666666667,1
2023-08-01,74387.0,100.8393,76.6542,-84221.0,1.4,19622.827,117.892,119.689,595191.0,9254.0,245000.0,7.374489795918367,29.06,7.072,1596.0,0.8521303258145363,2758.4104,20777.2,5.33,306.082,257.68,3.5,2.60696893,5.3,5.28,5.37,4.9,4.31,4.17,3.9030434782608694,-0.73,-1.39,119.8564,1.1385631333257429,0.006907012275142216,1.2706,1.091,0.7419498441905327,209.29,207.694,1920.025,81.39,499.785,2.648260869565217,4507.66015625,14034.9697265625,34721.91015625,32619.33984375,7316.7001953125,743.6199951171875,3665.969970703125,20292.599609375,18382.060546875,7439.10009765625,15947.080078125,74.67049,69.4,0.3898664,0.2948348,-0.23726970589883,-0.6683,-0.31925000000000003,101.14118194580078,117.60943603515625,83.60504913330078,97.61935483870967,135.35332886794686,31.831325105956555,15.85391304347826,0.15,0.4666666666666667,0.2833333333333333,0.3,0.5833333333333334,0.4666666666666667,0.48333333333333334,0.5666666666666667,0.25,0.25,0.7833333333333333,0.35,0.4166666666666667,0.8,0.4166666666666667,0.5,0.2833333333333333,0.06666666666666667,1.0,0.5666666666666667,0.11666666666666667,0.5833333333333334,0.7166666666666667,1.0,1.0,1.0,1.0,1.0,1.0,0.36666666666666664,0.06666666666666667,0.08333333333333333,0.21666666666666667,0.9333333333333333,0.31666666666666665,0.85,0.8833333333333333,0.3333333333333333,0.03333333333333333,0.11666666666666667,0.6166666666666667,0.4,0.6333333333333333,0.03333333333333333,0.6333333333333333,0.6,0.7333333333333333,0.7666666666666667,0.7833333333333333,0.7,0.6833333333333333,0.6333333333333333,0.5333333333333333,0.55,0.8666666666666667,0.95,0.95,0.8333333333333334,0.3,0.5333333333333333,0.18333333333333332,0.7,0.21666666666666667,0.26666666666666666,0.26666666666666666,0.26666666666666666,0.38333333333333336,0.23333333333333334,0.23333333333333334,1
2023-09-01,74534.0,101.0211,76.672,-83759.0,1.38,19628.768,118.043,120.058,598956.0,9259.0,218600.0,8.235132662397072,29.18,7.2,1530.0,0.9725490196078431,2760.7671,20747.8,5.33,307.276,258.934,3.2,2.81243484,5.32,5.31,5.44,5.02,4.49,4.38,3.889090909090909,-0.64,-1.18,121.6455,1.1116051578479325,0.006763840508640807,1.2381,1.0672,0.7390436774813391,192.563,196.866,1916.959523809524,89.43,500.308,2.70047619047619,4288.0498046875,13219.3203125,33507.5,31857.619140625,7135.06005859375,728.7899780273438,3553.010009765625,19541.30078125,17809.66015625,7608.10009765625,15386.580078125,72.94898,67.8,0.33924175,0.33589575,-0.322548551845495,-0.66606,-0.332,98.63481140136719,125.65179443359375,68.4659194946289,89.22933333333334,85.75083249284367,25.78583853503708,15.173333333333332,0.23333333333333334,0.4666666666666667,0.3,0.26666666666666666,0.48333333333333334,0.4166666666666667,0.5166666666666667,0.55,0.35,0.18333333333333332,0.7666666666666667,0.8333333333333334,0.4,0.6333333333333333,0.31666666666666665,0.8333333333333334,0.23333333333333334,0.11666666666666667,1.0,0.55,0.16666666666666666,0.5,0.8333333333333334,1.0,1.0,1.0,1.0,1.0,1.0,0.35,0.13333333333333333,0.11666666666666667,0.16666666666666666,0.85,0.4666666666666667,0.9333333333333333,0.9,0.5333333333333333,0.016666666666666666,0.08333333333333333,0.6833333333333333,0.5666666666666667,0.6166666666666667,0.08333333333333333,0.7666666666666667,0.6333333333333333,0.8,0.85,0.8,0.75,0.7,0.65,0.8166666666666667,0.7666666666666667,0.9333333333333333,0.9333333333333333,0.9333333333333333,0.5666666666666667,0.43333333333333335,0.45,0.18333333333333332,0.6833333333333333,0.18333333333333332,0.25,0.16666666666666666,0.25,0.13333333333333333,0.4,0.15,1
2023-10-01,74163.0,100.4689,76.2599,-87230.0,1.4,19689.563,118.361,120.241,595517.0,8580.0,210250.0,8.60998810939358,29.26,7.62,1524.0,0.9173228346456693,2771.2859,20732.9,5.33,307.696,255.192,4.2,2.76957367,5.34,5.33,5.42,5.07,4.77,4.8,4.3554545454545455,-0.27,-0.8,123.4971,1.1068068622025458,0.006684791364319124,1.2175,1.0565,0.7292882147024504,189.092,185.021,1913.0363636363638,85.64,494.233,3.166363636363636,4193.7998046875,12851.240234375,33052.87109375,30858.849609375,6885.64990234375,718.5999755859375,3356.760009765625,18873.5,17112.48046875,7321.7001953125,14810.33984375,68.64521,63.8,0.33362075,0.38964925,0.0116981822661792,-0.4089,-0.29325,197.8870086669922,205.04005432128906,221.80393981933594,140.10999999999999,185.53727777505966,33.34133130960348,18.887727272727272,0.18333333333333332,0.4,0.2,0.18333333333333332,0.5833333333333334,0.4666666666666667,0.5666666666666667,0.5166666666666667,0.2,0.13333333333333333,0.6833333333333333,0.9,0.35,0.5666666666666667,0.3,0.7166666666666667,0.21666666666666667,0.13333333333333333,1.0,0.5166666666666667,0.16666666666666666,0.6666666666666666,0.8166666666666667,1.0,1.0,0.9833333333333333,1.0,1.0,1.0,0.6166666666666667,0.25,0.16666666666666666,0.18333333333333332,0.9666666666666667,0.55,0.8666666666666667,0.85,0.65,0.03333333333333333,0.016666666666666666,0.7,0.5333333333333333,0.6333333333333333,0.13333333333333333,0.5,0.5666666666666667,0.36666666666666664,0.7,0.6333333333333333,0.6333333333333333,0.45,0.3,0.9333333333333333,0.5666666666666667,0.65,0.8166666666666667,0.8166666666666667,0.55,0.6333333333333333,0.7,0.38333333333333336,0.7166666666666667,0.7833333333333333,0.6833333333333333,0.8666666666666667,0.4666666666666667,0.31666666666666665,0.36666666666666664,0.4,1
2023-11-01,74284.0,100.8639,76.5305,-88444.0,1.4,19785.645,118.783,120.374,593567.0,8602.0,218000.0,8.261467889908257,29.37,7.442,1513.0,0.9603436880370125,2762.7952,20746.5,5.33,308.148,252.856,4.5,2.7911957,5.27,5.24,5.28,4.88,4.49,4.5,3.985909090909091,-0.38,-1.02,121.2221,1.1233430689732644,0.0066809639294757445,1.2437,1.0819,0.7295542423579193,188.152,182.744,1985.2727272727273,77.69,505.44,3.055454545454545,4567.7998046875,14226.2197265625,35950.890625,33486.890625,7310.77001953125,765.0399780273438,3529.02001953125,20236.30078125,17042.880859375,7453.7998046875,16215.4296875,65.95535,61.3,0.4095074,0.2976302,-0.287572563301732,-0.671975,-0.3065,156.69613647460938,143.49435424804688,189.5543975830078,114.53366666666668,132.07113577462442,17.44639499780336,14.01909090909091,0.31666666666666665,0.55,0.2833333333333333,0.5333333333333333,0.5833333333333334,0.5833333333333334,0.7333333333333333,0.5,0.31666666666666665,0.1,0.6666666666666666,0.8166666666666667,0.3333333333333333,0.5666666666666667,0.6166666666666667,0.8166666666666667,0.21666666666666667,0.15,1.0,0.5,0.13333333333333333,0.6833333333333333,0.8166666666666667,0.95,0.9333333333333333,0.9333333333333333,0.95,0.9833333333333333,0.9833333333333333,0.4166666666666667,0.21666666666666667,0.16666666666666666,0.21666666666666667,0.85,0.38333333333333336,0.8166666666666667,0.75,0.4666666666666667,0.05,0.05,0.7,0.48333333333333334,0.5333333333333333,0.11666666666666667,0.5666666666666667,0.6166666666666667,0.5,0.8166666666666667,0.5666666666666667,0.6,0.55,0.35,0.48333333333333334,0.38333333333333336,0.6666666666666666,0.85,0.85,0.8666666666666667,0.31666666666666665,0.48333333333333334,0.15,0.6833333333333333,0.7166666666666667,0.5166666666666667,0.8333333333333334,0.25,0.25,0.25,0.13333333333333333,1
2023-12-01,74073.0,100.6031,76.4545,-88171.0,1.4,19847.006,119.267,120.592,594256.0,8520.0,207800.0,8.644850818094321,29.47,6.815,1501.0,1.0359760159893405,2760.5797,20777.9,5.33,308.741,249.866,3.1,3.09166499,5.24,5.12,4.96,4.46,4.0,4.02,3.565909090909091,-0.44,-1.42,119.8331,1.1563367252543941,0.00694533672728788,1.2657,1.0909,0.7453786523553966,189.156,187.293,2029.291176470588,71.9,514.208,2.534761904761905,4769.830078125,15011.349609375,37689.5390625,33464.171875,7543.18017578125,786.8200073242188,3707.77001953125,20958.400390625,17047.390625,7733.2001953125,16751.640625,74.99328,69.7,0.49465625,0.23170625,-0.32839729611229,-0.4979,-0.3504,142.2794647216797,136.1783905029297,173.96380615234375,128.02548387096775,194.90526800990017,18.736143852639124,12.7185,0.3333333333333333,0.6333333333333333,0.25,0.31666666666666665,0.5833333333333334,0.6,0.7833333333333333,0.4666666666666667,0.4666666666666667,0.06666666666666667,0.5666666666666667,0.9,0.31666666666666665,0.55,0.6166666666666667,0.9666666666666667,0.21666666666666667,0.16666666666666666,1.0,0.5333333333333333,0.23333333333333334,0.43333333333333335,0.8833333333333333,0.9166666666666666,0.9,0.9,0.8666666666666667,0.8833333333333333,0.9333333333333333,0.21666666666666667,0.2,0.08333333333333333,0.2833333333333333,0.7833333333333333,0.3333333333333333,0.7166666666666667,0.7333333333333333,0.7666666666666667,0.06666666666666667,0.13333333333333333,0.6,0.5166666666666667,0.5666666666666667,0.11666666666666667,0.8,0.8833333333333333,0.7666666666666667,0.9166666666666666,0.7166666666666667,0.75,0.6333333333333333,0.6833333333333333,0.3333333333333333,0.5833333333333334,0.8,0.9333333333333333,0.9333333333333333,0.9833333333333333,0.06666666666666667,0.43333333333333335,0.31666666666666665,0.6333333333333333,0.7,0.6833333333333333,0.7833333333333333,0.45,0.5,0.65,0.03333333333333333,1
2024-01-01,73668.0,99.2223,75.2859,-92640.0,1.41,19932.436,118.833,121.217,588944.0,8378.0,211500.0,8.40307328605201,29.61,6.6425,1548.0,0.9722222222222222,2758.8444,20843.9,5.33,309.698,251.306,2.9,2.41863256,5.22,5.02,4.79,4.32,3.98,4.06,3.539130434782609,-0.26,-1.39,120.2274,1.1640088464672331,0.006835536312761331,1.2701,1.0899,0.7449899426357743,180.566,182.043,2034.040909090909,74.15,508.721,2.720434782608696,4845.64990234375,15164.009765625,38150.30078125,36286.7109375,7656.75,818.2100219726562,3662.9599609375,21021.900390625,15485.0703125,7630.60009765625,16903.759765625,84.99955,79.0,0.441985,0.2513035,-0.351270347278025,-0.725575,-0.387,160.3736572265625,140.83609008789062,208.4711456298828,143.06548387096774,109.58172655813512,45.1614120872313,13.388636363636364,0.38333333333333336,0.35,0.15,0.5,0.7,0.6833333333333333,0.3333333333333333,0.48333333333333334,0.06666666666666667,0.13333333333333333,0.65,0.8333333333333334,0.36666666666666664,0.55,0.7,0.8166666666666667,0.2,0.2,1.0,0.4666666666666667,0.2,0.3333333333333333,0.5833333333333334,0.9,0.8666666666666667,0.85,0.8333333333333334,0.8666666666666667,0.9333333333333333,0.2,0.3,0.11666666666666667,0.43333333333333335,0.7666666666666667,0.21666666666666667,0.7,0.6333333333333333,0.65,0.03333333333333333,0.15,0.48333333333333334,0.5166666666666667,0.23333333333333334,0.38333333333333336,0.7166666666666667,0.7333333333333333,0.7333333333333333,0.95,0.5333333333333333,0.6666666666666666,0.45,0.48333333333333334,0.05,0.35,0.6,0.95,0.95,0.9,0.16666666666666666,0.36666666666666664,0.13333333333333333,0.5833333333333334,0.8333333333333334,0.7166666666666667,0.8666666666666667,0.25,0.08333333333333333,0.4166666666666667,0.08333333333333333,1
2024-02-01,73969.0,100.285,76.2145,-92390.0,1.4,19963.623,119.356,121.537,593206.0,8440.0,210000.0,8.540476190476191,29.66,6.776000000000001,1570.0,1.0777070063694267,2766.1063,20927.4,5.33,310.967,254.926,3.0,2.42832804,5.24,5.09,4.92,4.54,4.19,4.21,3.3600000000000003,-0.33,-1.23,121.0659,1.1401208528103979,0.006683821809310563,1.263,1.0793,0.7407407407407407,171.503,172.571,2023.2380952380952,77.25,507.786,1.793333333333333,5096.27001953125,16091.919921875,38996.390625,39166.19140625,7927.43017578125,848.4400024414062,3661.419921875,21363.599609375,16511.439453125,7630.0,17678.189453125,82.74007,76.9,0.4620748,0.2428122,-0.468173256996969,-0.666775,-0.41525,146.59817504882812,140.2446746826172,171.18118286132812,133.40724137931034,126.41632458302975,220.06777017427746,13.980476190476189,0.5166666666666667,0.48333333333333334,0.21666666666666667,0.45,0.6,0.6166666666666667,0.5166666666666667,0.43333333333333335,0.15,0.25,0.4666666666666667,0.8666666666666667,0.2833333333333333,0.5833333333333334,0.3333333333333333,0.9666666666666667,0.23333333333333334,0.23333333333333334,1.0,0.48333333333333334,0.4,0.38333333333333336,0.5833333333333334,0.9166666666666666,0.8833333333333333,0.8666666666666667,0.9,0.9333333333333333,0.95,0.18333333333333332,0.2833333333333333,0.13333333333333333,0.45,0.7,0.21666666666666667,0.7333333333333333,0.6166666666666667,0.5666666666666667,0.016666666666666666,0.03333333333333333,0.55,0.5666666666666667,0.26666666666666666,0.35,0.85,0.8166666666666667,0.8333333333333334,0.9833333333333333,0.55,0.7,0.36666666666666664,0.6166666666666667,0.23333333333333334,0.23333333333333334,0.6833333333333333,0.8833333333333333,0.8833333333333333,0.9333333333333333,0.11666666666666667,0.25,0.21666666666666667,0.55,0.65,0.48333333333333334,0.7833333333333333,0.6166666666666667,0.36666666666666664,1.0,0.15,1
2024-03-01,73986.0,100.4575,76.2676,-93122.0,1.4,19992.037,119.756,122.009,595969.0,8206.0,215200.0,8.359665427509293,29.78,6.82,1477.0,1.012186865267434,2751.3694,20973.9,5.33,312.345,255.095,2.9,2.08221333,5.24,5.11,4.99,4.59,4.2,4.21,3.1777272727272727,-0.38,-1.26,120.6588,1.1253657438667568,0.0066747386506081354,1.2713,1.087,0.7387706855791962,173.95,171.193,2158.0125,81.28,532.615,1.747142857142857,5254.35009765625,16379.4599609375,39807.37109375,40369.44140625,8205.8095703125,881.780029296875,3845.6298828125,22167.0,16541.419921875,7952.60009765625,18492.490234375,85.42993,79.4,0.47708525,0.233226,-0.480247802242833,-0.8753,-0.43579999999999997,133.21316528320312,121.53968048095703,151.81399536132812,112.76225806451613,79.92754169902783,44.78382596012705,13.7875,0.5333333333333333,0.45,0.25,0.6833333333333333,0.6,0.5166666666666667,0.6,0.45,0.3,0.23333333333333334,0.38333333333333336,0.8166666666666667,0.26666666666666666,0.5166666666666667,0.35,0.9,0.23333333333333334,0.26666666666666666,1.0,0.5333333333333333,0.48333333333333334,0.31666666666666665,0.5166666666666667,0.9166666666666666,0.8833333333333333,0.9,0.9,0.9333333333333333,0.95,0.08333333333333333,0.25,0.13333333333333333,0.4,0.6,0.25,0.75,0.65,0.7333333333333333,0.06666666666666667,0.15,0.5833333333333334,0.6333333333333333,0.5166666666666667,0.31666666666666665,0.8166666666666667,0.75,0.8333333333333334,0.9833333333333333,0.6333333333333333,0.7666666666666667,0.65,0.7166666666666667,0.2,0.6,0.7666666666666667,0.9666666666666667,0.9666666666666667,0.9666666666666667,0.1,0.23333333333333334,0.016666666666666666,0.5333333333333333,0.6666666666666666,0.5,0.7833333333333333,0.2833333333333333,0.11666666666666667,0.48333333333333334,0.11666666666666667,1
2024-04-01,74040.0,100.2434,75.805,-98957.0,1.4,20018.113,119.974,122.304,595676.0,7529.0,210250.0,8.483947681331747,29.85,6.9925,1456.0,1.1366758241758241,2749.301,20959.7,5.33,313.023,256.978,3.2,2.70436687,5.24,5.15,5.14,4.87,4.56,4.54,3.227272727272727,-0.33,-0.9,122.1428,1.0990218705352237,0.006498148027812074,1.2517,1.0724,0.7313149041977476,173.929,167.668,2335.4904761904763,85.35,552.322,1.786818181818182,5035.68994140625,15657.8203125,37815.921875,38405.66015625,7984.93017578125,878.8300170898438,3883.260009765625,21714.5,17763.029296875,8144.10009765625,17932.169921875,83.06285,77.2,0.402845,0.28540350000000003,-0.467491889948593,-0.7228749999999999,-0.41925,163.9473419189453,170.697998046875,165.99069213867188,119.90033333333332,148.00266684663876,46.12796575022687,16.137727272727275,0.5166666666666667,0.36666666666666664,0.2,0.55,0.6166666666666667,0.5166666666666667,0.5833333333333334,0.4,0.2,0.05,0.45,0.85,0.23333333333333334,0.6,0.31666666666666665,1.0,0.3,0.3,1.0,0.5166666666666667,0.5333333333333333,0.4666666666666667,0.7666666666666667,0.9166666666666666,0.9,0.9,0.9333333333333333,0.9833333333333333,0.9833333333333333,0.13333333333333333,0.31666666666666665,0.25,0.6,0.23333333333333334,0.18333333333333332,0.5166666666666667,0.5166666666666667,0.4666666666666667,0.03333333333333333,0.1,0.7,0.6,0.6333333333333333,0.45,0.7333333333333333,0.65,0.6666666666666666,0.9166666666666666,0.4666666666666667,0.75,0.65,0.6,0.4666666666666667,0.5333333333333333,0.6,0.9166666666666666,0.9166666666666666,0.75,0.31666666666666665,0.26666666666666666,0.16666666666666666,0.5333333333333333,0.8166666666666667,0.7833333333333333,0.7833333333333333,0.35,0.38333333333333336,0.6166666666666667,0.2833333333333333,1
2024-05-01,73137.0,100.863,76.1923,-100630.0,1.41,20111.997,120.53,122.383,600372.0,7782.0,222000.0,8.102477477477477,29.97,7.06,1405.0,1.101779359430605,2758.6482,21020.7,5.33,313.175,255.313,3.3,2.93566763,5.25,5.17,5.16,4.86,4.5,4.48,3.11695652173913,-0.38,-0.97,121.8583,1.1003521126760563,0.006415639790054603,1.2636,1.081,0.7316894709885124,186.974,198.355,2352.140476190476,80.02,595.757,2.419130434782609,5277.509765625,16735.01953125,38686.3203125,38487.8984375,7992.8701171875,903.6099853515625,3918.090087890625,22269.099609375,18079.609375,8275.400390625,18497.939453125,74.34771,69.1,0.412493,0.265171,-0.715304585401794,-0.89308,-0.4128,130.52186584472656,131.44712829589844,133.154296875,91.20129032258063,77.48343912268646,128.79600085457486,13.058695652173913,0.31666666666666665,0.6166666666666667,0.23333333333333334,0.65,0.7,0.6,0.7166666666666667,0.38333333333333336,0.25,0.21666666666666667,0.5,0.6833333333333333,0.23333333333333334,0.5833333333333334,0.15,0.9833333333333333,0.31666666666666665,0.3,1.0,0.45,0.55,0.5,0.85,0.9333333333333333,0.9,0.9,0.9166666666666666,0.9666666666666667,0.95,0.016666666666666666,0.26666666666666666,0.25,0.5666666666666667,0.23333333333333334,0.2,0.5166666666666667,0.55,0.48333333333333334,0.15,0.26666666666666666,0.7,0.6333333333333333,0.75,0.5333333333333333,0.7833333333333333,0.65,0.7833333333333333,0.7666666666666667,0.65,0.8,0.7666666666666667,0.7666666666666667,0.7166666666666667,0.7666666666666667,0.75,0.8833333333333333,0.8833333333333333,0.8,0.21666666666666667,0.1,0.016666666666666666,0.55,0.5833333333333334,0.5833333333333334,0.6333333333333333,0.13333333333333333,0.06666666666666667,0.7166666666666667,0.05,1
2024-06-01,73544.0,100.894,76.006,-99563.0,1.41,20158.9,120.87,122.677,599979.0,7416.0,234800.0,7.8407155025553665,30.07,6.9175,1459.0,1.1782042494859493,2765.4932,21068.4,5.33,313.044,255.914,3.0,2.7258402,5.24,5.15,5.11,4.74,4.32,4.31,3.2,-0.43,-1.2,123.7095,1.1188185276348175,0.006334726973267452,1.2716,1.0763,0.7296607077708865,182.381,178.962,2326.3325,79.77,577.898,2.8195,5460.47998046875,17732.599609375,39118.859375,39583.078125,7479.39990234375,923.8499755859375,3887.239990234375,21875.80078125,17718.609375,8164.10009765625,18235.44921875,73.37936,68.2,0.431066,0.27128875,-0.630842189192353,-0.843475,-0.39275000000000004,113.0927963256836,125.71302795410156,109.73841094970703,86.59966666666666,38.87652354653526,66.36861949850311,12.667,0.4666666666666667,0.65,0.23333333333333334,0.6333333333333333,0.7166666666666667,0.6666666666666666,0.7,0.36666666666666664,0.2,0.13333333333333333,0.38333333333333336,0.5833333333333334,0.21666666666666667,0.4666666666666667,0.38333333333333336,1.0,0.35,0.3333333333333333,1.0,0.36666666666666664,0.5666666666666667,0.35,0.75,0.9,0.8833333333333333,0.8666666666666667,0.8833333333333333,0.9166666666666666,0.9166666666666666,0.11666666666666667,0.21666666666666667,0.18333333333333332,0.75,0.43333333333333335,0.3,0.5,0.5166666666666667,0.3,0.15,0.23333333333333334,0.7333333333333333,0.65,0.6833333333333333,0.6,0.7333333333333333,0.6333333333333333,0.7,0.6833333333333333,0.35,0.7833333333333333,0.75,0.65,0.6,0.7333333333333333,0.6,0.6833333333333333,0.6833333333333333,0.8333333333333334,0.25,0.16666666666666666,0.05,0.55,0.5,0.4666666666666667,0.48333333333333334,0.23333333333333334,0.1,0.7333333333333333,0.03333333333333333,1
2024-07-01,73430.0,99.9757,75.3409,-104350.0,1.4,20164.512,121.317,122.911,605814.0,7426.0,237250.0,7.856691253951528,30.16,6.8475,1448.0,1.1422651933701657,2760.4065,21095.3,5.33,313.569,257.321,2.9,2.55564431,5.2,5.01,4.9,4.5,4.16,4.25,3.1552173913043475,-0.25,-1.18,123.3824,1.12145340361108,0.006348472747911035,1.287,1.0847,0.729181857955374,161.805,159.235,2395.3065217391304,81.8,575.773,2.215217391304348,5522.2998046875,17599.400390625,40842.7890625,39101.8203125,7531.490234375,920.6199951171875,4130.2001953125,23110.80078125,17344.599609375,8368.0,18508.650390625,71.44266,66.4,0.46710025,0.2574645,-0.324749070120836,-0.734675,-0.36875,92.3948745727539,95.1602783203125,95.11029815673828,144.071935483871,77.35734422639202,161.21280124080587,14.373913043478263,0.4,0.36666666666666664,0.18333333333333332,0.7833333333333333,0.6333333333333333,0.5833333333333334,0.65,0.38333333333333336,0.3,0.35,0.5833333333333334,0.6,0.18333333333333332,0.43333333333333335,0.25,0.9833333333333333,0.35,0.36666666666666664,1.0,0.35,0.5666666666666667,0.26666666666666666,0.5833333333333334,0.8,0.7666666666666667,0.7666666666666667,0.8,0.8333333333333334,0.9,0.06666666666666667,0.4,0.21666666666666667,0.8,0.21666666666666667,0.3,0.43333333333333335,0.48333333333333334,0.25,0.18333333333333332,0.11666666666666667,0.8,0.5833333333333334,0.7,0.4666666666666667,0.6833333333333333,0.48333333333333334,0.7166666666666667,0.6333333333333333,0.3333333333333333,0.7166666666666667,0.7333333333333333,0.7333333333333333,0.38333333333333336,0.7333333333333333,0.55,0.48333333333333334,0.48333333333333334,0.9333333333333333,0.21666666666666667,0.45,0.13333333333333333,0.5833333333333334,0.2833333333333333,0.2833333333333333,0.43333333333333335,0.7666666666666667,0.25,1.0,0.21666666666666667,1
2024-08-01,73738.0,100.4309,75.6471,-97117.0,1.41,20189.814,121.482,123.128,603601.0,7520.0,230600.0,8.04163052905464,30.27,6.5,1492.0,1.1615281501340482,2766.5074,21186.8,5.33,314.062,255.463,2.8,2.3470594,5.05,4.74,4.43,3.97,3.71,3.87,3.3660869565217393,-0.1,-1.43,122.6137,1.1656370206317752,0.006836947685727393,1.2945,1.102,0.7323324789454413,154.168,151.306,2467.9666666666667,76.68,544.967,2.095,5648.39990234375,17713.619140625,41563.078125,38647.75,7630.9501953125,918.6599731445312,4184.39990234375,23346.19921875,17989.0703125,8376.599609375,18906.919921875,73.05658,67.9,0.4614756,0.28434020000000004,-0.407720217179276,-0.5058199999999999,-0.37320000000000003,140.97506713867188,124.80498504638672,165.17947387695312,104.58612903225807,116.40404612317293,221.59175922425402,19.312272727272727,0.5166666666666667,0.43333333333333335,0.2,0.7166666666666667,0.75,0.5666666666666667,0.6666666666666666,0.38333333333333336,0.16666666666666666,0.2,0.4166666666666667,0.65,0.23333333333333334,0.35,0.25,0.9833333333333333,0.36666666666666664,0.38333333333333336,1.0,0.31666666666666665,0.43333333333333335,0.21666666666666667,0.48333333333333334,0.75,0.7,0.65,0.6333333333333333,0.6833333333333333,0.75,0.2833333333333333,0.43333333333333335,0.08333333333333333,0.5833333333333334,0.5166666666666667,0.6833333333333333,0.5333333333333333,0.6,0.48333333333333334,0.21666666666666667,0.16666666666666666,0.9333333333333333,0.4166666666666667,0.6166666666666667,0.4166666666666667,0.75,0.5666666666666667,0.8333333333333334,0.65,0.43333333333333335,0.8166666666666667,0.8333333333333334,0.7666666666666667,0.6833333333333333,0.8,0.7666666666666667,0.6,0.6,0.8833333333333333,0.36666666666666664,0.3,0.4,0.5666666666666667,0.7666666666666667,0.55,0.85,0.6,0.4,0.9666666666666667,0.4666666666666667,1
2024-09-01,74487.0,99.8084,75.1957,-107722.0,1.4,20216.213,122.1,123.466,608774.0,6943.0,224500.0,8.17260579064588,30.39,6.18,1421.0,1.1928219563687543,2777.8894,21269.5,5.13,314.732,252.682,2.7,2.23612091,4.72,4.42,4.03,3.62,3.5,3.72,3.258095238095238,0.1,-1.2,121.8849,1.1803588290840417,0.006995257215607818,1.3219,1.1104,0.7382253063635021,156.983,158.119,2567.1238095238095,70.24,552.405,2.400952380952381,5762.47998046875,18189.169921875,42330.1484375,37919.55078125,7635.75,910.1199951171875,4299.7099609375,24000.400390625,21133.6796875,8237.0,19324.9296875,75.42365,70.1,0.46393449999999997,0.26488175,-0.450690690759134,-0.353275,-0.417,130.35877990722656,134.03704833984375,135.5546112060547,100.904,116.13247715644323,94.88403949672158,17.663333333333334,0.55,0.31666666666666665,0.15,0.9333333333333333,0.65,0.6166666666666667,0.75,0.36666666666666664,0.18333333333333332,0.05,0.6333333333333333,0.7166666666666667,0.21666666666666667,0.3,0.23333333333333334,1.0,0.43333333333333335,0.4,0.7833333333333333,0.2833333333333333,0.3,0.18333333333333332,0.45,0.7166666666666667,0.6333333333333333,0.6166666666666667,0.6,0.6,0.7,0.2,0.45,0.21666666666666667,0.43333333333333335,0.7166666666666667,0.8833333333333333,0.8333333333333334,0.7333333333333333,0.6333333333333333,0.3,0.25,1.0,0.2833333333333333,0.65,0.48333333333333334,0.9166666666666666,0.7833333333333333,0.9,0.65,0.45,0.8333333333333334,0.85,0.8666666666666667,0.9666666666666667,0.6666666666666666,0.8666666666666667,0.65,0.65,0.9166666666666666,0.23333333333333334,0.3,0.5833333333333334,0.4666666666666667,0.6666666666666666,0.5666666666666667,0.85,0.7,0.65,0.9166666666666666,0.38333333333333336,1
2024-10-01,73440.0,99.4695,74.6339,-100088.0,1.41,20263.282,122.25,123.832,612772.0,7379.0,236250.0,7.915343915343915,30.48,6.428,1435.0,1.1519163763066202,2784.707,21331.9,4.83,315.631,253.081,2.7,2.25612841,4.51,4.3,4.2,3.97,3.91,4.1,2.930434782608696,0.13,-0.62,123.5953,1.1610356437942646,0.006671519084881071,1.3043,1.0895,0.7269026677327907,153.88,162.389,2690.0782608695654,71.99,569.587,2.574782608695652,5705.4501953125,18095.150390625,41763.4609375,39081.25,7350.3701171875,874.1799926757812,4214.0498046875,24156.900390625,20317.330078125,8110.10009765625,19077.5390625,75.85403,70.5,0.4342216,0.26804839999999996,-0.399037334989902,-0.5276,-0.43875,130.689208984375,128.40969848632812,142.81838989257812,117.2658064516129,81.56482125028107,194.75613686819582,19.960869565217394,0.48333333333333334,0.3333333333333333,0.15,0.6833333333333333,0.7833333333333333,0.6,0.7166666666666667,0.38333333333333336,0.3333333333333333,0.4,0.7666666666666667,0.5666666666666667,0.23333333333333334,0.2833333333333333,0.2833333333333333,0.95,0.43333333333333335,0.43333333333333335,0.7166666666666667,0.2833333333333333,0.43333333333333335,0.18333333333333332,0.4666666666666667,0.65,0.6166666666666667,0.6166666666666667,0.6333333333333333,0.7166666666666667,0.8333333333333334,0.016666666666666666,0.4666666666666667,0.38333333333333336,0.43333333333333335,0.6333333333333333,0.7333333333333333,0.85,0.7166666666666667,0.55,0.3,0.31666666666666665,1.0,0.3,0.7333333333333333,0.4166666666666667,0.9166666666666666,0.8333333333333334,0.9,0.8166666666666667,0.45,0.7833333333333333,0.8833333333333333,0.9166666666666666,0.9666666666666667,0.7333333333333333,0.9333333333333333,0.7833333333333333,0.7833333333333333,0.7833333333333333,0.26666666666666666,0.3333333333333333,0.38333333333333336,0.4166666666666667,0.11666666666666667,0.13333333333333333,0.15,0.38333333333333336,0.18333333333333332,0.9333333333333333,0.5166666666666667,1
2024-11-01,74311.0,99.2925,74.7343,-106002.0,1.4,20316.65,122.639,123.962,616344.0,7566.0,219200.0,8.548357664233576,30.56,6.805,1512.0,1.0595238095238095,2787.6588,21452.2,4.64,316.528,253.211,2.6,2.4316758,4.42,4.31,4.33,4.26,4.23,4.36,2.6963636363636363,0.1,-0.26,126.3113,1.13520263367011,0.006505647552640447,1.2738,1.0621,0.7156659271452086,170.315,155.613,2650.6833333333334,69.95,557.927,2.992380952380952,6032.3798828125,19218.169921875,44910.6484375,38208.03125,7235.10986328125,881.72998046875,4227.31005859375,25648.0,19423.609375,8287.2998046875,19626.44921875,77.25275,71.8,0.424326,0.319484,-0.446857186198649,-0.5761000000000001,-0.4648,128.90164184570312,139.14866638183594,127.42887115478516,232.69233333333335,215.12402782810634,1401.6795495949611,16.015238095238097,0.55,0.25,0.16666666666666666,0.8,0.6666666666666666,0.5166666666666667,0.6833333333333333,0.36666666666666664,0.38333333333333336,0.4166666666666667,0.5666666666666667,0.8666666666666667,0.15,0.31666666666666665,0.4,0.8333333333333334,0.5,0.45,0.6666666666666666,0.3333333333333333,0.5,0.15,0.5166666666666667,0.6333333333333333,0.6166666666666667,0.6166666666666667,0.6833333333333333,0.8833333333333333,0.9166666666666666,0.016666666666666666,0.4666666666666667,0.4166666666666667,0.7833333333333333,0.43333333333333335,0.6166666666666667,0.5333333333333333,0.43333333333333335,0.4,0.43333333333333335,0.2833333333333333,0.95,0.3333333333333333,0.6166666666666667,0.5,0.8666666666666667,0.7166666666666667,0.8666666666666667,0.5333333333333333,0.3,0.6333333333333333,0.8166666666666667,0.9,0.8833333333333333,0.75,0.7666666666666667,0.8833333333333333,0.8833333333333333,0.75,0.48333333333333334,0.3,0.36666666666666664,0.38333333333333336,0.2833333333333333,0.4666666666666667,0.2,0.8666666666666667,0.7,1.0,0.25,1
2024-12-01,74595.0,100.3273,74.9627,-122822.0,1.39,20338.298,123.512,124.196,621713.0,7295.0,222750.0,8.358024691358025,30.66,6.715,1467.0,1.040218132242672,2765.6634,21485.9,4.48,317.604,253.423,2.8,2.65035634,4.27,4.19,4.23,4.23,4.25,4.39,2.76,0.16,0.0,127.5758,1.1215791834903546,0.006501346103710773,1.2647,1.0472,0.7019021548396153,178.022,159.348,2644.0666666666666,70.12,545.116,3.450909090909091,5881.6298828125,19310.7890625,42544.21875,39894.5390625,7380.740234375,878.6300048828125,4264.52978515625,24727.900390625,20059.94921875,8173.0,19909.140625,79.61983,74.0,0.4254645,0.31977075,-0.761579101308401,-0.5551999999999999,-0.48,142.36643981933594,128.26246643066406,164.81373596191406,184.91806451612902,155.29582480476998,1319.005943955016,15.866190476190477,0.5833333333333334,0.5,0.18333333333333332,0.9833333333333333,0.5,0.45,0.7666666666666667,0.38333333333333336,0.5,0.35,0.7,0.7666666666666667,0.13333333333333333,0.4166666666666667,0.36666666666666664,0.8166666666666667,0.36666666666666664,0.4666666666666667,0.6333333333333333,0.3333333333333333,0.5666666666666667,0.21666666666666667,0.65,0.6166666666666667,0.5833333333333334,0.6,0.6666666666666666,0.8833333333333333,0.9333333333333333,0.03333333333333333,0.5166666666666667,0.45,0.8666666666666667,0.16666666666666666,0.45,0.4,0.26666666666666666,0.1,0.45,0.2833333333333333,0.8833333333333333,0.4666666666666667,0.5166666666666667,0.65,0.6833333333333333,0.6,0.6,0.65,0.3,0.55,0.8,0.7666666666666667,0.9166666666666666,0.6,0.7333333333333333,0.6333333333333333,0.6333333333333333,0.75,0.48333333333333334,0.03333333333333333,0.38333333333333336,0.35,0.4666666666666667,0.4166666666666667,0.4,0.8,0.35,0.9833333333333333,0.23333333333333334,1
2025-01-01,75971.0,100.0647,74.6327,-155620.0,1.4,20388.396,122.767,124.587,615145.0,7431.0,215000.0,8.68720930232558,30.79,6.958,1463.0,1.1264524948735475,2664.302,21548.1,4.33,318.961,257.36,3.3,2.62695841,4.21,4.15,4.18,4.27,4.43,4.63,2.7291304347826086,0.36,0.29,128.8369,1.0993843447669305,0.00639051545258589,1.2354,1.0356,0.6949753283758426,185.56,159.054,2709.6886363636363,75.74,562.64,3.730434782608696,6040.52978515625,19627.439453125,44544.66015625,39572.48828125,7950.169921875,921.9400024414062,4326.0498046875,25533.099609375,20225.109375,8674.0,21732.05078125,77.14516,71.7,0.359863,0.3511578,-0.780794333589042,-0.7945800000000001,-0.49939999999999996,113.233154296875,117.08644104003906,109.50493621826172,252.38225806451615,222.12527252967922,1725.7096538661765,16.763636363636365,0.6,0.6666666666666666,0.15,1.0,0.7,0.35,0.75,0.2833333333333333,0.4666666666666667,0.45,0.6,0.9,0.1,0.48333333333333334,0.3,0.9,0.16666666666666666,0.45,0.6166666666666667,0.36666666666666664,0.5833333333333334,0.5,0.6166666666666667,0.5833333333333334,0.55,0.5666666666666667,0.6833333333333333,0.9166666666666666,0.9833333333333333,0.03333333333333333,0.6,0.5,0.8666666666666667,0.06666666666666667,0.45,0.3,0.25,0.05,0.5,0.35,0.9333333333333333,0.5166666666666667,0.6333333333333333,0.65,0.7,0.6333333333333333,0.7,0.45,0.43333333333333335,0.5833333333333334,0.8,0.7833333333333333,1.0,0.8166666666666667,0.9166666666666666,0.48333333333333334,0.48333333333333334,0.5,0.55,0.03333333333333333,0.08333333333333333,0.3,0.15,0.3333333333333333,0.08333333333333333,0.8,0.7666666666666667,0.9666666666666667,0.26666666666666666,1
2025-02-01,75561.0,101.0993,75.523,-146733.0,1.39,20413.875,122.62,125.145,616636.0,7242.0,225000.0,8.266666666666667,30.89,6.842499999999999,1446.0,1.082295988934993,2671.3271,21613.5,4.33,319.679,259.498,4.3,2.72766223,4.22,4.19,4.19,4.21,4.28,4.45,2.7085,0.24,0.12,127.8758,1.1069293779056897,0.0065975420197451244,1.2542,1.0413,0.6993496048674733,189.497,166.01,2894.725,71.53,568.097,3.746,5954.5,18847.279296875,43840.91015625,37155.5,8111.6298828125,921.9199829101562,4420.509765625,25393.5,22941.3203125,8809.7001953125,22551.4296875,69.61356,64.7,0.27581,0.47800675,-0.801413661041378,-0.7046749999999999,-0.496,136.9805908203125,138.7676544189453,140.7871551513672,328.42607142857145,228.81199618968589,2583.898793046654,16.968,0.5833333333333334,0.6333333333333333,0.2833333333333333,0.9833333333333333,0.5166666666666667,0.3333333333333333,0.5166666666666667,0.3333333333333333,0.4,0.4166666666666667,0.6833333333333333,0.7333333333333333,0.2,0.43333333333333335,0.2,0.8333333333333334,0.18333333333333332,0.45,0.6166666666666667,0.3,0.55,0.6666666666666666,0.75,0.5833333333333334,0.5833333333333334,0.5666666666666667,0.6333333333333333,0.8666666666666667,0.9166666666666666,0.03333333333333333,0.5666666666666667,0.4666666666666667,0.8166666666666667,0.2,0.7166666666666667,0.36666666666666664,0.3,0.16666666666666666,0.6166666666666667,0.43333333333333335,1.0,0.38333333333333336,0.6333333333333333,0.9,0.5166666666666667,0.36666666666666664,0.5833333333333334,0.15,0.4166666666666667,0.5,0.8333333333333334,0.75,1.0,0.8666666666666667,0.9,0.3333333333333333,0.3333333333333333,0.25,0.9,0.03333333333333333,0.25,0.31666666666666665,0.4,0.5166666666666667,0.31666666666666665,0.9,0.7,0.9333333333333333,0.3,1
2025-03-01,75781.0,101.0404,75.785,-162060.0,1.38,20547.128,123.575,125.267,625420.0,6952.0,223000.0,8.364125560538117,31.02,6.65,1492.0,1.061662198391421,2675.307,21693.7,4.33,319.785,258.525,5.0,2.18385272,4.2,4.1,4.06,3.97,4.04,4.28,3.1714285714285713,0.31,-0.06,126.243,1.131733816206428,0.006708815920825238,1.2913,1.0813,0.6965728615213151,182.834,158.892,2983.254761904762,68.24,583.964,4.135238095238095,5611.85009765625,17299.2890625,42001.76171875,35617.55859375,7790.7099609375,898.7999877929688,4335.419921875,24917.5,23119.580078125,8582.7998046875,22163.490234375,61.32879,57.0,0.2186055,0.5665425,-0.563789458631668,-0.455975,-0.43674999999999997,174.1120147705078,194.02442932128906,158.2345733642578,503.66709677419357,448.7396227273867,5912.107656695927,21.841428571428573,0.5833333333333334,0.6,0.31666666666666665,1.0,0.4666666666666667,0.5166666666666667,0.6833333333333333,0.21666666666666667,0.5,0.3,0.65,0.7833333333333333,0.21666666666666667,0.36666666666666664,0.5333333333333333,0.8,0.23333333333333334,0.5166666666666667,0.6166666666666667,0.2,0.5,0.9166666666666666,0.35,0.55,0.5166666666666667,0.5333333333333333,0.5666666666666667,0.7166666666666667,0.8333333333333334,0.16666666666666666,0.6,0.43333333333333335,0.7833333333333333,0.45,0.8333333333333334,0.48333333333333334,0.5,0.15,0.5333333333333333,0.4,0.9666666666666667,0.2833333333333333,0.55,0.9666666666666667,0.2833333333333333,0.25,0.4,0.03333333333333333,0.26666666666666666,0.31666666666666665,0.7333333333333333,0.65,1.0,0.5833333333333334,0.7166666666666667,0.08333333333333333,0.08333333333333333,0.05,1.0,0.25,0.55,0.43333333333333335,0.6666666666666666,0.85,0.4666666666666667,0.9666666666666667,0.9833333333333333,1.0,0.6166666666666667,1
2025-04-01,74631.0,101.1279,75.6285,-86522.0,1.38,20658.839,123.748,125.502,623635.0,7098.0,225750.0,8.30343300110742,31.09,6.725,1445.0,1.0235294117647058,2668.9914,21775.7,4.33,320.302,258.392,6.5,2.88718559,4.21,4.05,3.95,3.78,3.91,4.28,4.034090909090909,0.5,-0.04,124.1402,1.1994722322178242,0.0069382482033406275,1.3144,1.1232,0.7152564194263644,191.726,156.315,3207.4825,63.54,585.297,3.403636363636364,5569.06005859375,17446.33984375,40669.359375,36045.37890625,7593.8701171875,877.8900146484375,4429.509765625,24841.69921875,22119.41015625,8494.900390625,22496.98046875,56.16426,52.2,0.24413125,0.583165,0.100286374581645,0.057725000000000026,-0.3895,140.97369384765625,159.25746154785156,132.05572509765625,560.876,452.76531630601676,7955.64698244133,31.966190476190473,0.5333333333333333,0.6666666666666666,0.26666666666666666,0.06666666666666667,0.48333333333333334,0.7666666666666667,0.6666666666666666,0.2,0.48333333333333334,0.6,0.7333333333333333,0.7333333333333333,0.2,0.3333333333333333,0.43333333333333335,0.7333333333333333,0.21666666666666667,0.55,0.6166666666666667,0.18333333333333332,0.43333333333333335,1.0,0.8333333333333334,0.5666666666666667,0.5,0.5,0.5,0.6333333333333333,0.8333333333333334,0.6166666666666667,0.6833333333333333,0.45,0.5,0.9166666666666666,1.0,0.7333333333333333,0.7333333333333333,0.4,0.6,0.4166666666666667,0.95,0.16666666666666666,0.45,0.8333333333333334,0.3333333333333333,0.31666666666666665,0.45,0.11666666666666667,0.26666666666666666,0.25,0.7333333333333333,0.6666666666666666,0.9333333333333333,0.4666666666666667,0.8,0.05,0.05,0.16666666666666666,1.0,0.8,0.9,0.5666666666666667,0.3,0.38333333333333336,0.3,0.9833333333333333,0.9166666666666666,1.0,1.0,1
2025-05-01,76049.0,100.9655,75.468,-96955.0,1.39,20514.16,123.575,125.79,618037.0,7310.0,231800.0,8.225194132873167,31.2,6.816,1416.0,1.0805084745762712,2679.5426,21834.0,4.33,320.62,258.678,6.6,2.69133727,4.25,4.13,4.09,3.92,4.02,4.42,3.354347826086957,0.5,0.06,122.3422,1.2049644535486204,0.006902444984062254,1.3358,1.1274,0.7211365111415591,175.587,147.548,3277.9900000000002,62.17,584.529,3.457272727272727,5911.68994140625,19113.76953125,42270.0703125,37965.1015625,7751.89013671875,922.9299926757812,4502.080078125,26175.099609375,23289.76953125,8772.400390625,23997.48046875,56.16426,52.2,0.3138388,0.4676286,-0.512105630786364,-0.5463,-0.4378,166.0472412109375,203.87728881835938,149.2124481201172,499.3090322580645,422.14241463187597,5780.037065701709,20.46227272727273,0.6166666666666667,0.55,0.23333333333333334,0.25,0.5666666666666667,0.31666666666666665,0.43333333333333335,0.26666666666666666,0.2833333333333333,0.5833333333333334,0.6833333333333333,0.6666666666666666,0.15,0.3333333333333333,0.5,0.8333333333333334,0.25,0.55,0.6166666666666667,0.18333333333333332,0.48333333333333334,1.0,0.6833333333333333,0.6,0.5166666666666667,0.5333333333333333,0.5166666666666667,0.7,0.9,0.38333333333333336,0.6833333333333333,0.48333333333333334,0.4666666666666667,0.95,1.0,0.75,0.7166666666666667,0.4666666666666667,0.4166666666666667,0.2,0.9666666666666667,0.2,0.25,0.6,0.38333333333333336,0.3333333333333333,0.48333333333333334,0.21666666666666667,0.26666666666666666,0.31666666666666665,0.75,0.7166666666666667,0.95,0.55,0.9333333333333333,0.15,0.15,0.43333333333333335,0.8666666666666667,0.26666666666666666,0.43333333333333335,0.43333333333333335,0.6333333333333333,0.8333333333333334,0.4666666666666667,1.0,0.9833333333333333,0.9333333333333333,0.5666666666666667,1
2025-06-01,75608.0,101.4785,75.6385,-85567.0,1.38,20494.762,123.894,126.121,624146.0,7204.0,239000.0,8.160041841004183,31.31,6.8175,1399.0,0.9807005003573981,2685.2841,21938.8,4.33,321.435,260.491,5.0,2.38054202,4.23,4.14,4.06,3.89,3.96,4.38,3.125238095238095,0.49,-0.04,120.5939,1.2297097884899164,0.0069212055355801876,1.3577,1.1534,0.7316359379572724,176.261,152.821,3352.002380952381,68.17,599.068,3.677142857142857,6204.9501953125,20369.73046875,44094.76953125,40487.390625,7665.91015625,913.280029296875,4476.02001953125,26857.099609375,24072.279296875,8761.0,23909.609375,65.30978,60.7,0.3440125,0.39174875,-0.618682526875448,-0.7347250000000001,-0.4865,221.13490295410156,286.4390869140625,182.07473754882812,399.6626666666667,288.2290763325006,3537.469868426475,18.403333333333336,0.5666666666666667,0.5666666666666667,0.26666666666666666,0.05,0.5,0.31666666666666665,0.4166666666666667,0.2833333333333333,0.4166666666666667,0.6333333333333333,0.6,0.65,0.16666666666666666,0.38333333333333336,0.31666666666666665,0.6333333333333333,0.25,0.5833333333333334,0.6166666666666667,0.26666666666666666,0.5333333333333333,0.8833333333333333,0.38333333333333336,0.5666666666666667,0.5166666666666667,0.5166666666666667,0.5,0.65,0.8666666666666667,0.13333333333333333,0.6666666666666666,0.4666666666666667,0.23333333333333334,0.95,1.0,0.8166666666666667,0.8333333333333334,0.7166666666666667,0.45,0.3333333333333333,1.0,0.3,0.4,0.55,0.4,0.35,0.5833333333333334,0.35,0.4166666666666667,0.21666666666666667,0.7666666666666667,0.8166666666666667,0.9666666666666667,0.5666666666666667,0.9333333333333333,0.4666666666666667,0.4666666666666667,0.5,0.6666666666666666,0.23333333333333334,0.15,0.35,0.9333333333333333,0.9666666666666667,0.7,0.9666666666666667,1.0,0.9333333333333333,0.43333333333333335,1
2025-07-01,76154.0,101.894,75.9194,-102547.0,1.37,20596.762,124.505,126.43,628747.0,7089.0,221500.0,8.79119638826185,31.39,6.720000000000001,1400.0,1.04,2674.3178,22020.0,4.33,322.169,262.358,4.5,2.78904728,4.25,4.13,4.08,3.88,3.95,4.39,2.889130434782609,0.51,-0.02,120.1127,1.2517211165352358,0.006793413649598441,1.3489,1.1671,0.7304068366079907,164.423,147.993,3338.3130434782606,68.39,609.904,3.31,6339.39013671875,21122.44921875,44130.98046875,41069.8203125,7771.97021484375,902.0599975585938,4636.1201171875,27259.80078125,24773.330078125,9132.7998046875,24065.470703125,66.38573,61.7,0.4055446,0.34955379999999997,-0.736442036243483,-0.7856,-0.5115000000000001,134.2220001220703,156.11004638671875,119.33242797851562,371.98516129032254,342.21047829629805,3371.643927258447,16.381304347826084,0.5833333333333334,0.7833333333333333,0.35,0.3,0.4166666666666667,0.35,0.45,0.3,0.35,0.6166666666666667,0.38333333333333336,0.95,0.13333333333333333,0.35,0.38333333333333336,0.75,0.21666666666666667,0.6,0.6166666666666667,0.2833333333333333,0.55,0.6166666666666667,0.75,0.6,0.5,0.5166666666666667,0.48333333333333334,0.6333333333333333,0.8833333333333333,0.08333333333333333,0.7166666666666667,0.48333333333333334,0.23333333333333334,1.0,0.9666666666666667,0.6666666666666666,0.85,0.7,0.4666666666666667,0.45,0.95,0.23333333333333334,0.43333333333333335,0.6333333333333333,0.45,0.43333333333333335,0.43333333333333335,0.38333333333333336,0.4166666666666667,0.16666666666666666,0.65,0.7,1.0,0.6666666666666666,0.9166666666666666,0.5166666666666667,0.5166666666666667,0.6333333333333333,0.5333333333333333,0.1,0.1,0.26666666666666666,0.7666666666666667,0.8333333333333334,0.5,0.9,0.95,0.8666666666666667,0.26666666666666666,1
2025-08-01,76806.0,101.6247,75.8608,-85594.0,1.37,20643.762,124.869,126.714,632149.0,6919.0,229600.0,8.453832752613241,31.49,6.5875,1347.0,1.1492204899777283,2685.1998,22086.9,4.33,323.291,262.11,4.8,2.68936045,4.12,3.94,3.89,3.7,3.79,4.26,2.902727272727273,0.56,-0.04,120.5758,1.2410027302060065,0.006780644785073902,1.3456,1.1647,0.7247952453431906,148.839,140.763,3362.9925000000003,64.86,601.081,2.893809523809524,6460.259765625,21455.55078125,45544.87890625,42718.46875,7703.89990234375,896.6199951171875,4798.5498046875,28564.5,25077.619140625,9187.2998046875,23902.2109375,62.61992,58.2,0.32549575,0.43408275,-0.809386522802259,-0.6862,-0.525,138.56211853027344,160.41519165039062,120.87979125976562,306.94483870967747,288.02985697881786,2727.1536068089945,15.75,0.6166666666666667,0.7166666666666667,0.31666666666666665,0.11666666666666667,0.4166666666666667,0.36666666666666664,0.5166666666666667,0.31666666666666665,0.5333333333333333,0.4666666666666667,0.5333333333333333,0.85,0.1,0.43333333333333335,0.18333333333333332,0.9333333333333333,0.23333333333333334,0.6,0.6166666666666667,0.31666666666666665,0.5833333333333334,0.7666666666666667,0.65,0.45,0.43333333333333335,0.43333333333333335,0.43333333333333335,0.5333333333333333,0.75,0.1,0.7333333333333333,0.48333333333333334,0.3333333333333333,0.6666666666666666,0.7833333333333333,0.6,0.7166666666666667,0.5333333333333333,0.4166666666666667,0.4666666666666667,0.8833333333333333,0.2833333333333333,0.5666666666666667,0.5666666666666667,0.43333333333333335,0.45,0.48333333333333334,0.4666666666666667,0.3333333333333333,0.16666666666666666,0.7166666666666667,0.8,0.9666666666666667,0.6666666666666666,0.8166666666666667,0.36666666666666664,0.36666666666666664,0.4,0.7666666666666667,0.03333333333333333,0.3,0.26666666666666666,0.4,0.6833333333333333,0.21666666666666667,0.9166666666666666,0.8333333333333334,0.85,0.2,1
2025-09-01,77591.0,101.668,75.798,-77760.0,1.37,20670.742,125.007,126.954,632395.0,7169.0,234000.0,8.216880341880342,31.56,6.3525,1444.0,0.9598337950138505,2693.9295,22170.3,4.22,324.245,262.054,4.7,2.80359931,3.92,3.75,3.66,3.57,3.66,4.12,2.788181818181818,0.55,0.05,120.0291,1.256123602562492,0.00676302169103947,1.3506,1.1739,0.7228567297961545,158.554,139.892,3665.1954545454546,63.96,564.284,3.015,6688.4599609375,22660.009765625,46397.890625,44932.62890625,7895.93994140625,942.780029296875,4820.56982421875,30022.80078125,26855.560546875,9350.400390625,23880.720703125,59.2845,55.1,0.36026775,0.436041,-0.848695741909991,-0.530025,-0.527,125.86952209472656,141.8061065673828,114.78914642333984,341.923,374.76442150085103,3767.4312903571195,15.789090909090909,0.6166666666666667,0.75,0.2833333333333333,0.03333333333333333,0.4166666666666667,0.36666666666666664,0.31666666666666665,0.25,0.38333333333333336,0.7,0.7333333333333333,0.6833333333333333,0.05,0.43333333333333335,0.6,0.5333333333333333,0.23333333333333334,0.6,0.4666666666666667,0.36666666666666664,0.6,0.7,0.7666666666666667,0.43333333333333335,0.4166666666666667,0.4,0.4,0.4666666666666667,0.6666666666666666,0.08333333333333333,0.7166666666666667,0.5333333333333333,0.35,0.6666666666666666,0.6,0.48333333333333334,0.7333333333333333,0.38333333333333336,0.45,0.4166666666666667,0.9666666666666667,0.35,0.35,0.4666666666666667,0.5,0.5166666666666667,0.48333333333333334,0.6,0.4166666666666667,0.36666666666666664,0.6,0.8666666666666667,0.8833333333333333,0.7833333333333333,0.7,0.16666666666666666,0.16666666666666666,0.5,0.7833333333333333,0.016666666666666666,0.5166666666666667,0.26666666666666666,0.36666666666666664,0.48333333333333334,0.31666666666666665,0.9333333333333333,0.9,0.9,0.21666666666666667,1
2025-10-01,77948.0,101.2195,75.1411,-58577.0,1.38,20618.545,125.271,127.243,631346.0,7170.0,226750.0,8.588754134509372,31.7,6.254,1418.0,1.0007052186177716,2692.5473,22245.1,4.09,324.245,260.591,4.6,2.72759763,3.82,3.68,3.61,3.52,3.65,4.06,2.924782608695652,0.54,0.08,120.7618,1.2539184952978057,0.006607005407833926,1.3357,1.1641,0.714898484415213,156.143,136.924,4053.276086956522,60.89,611.849,3.353478260869565,6840.2001953125,23724.9609375,47562.87109375,52411.33984375,8121.06982421875,971.4600219726562,4902.3701171875,30260.69921875,25906.650390625,9717.2998046875,23958.30078125,57.67058,53.6,0.4066776,0.4008218,-0.533845785157756,-0.46432,-0.5192,154.51292419433594,167.99813842773438,151.54867553710938,354.1867741935484,244.7246773608502,2558.2798789458197,18.086521739130436,0.65,0.7333333333333333,0.1,0.016666666666666666,0.5,0.3333333333333333,0.35,0.15,0.3333333333333333,0.6166666666666667,0.45,0.9333333333333333,0.1,0.2833333333333333,0.4666666666666667,0.6333333333333333,0.21666666666666667,0.6333333333333333,0.43333333333333335,0.23333333333333334,0.5833333333333334,0.6333333333333333,0.6833333333333333,0.4166666666666667,0.4,0.38333333333333336,0.38333333333333336,0.45,0.6333333333333333,0.13333333333333333,0.7166666666666667,0.5666666666666667,0.2833333333333333,0.7666666666666667,0.7833333333333333,0.5,0.7666666666666667,0.45,0.45,0.3,1.0,0.25,0.5166666666666667,0.48333333333333334,0.5833333333333334,0.7333333333333333,0.6333333333333333,0.9166666666666666,0.6666666666666666,0.5333333333333333,0.7666666666666667,0.8666666666666667,0.8833333333333333,0.9666666666666667,0.7333333333333333,0.15,0.15,0.6333333333333333,0.7,0.3333333333333333,0.6333333333333333,0.3,0.5,0.6833333333333333,0.4166666666666667,0.9,0.8166666666666667,0.8333333333333334,0.48333333333333334,1
2025-11-01,78621.0,101.0344,74.9686,-83634.0,1.37,20621.089,125.394,127.469,634477.0,6846.0,222400.0,8.690647482014388,31.79,6.2375,1414.0,1.0205091937765205,2698.2388,22277.4,3.88,325.063,261.914,4.5,2.70387514,3.78,3.69,3.66,3.55,3.67,4.09,3.04,0.54,0.15,121.4177,1.2442453651860148,0.006445745195824962,1.3139,1.1558,0.7114399544678429,166.597,145.93,4082.9525000000003,60.06,632.545,4.4635,6849.08984375,23365.689453125,47716.421875,50253.91015625,8122.7099609375,943.3699951171875,5036.85986328125,31382.80078125,25858.890625,9720.5,23836.7890625,54.87313,51.0,0.33546375,0.42919324999999997,-0.732949426988272,-0.33585,-0.50825,104.33865356445312,118.68241119384766,88.68616485595703,335.877,261.6806009177123,3178.6687399548514,19.7695,0.6333333333333333,0.7166666666666667,0.1,0.06666666666666667,0.4,0.31666666666666665,0.2,0.25,0.2833333333333333,0.43333333333333335,0.6166666666666667,0.9833333333333333,0.13333333333333333,0.15,0.2833333333333333,0.65,0.23333333333333334,0.55,0.4166666666666667,0.2,0.5833333333333334,0.5666666666666667,0.6333333333333333,0.4,0.4,0.4,0.38333333333333336,0.4666666666666667,0.6333333333333333,0.16666666666666666,0.7333333333333333,0.6166666666666667,0.11666666666666667,0.9166666666666666,0.8166666666666667,0.5666666666666667,0.9,0.6,0.43333333333333335,0.5333333333333333,1.0,0.2833333333333333,0.6833333333333333,0.6,0.35,0.48333333333333334,0.3333333333333333,0.85,0.6833333333333333,0.4166666666666667,0.8,0.7666666666666667,0.9166666666666666,0.8833333333333333,0.6333333333333333,0.1,0.1,0.43333333333333335,0.75,0.15,0.8,0.31666666666666665,0.18333333333333332,0.25,0.18333333333333332,0.7666666666666667,0.55,0.6333333333333333,0.5833333333333334,1
2025-12-01,79262.0,101.5203,74.7869,-99246.0,1.36,20597.318,125.507,127.886,634830.0,6550.0,219250.0,8.616875712656784,31.83,6.1899999999999995,1482.0,0.9871794871794872,2706.614,22353.5,3.72,326.031,261.333,4.2,3.19286884,3.59,3.53,3.54,3.5,3.7,4.14,2.8918181818181816,0.64,0.46,120.1883,1.254862592546116,0.0064137510823204956,1.3387,1.171,0.7249003262051468,171.418,144.812,4289.484210526316,57.97,658.833,4.431363636363636,6845.5,23241.990234375,48063.2890625,50339.48046875,8149.5,951.2899780273438,5078.43017578125,31712.80078125,25630.5390625,9931.400390625,24490.41015625,56.91742,52.9,0.4261555,0.32343475,-0.708812161638332,-0.42374999999999996,-0.52175,130.9558563232422,144.90623474121094,121.78854370117188,351.91709677419357,247.62309997785465,3115.9806286096605,15.548181818181819,0.65,0.6666666666666666,0.08333333333333333,0.08333333333333333,0.31666666666666665,0.2833333333333333,0.06666666666666667,0.3333333333333333,0.21666666666666667,0.43333333333333335,0.55,0.9333333333333333,0.05,0.16666666666666666,0.6333333333333333,0.5833333333333334,0.38333333333333336,0.6,0.38333333333333336,0.15,0.5666666666666667,0.48333333333333334,0.8833333333333333,0.36666666666666664,0.35,0.35,0.35,0.48333333333333334,0.6666666666666666,0.11666666666666667,0.7833333333333333,0.6833333333333333,0.08333333333333333,1.0,0.7333333333333333,0.75,1.0,0.8333333333333334,0.4,0.4666666666666667,1.0,0.15,0.8166666666666667,0.45,0.5,0.45,0.5833333333333334,0.7666666666666667,0.6333333333333333,0.45,0.7833333333333333,0.9166666666666666,0.8666666666666667,0.9833333333333333,0.6666666666666666,0.11666666666666667,0.11666666666666667,0.7833333333333333,0.45,0.23333333333333334,0.6833333333333333,0.26666666666666666,0.3,0.5833333333333334,0.2,0.8166666666666667,0.5833333333333334,0.6333333333333333,0.2,1
2026-01-01,78990.0,101.4737,75.1392,-82137.0,1.35,20622.476,125.462,128.432,634949.0,7240.0,211800.0,8.747875354107649,31.94,6.1025,1393.0,1.0330222541277818,2736.2777,22429.3,3.64,326.588,263.537,4.0,2.58639537,3.57,3.51,3.51,3.54,3.78,4.21,2.7404545454545453,0.67,0.54,119.2298,1.266784899923993,0.006383637460461345,1.3536,1.1744,0.7261636772928618,161.882,144.068,4744.4571428571435,60.04,706.344,4.144545454545455,6939.02978515625,23461.8203125,48892.46875,53322.8515625,8126.52978515625,1001.6500244140625,5385.3798828125,31923.5,27387.109375,10223.5,24538.810546875,60.68322,56.4,0.44318920000000006,0.2975922,-0.658744554978978,-0.6509,-0.5599999999999999,168.62986755371094,220.17141723632812,100.22209930419922,349.7509677419355,302.97042549943427,2244.0960861502485,16.17904761904762,0.5333333333333333,0.7,0.13333333333333333,0.016666666666666666,0.3,0.26666666666666666,0.15,0.4166666666666667,0.38333333333333336,0.6666666666666666,0.5666666666666667,0.9833333333333333,0.05,0.06666666666666667,0.35,0.7,0.7666666666666667,0.6166666666666667,0.36666666666666664,0.08333333333333333,0.5,0.4,0.4,0.35,0.3333333333333333,0.3333333333333333,0.36666666666666664,0.5166666666666667,0.7166666666666667,0.06666666666666667,0.8,0.7,0.05,1.0,0.8833333333333333,0.9333333333333333,1.0,0.8666666666666667,0.31666666666666665,0.4666666666666667,1.0,0.15,0.8333333333333334,0.4,0.4666666666666667,0.43333333333333335,0.45,0.9166666666666666,0.3,0.4666666666666667,0.8666666666666667,0.8166666666666667,0.9166666666666666,0.8666666666666667,0.35,0.23333333333333334,0.23333333333333334,0.85,0.36666666666666664,0.3,0.4166666666666667,0.18333333333333332,0.7833333333333333,0.8833333333333333,0.31666666666666665,0.7333333333333333,0.5666666666666667,0.48333333333333334,0.31666666666666665,1
2026-02-01,80235.0,102.1009,75.3857,-84623.0,1.33,20529.9,125.813,128.94,641038.0,6922.0,215750.0,8.586326767091542,32.04,6.0475,1540.0,0.8597402597402597,2787.9059,22627.0,3.64,327.46,269.909,3.4,2.58569815,3.6,3.52,3.48,3.47,3.68,4.13,2.9195238095238096,0.66,0.44,117.906,1.2938284383490748,0.006447386745204434,1.3579,1.1824,0.7327080890973037,167.658,147.464,5019.532499999999,64.51,703.727,3.1475,6878.8798828125,22668.2109375,48977.921875,58850.26953125,8580.75,1027.02001953125,5443.759765625,34340.0,26630.5390625,10910.599609375,25284.259765625,60.89841,56.6,0.36480825,0.3595855,-0.565693113831745,-0.5488500000000001,-0.5325,120.74515533447266,157.46743774414062,81.67977142333984,360.2289285714286,258.45824462249567,3051.5995866672656,19.207,0.65,0.5666666666666667,0.2,0.03333333333333333,0.25,0.23333333333333334,0.4166666666666667,0.38333333333333336,0.48333333333333334,0.6333333333333333,0.45,0.8666666666666667,0.05,0.06666666666666667,0.8,0.31666666666666665,0.8,0.7166666666666667,0.36666666666666664,0.1,0.6166666666666667,0.3333333333333333,0.38333333333333336,0.36666666666666664,0.3333333333333333,0.31666666666666665,0.31666666666666665,0.43333333333333335,0.6333333333333333,0.16666666666666666,0.8,0.6833333333333333,0.05,1.0,0.7,0.8833333333333333,1.0,0.8833333333333333,0.36666666666666664,0.45,0.9833333333333333,0.35,0.8333333333333334,0.3333333333333333,0.48333333333333334,0.4666666666666667,0.5,1.0,0.43333333333333335,0.55,0.8333333333333334,0.9833333333333333,0.65,0.9833333333333333,0.3,0.38333333333333336,0.38333333333333336,0.5333333333333333,0.5833333333333334,0.36666666666666664,0.48333333333333334,0.21666666666666667,0.26666666666666666,0.5666666666666667,0.06666666666666667,0.6,0.4666666666666667,0.45,0.5833333333333334,1
2026-03-01,83296.0,101.806,75.387,-88712.0,1.32,20495.708,126.21,129.321,653040.0,6887.0,208000.0,8.757211538461538,32.12,6.1775,1363.0,1.0139398385913427,2830.8441,22686.4,3.64,330.293,276.42,3.8,2.29529521,3.61,3.58,3.67,3.71,3.85,4.25,3.1872727272727275,0.54,0.53,119.9199,1.2701638511367968,0.006301884200357064,1.3339,1.1557,0.7288629737609329,173.455,165.614,4862.172727272728,91.38,726.007,3.035909090909091,6528.52001953125,21590.630859375,46341.51171875,51063.71875,7816.93994140625,959.7999877929688,5073.1201171875,32768.0,24788.140625,10176.5,22680.0390625,57.3478,53.3,0.31873975,0.459298,-0.588682597243943,-0.317125,-0.46925,326.9891052246094,316.3792724609375,445.2544860839844,406.2525806451613,277.69959110676547,2194.9699088787365,25.596818181818183,0.7833333333333333,0.4666666666666667,0.21666666666666667,0.03333333333333333,0.23333333333333334,0.18333333333333332,0.13333333333333333,0.48333333333333334,0.55,0.7,0.36666666666666664,0.9833333333333333,0.05,0.18333333333333332,0.2,0.6166666666666667,0.8,0.7166666666666667,0.36666666666666664,0.4666666666666667,0.6666666666666666,0.36666666666666664,0.21666666666666667,0.36666666666666664,0.35,0.4,0.43333333333333335,0.55,0.7333333333333333,0.38333333333333336,0.75,0.7166666666666667,0.11666666666666667,0.9666666666666667,0.5,0.5666666666666667,0.7833333333333333,0.8833333333333333,0.43333333333333335,0.6833333333333333,0.9666666666666667,0.7166666666666667,0.85,0.21666666666666667,0.5166666666666667,0.6,0.48333333333333334,0.9666666666666667,0.23333333333333334,0.4,0.7166666666666667,0.9666666666666667,0.6333333333333333,0.8833333333333333,0.2,0.5333333333333333,0.5333333333333333,0.38333333333333336,0.85,0.35,0.8,0.4,0.9166666666666666,0.8,0.9833333333333333,0.3,0.23333333333333334,0.23333333333333334,0.8833333333333333,1
2026-04-01,82487.0,102.4963,75.7829,-88712.0,1.32,20414.119,126.346,129.63,656115.0,7618.0,207750.0,8.605294825511432,32.23,6.332,1423.0,1.0182712579058328,2874.0145,22804.5,3.64,332.407,283.764,4.7,3.27639808,3.61,3.59,3.69,3.8,3.94,4.32,2.9254545454545453,0.52,0.62,119.0363,1.2696800406297613,0.006284671748452242,1.3454,1.1697,0.7270612185546024,171.879,168.735,4723.875,100.32,729.83,2.682727272727273,7209.009765625,24892.310546875,49652.140625,59284.921875,8114.83984375,1014.0900268554688,5352.669921875,33964.30078125,25776.529296875,10378.7998046875,24292.380859375,53.582,49.8,0.3704552,0.4226216,-0.713928592631535,-0.57855,-0.477,230.770751953125,252.26490783691406,285.34808349609375,345.614,196.7034843652074,1721.7167120372148,19.811904761904763,0.8,0.7,0.31666666666666665,0.5166666666666667,0.23333333333333334,0.13333333333333333,0.11666666666666667,0.48333333333333334,0.6833333333333333,0.7666666666666667,0.35,0.8666666666666667,0.05,0.2,0.5166666666666667,0.6166666666666667,0.8333333333333334,0.75,0.36666666666666664,0.5833333333333334,0.7,0.7,0.9,0.36666666666666664,0.35,0.4,0.45,0.6,0.8,0.2,0.7166666666666667,0.7666666666666667,0.13333333333333333,0.6166666666666667,0.35,0.5,0.6833333333333333,0.8166666666666667,0.38333333333333336,0.7166666666666667,0.9,0.8,0.8666666666666667,0.26666666666666666,0.8833333333333333,0.95,0.8666666666666667,1.0,0.5,0.7,0.8333333333333334,1.0,0.7,0.9666666666666667,0.25,0.5666666666666667,0.5666666666666667,0.5666666666666667,0.7,0.21666666666666667,0.43333333333333335,0.38333333333333336,0.8333333333333334,0.7666666666666667,0.8333333333333334,0.16666666666666666,0.13333333333333333,0.13333333333333333,0.6333333333333333,1
2026-05-01,82487.0,102.4963,75.7829,-88712.0,1.32,20414.119,126.346,129.63,656115.0,7618.0,211600.0,8.399102079395085,32.31,6.4425,1423.0,1.0182712579058328,2874.0145,22804.5,3.63,332.407,283.764,4.7,3.53651546,3.6,3.62,3.79,4.0,4.15,4.48,2.773636363636364,0.48,0.79,118.7792,1.2764871074802144,0.006322991027675732,1.3498,1.1681,0.7290223809870964,171.879,168.735,4685.738888888889,102.13,729.83,2.897692307692308,7580.06005859375,26972.619140625,51032.4609375,66329.5,8183.33984375,1034.9300537109375,5583.39013671875,34769.1015625,25182.390625,10409.2998046875,25104.69921875,53.582,49.8,0.388181,0.347802,-0.88437352462311,-0.72342,-0.5008,230.770751953125,252.26490783691406,285.34808349609375,373.148064516129,196.7034843652074,1721.7167120372148,17.237142857142857,0.7333333333333333,0.7333333333333333,0.3333333333333333,0.31666666666666665,0.23333333333333334,0.15,0.21666666666666667,0.38333333333333336,0.7166666666666667,0.75,0.3333333333333333,0.7333333333333333,0.03333333333333333,0.2,0.6333333333333333,0.6166666666666667,0.8,0.7166666666666667,0.3,0.55,0.7,0.7,0.95,0.3333333333333333,0.35,0.4,0.5666666666666667,0.75,0.9333333333333333,0.1,0.6333333333333333,0.7833333333333333,0.21666666666666667,0.6333333333333333,0.4,0.4166666666666667,0.6666666666666666,0.8,0.5333333333333333,0.7333333333333333,0.85,0.8666666666666667,0.8833333333333333,0.36666666666666664,0.85,0.9333333333333333,0.85,1.0,0.45,0.6166666666666667,0.9,0.95,0.65,0.8666666666666667,0.21666666666666667,0.5833333333333334,0.5833333333333334,0.6166666666666667,0.45,0.016666666666666666,0.23333333333333334,0.2833333333333333,0.6833333333333333,0.6166666666666667,0.7333333333333333,0.21666666666666667,0.15,0.2,0.4,1
